8000
-4.4327 -6.6587 -11.7893 0.0000 0.0000 0.0000
-4.6740 -7.2539 -12.3075 0.0000 0.0000 0.0000
-4.5952 -6.8469 -11.6351 0.0000 0.0000 0.0000
-4.5314 -7.3573 -12.3053 0.0000 0.0000 0.0000
-4.8974 -7.3185 -11.6661 0.0000 0.0000 0.0000
-4.3693 -7.0519 -11.8070 0.0000 0.0000 0.0000
-4.8054 -7.3475 -11.6335 0.0000 0.0000 0.0000
-4.1114 -7.2101 -12.2305 0.0000 0.0000 0.0000
-4.1522 -6.6570 -10.8962 0.0000 0.0000 0.0000
-4.7810 -7.2627 -10.8848 0.0000 0.0000 0.0000
-4.7643 -6.9386 -10.9939 0.0000 0.0000 0.0000
-4.6941 -7.1261 -11.2167 0.0000 0.0000 0.0000
-4.5410 -6.8795 -10.7077 0.0000 0.0000 0.0000
-4.2920 -7.2406 -10.8649 0.0000 0.0000 0.0000
-4.6968 -6.8645 -10.9653 0.0000 0.0000 0.0000
-4.2920 -7.3030 -11.1128 0.0000 0.0000 0.0000
-4.4439 -7.2673 -9.7651 0.0000 0.0000 0.0000
-4.2996 -7.3660 -10.3475 0.0000 0.0000 0.0000
-4.3093 -6.6444 -9.6330 0.0000 0.0000 0.0000
-4.5541 -7.0640 -10.1504 0.0000 0.0000 0.0000
-4.6305 -6.9923 -10.3526 0.0000 0.0000 0.0000
-4.6981 -6.8785 -9.9554 0.0000 0.0000 0.0000
-4.8658 -6.9525 -9.7265 0.0000 0.0000 0.0000
-4.2852 -6.8581 -10.2513 0.0000 0.0000 0.0000
-4.5811 -6.8466 -9.3366 0.0000 0.0000 0.0000
-4.2519 -7.2392 -9.3258 0.0000 0.0000 0.0000
-4.5246 -7.1301 -9.0081 0.0000 0.0000 0.0000
-4.7881 -6.6627 -8.9791 0.0000 0.0000 0.0000
-4.3997 -7.2610 -8.6279 0.0000 0.0000 0.0000
-4.7056 -6.7686 -8.9319 0.0000 0.0000 0.0000
-4.8245 -6.7686 -9.3085 0.0000 0.0000 0.0000
-4.7252 -6.8709 -8.8859 0.0000 0.0000 0.0000
-4.2196 -6.7111 -8.3279 0.0000 0.0000 0.0000
-4.8036 -6.6052 -8.0919 0.0000 0.0000 0.0000
-4.8921 -7.0190 -7.6470 0.0000 0.0000 0.0000
-4.1940 -6.8158 -8.1614 0.0000 0.0000 0.0000
-4.5131 -7.2618 -7.8258 0.0000 0.0000 0.0000
-4.1515 -7.2262 -8.2764 0.0000 0.0000 0.0000
-4.7063 -7.1843 -8.1434 0.0000 0.0000 0.0000
-4.7313 -6.9722 -7.6052 0.0000 0.0000 0.0000
-4.7718 -6.6935 -6.8214 0.0000 0.0000 0.0000
-4.4732 -6.6163 -6.6428 0.0000 0.0000 0.0000
-4.3822 -6.8288 -6.9176 0.0000 0.0000 0.0000
-4.8611 -7.1646 -7.2817 0.0000 0.0000 0.0000
-4.4385 -7.2067 -6.6400 0.0000 0.0000 0.0000
-4.1752 -6.9517 -6.8788 0.0000 0.0000 0.0000
-4.6641 -6.9712 -6.6915 0.0000 0.0000 0.0000
-4.2736 -6.6633 -6.7418 0.0000 0.0000 0.0000
-4.1541 -6.9999 -6.2669 0.0000 0.0000 0.0000
-4.7988 -6.6658 -6.3624 0.0000 0.0000 0.0000
-4.6677 -6.8140 -6.0515 0.0000 0.0000 0.0000
-4.5458 -6.9167 -6.1890 0.0000 0.0000 0.0000
-4.1911 -7.2054 -6.1233 0.0000 0.0000 0.0000
-4.1849 -6.6798 -6.2639 0.0000 0.0000 0.0000
-4.3621 -7.0598 -5.8154 0.0000 0.0000 0.0000
-4.4816 -6.6230 -6.1529 0.0000 0.0000 0.0000
-4.7730 -7.3147 -4.6962 0.0000 0.0000 0.0000
-4.5628 -7.2268 -5.1962 0.0000 0.0000 0.0000
-4.8740 -7.1965 -5.2772 0.0000 0.0000 0.0000
-4.4179 -6.8360 -5.1966 0.0000 0.0000 0.0000
-4.5955 -6.8815 -5.2083 0.0000 0.0000 0.0000
-4.7511 -7.1323 -4.8771 0.0000 0.0000 0.0000
-4.6373 -6.6330 -4.9854 0.0000 0.0000 0.0000
-4.8598 -7.0173 -4.9062 0.0000 0.0000 0.0000
-4.7040 -7.1733 -4.3304 0.0000 0.0000 0.0000
-4.4111 -6.7217 -3.9689 0.0000 0.0000 0.0000
-4.2290 -6.6463 -4.1704 0.0000 0.0000 0.0000
-4.5752 -6.8716 -4.0615 0.0000 0.0000 0.0000
-4.1470 -6.8706 -3.9539 0.0000 0.0000 0.0000
-4.8253 -7.3659 -4.0147 0.0000 0.0000 0.0000
-4.2255 -6.8932 -4.0497 0.0000 0.0000 0.0000
-4.6199 -7.3370 -4.1806 0.0000 0.0000 0.0000
-4.2433 -6.9946 -2.6691 0.0000 0.0000 0.0000
-4.5975 -7.0931 -2.6019 0.0000 0.0000 0.0000
-4.8234 -6.9784 -3.2832 0.0000 0.0000 0.0000
-4.1022 -6.7799 -2.9920 0.0000 0.0000 0.0000
-4.6194 -6.6466 -2.7481 0.0000 0.0000 0.0000
-4.2296 -7.2086 -2.6809 0.0000 0.0000 0.0000
-4.5547 -6.6068 -3.1105 0.0000 0.0000 0.0000
-4.3675 -6.8394 -3.3718 0.0000 0.0000 0.0000
-4.8450 -6.2447 -11.7038 0.0000 0.0000 0.0000
-4.5786 -5.9987 -12.3956 0.0000 0.0000 0.0000
-4.1511 -6.1875 -11.9681 0.0000 0.0000 0.0000
-4.2710 -6.1690 -11.8514 0.0000 0.0000 0.0000
-4.2487 -6.1682 -11.6321 0.0000 0.0000 0.0000
-4.2363 -5.6430 -11.8347 0.0000 0.0000 0.0000
-4.2639 -5.8914 -11.6551 0.0000 0.0000 0.0000
-4.8007 -5.7351 -11.8233 0.0000 0.0000 0.0000
-4.3355 -5.6022 -10.8815 0.0000 0.0000 0.0000
-4.8573 -6.2596 -10.6680 0.0000 0.0000 0.0000
-4.6344 -6.3627 -11.1697 0.0000 0.0000 0.0000
-4.3664 -6.0576 -11.1491 0.0000 0.0000 0.0000
-4.6443 -6.3293 -10.7548 0.0000 0.0000 0.0000
-4.3903 -5.7107 -11.2682 0.0000 0.0000 0.0000
-4.6442 -6.1405 -11.0385 0.0000 0.0000 0.0000
-4.3225 -6.1702 -11.0741 0.0000 0.0000 0.0000
-4.1040 -6.2101 -9.6395 0.0000 0.0000 0.0000
-4.1754 -5.8061 -9.8213 0.0000 0.0000 0.0000
-4.6504 -5.8576 -9.6043 0.0000 0.0000 0.0000
-4.1893 -6.2719 -10.1503 0.0000 0.0000 0.0000
-4.8899 -5.9116 -10.0001 0.0000 0.0000 0.0000
-4.3801 -6.0433 -9.9169 0.0000 0.0000 0.0000
-4.5353 -6.1349 -9.6669 0.0000 0.0000 0.0000
-4.2072 -6.1150 -9.7577 0.0000 0.0000 0.0000
-4.5327 -5.7644 -9.0296 0.0000 0.0000 0.0000
-4.2304 -6.0234 -9.1915 0.0000 0.0000 0.0000
-4.5583 -5.9482 -9.3017 0.0000 0.0000 0.0000
-4.6160 -5.7657 -8.8560 0.0000 0.0000 0.0000
-4.3465 -6.1266 -9.1589 0.0000 0.0000 0.0000
-4.6562 -5.7941 -9.3370 0.0000 0.0000 0.0000
-4.2906 -5.7369 -9.1897 0.0000 0.0000 0.0000
-4.5688 -5.8539 -8.8425 0.0000 0.0000 0.0000
-4.3238 -6.1538 -8.0844 0.0000 0.0000 0.0000
-4.6952 -5.7638 -8.0293 0.0000 0.0000 0.0000
-4.3713 -6.1269 -7.6315 0.0000 0.0000 0.0000
-4.5877 -5.9790 -8.0698 0.0000 0.0000 0.0000
-4.4396 -5.6907 -7.6066 0.0000 0.0000 0.0000
-4.4387 -5.6944 -8.3365 0.0000 0.0000 0.0000
-4.1323 -6.0975 -8.3109 0.0000 0.0000 0.0000
-4.2044 -6.0702 -7.8718 0.0000 0.0000 0.0000
-4.1882 -6.1230 -7.1150 0.0000 0.0000 0.0000
-4.3840 -6.2913 -7.1023 0.0000 0.0000 0.0000
-4.5527 -6.1087 -6.9186 0.0000 0.0000 0.0000
-4.7927 -5.7376 -6.8933 0.0000 0.0000 0.0000
-4.6599 -5.9387 -7.0202 0.0000 0.0000 0.0000
-4.3504 -6.2730 -6.7205 0.0000 0.0000 0.0000
-4.5016 -5.8939 -6.9329 0.0000 0.0000 0.0000
-4.8658 -5.7926 -7.0750 0.0000 0.0000 0.0000
-4.4766 -6.2083 -5.6880 0.0000 0.0000 0.0000
-4.4496 -5.7897 -6.3726 0.0000 0.0000 0.0000
-4.5643 -5.8581 -5.7802 0.0000 0.0000 0.0000
-4.5356 -6.0629 -5.6435 0.0000 0.0000 0.0000
-4.8869 -5.9643 -6.0167 0.0000 0.0000 0.0000
-4.4967 -6.3385 -5.8995 0.0000 0.0000 0.0000
-4.2545 -5.8834 -6.3575 0.0000 0.0000 0.0000
-4.5604 -5.8753 -6.0674 0.0000 0.0000 0.0000
-4.2264 -5.7149 -5.0618 0.0000 0.0000 0.0000
-4.4232 -5.8368 -4.9667 0.0000 0.0000 0.0000
-4.6041 -6.0691 -4.6415 0.0000 0.0000 0.0000
-4.9000 -6.2116 -5.1800 0.0000 0.0000 0.0000
-4.5237 -5.6663 -5.0362 0.0000 0.0000 0.0000
-4.3060 -5.8341 -4.9491 0.0000 0.0000 0.0000
-4.4042 -5.9305 -5.2029 0.0000 0.0000 0.0000
-4.3393 -6.3363 -5.0296 0.0000 0.0000 0.0000
-4.4976 -6.1486 -3.9963 0.0000 0.0000 0.0000
-4.5109 -5.6264 -4.1521 0.0000 0.0000 0.0000
-4.6130 -6.0699 -3.7595 0.0000 0.0000 0.0000
-4.4180 -6.3494 -4.3286 0.0000 0.0000 0.0000
-4.3643 -6.2720 -4.0750 0.0000 0.0000 0.0000
-4.8411 -5.7287 -4.0600 0.0000 0.0000 0.0000
-4.4994 -5.9412 -3.7809 0.0000 0.0000 0.0000
-4.8978 -5.6451 -3.8501 0.0000 0.0000 0.0000
-4.4535 -6.2379 -2.8494 0.0000 0.0000 0.0000
-4.2006 -6.2928 -3.0905 0.0000 0.0000 0.0000
-4.6276 -5.6665 -2.9119 0.0000 0.0000 0.0000
-4.2041 -5.8065 -3.2381 0.0000 0.0000 0.0000
-4.5499 -5.8908 -2.7358 0.0000 0.0000 0.0000
-4.7959 -5.8338 -2.6995 0.0000 0.0000 0.0000
-4.6740 -5.7933 -2.6338 0.0000 0.0000 0.0000
-4.1055 -6.2800 -3.3558 0.0000 0.0000 0.0000
-4.4492 -5.3890 -11.6673 0.0000 0.0000 0.0000
-4.7427 -4.8428 -12.1436 0.0000 0.0000 0.0000
-4.6837 -5.1665 -12.1179 0.0000 0.0000 0.0000
-4.5540 -5.0176 -12.1078 0.0000 0.0000 0.0000
-4.1192 -4.9386 -12.1756 0.0000 0.0000 0.0000
-4.5203 -4.7606 -11.6403 0.0000 0.0000 0.0000
-4.4603 -4.7410 -12.0826 0.0000 0.0000 0.0000
-4.6236 -4.8340 -11.9871 0.0000 0.0000 0.0000
-4.5845 -4.9460 -11.3581 0.0000 0.0000 0.0000
-4.7226 -4.9148 -11.2281 0.0000 0.0000 0.0000
-4.5102 -4.8045 -10.8811 0.0000 0.0000 0.0000
-4.6780 -5.1912 -10.6266 0.0000 0.0000 0.0000
-4.5101 -5.3261 -11.2728 0.0000 0.0000 0.0000
-4.3807 -5.1051 -10.7552 0.0000 0.0000 0.0000
-4.8263 -4.6205 -10.7668 0.0000 0.0000 0.0000
-4.4255 -4.7886 -11.0950 0.0000 0.0000 0.0000
-4.6064 -4.8376 -10.1065 0.0000 0.0000 0.0000
-4.3579 -4.8333 -10.3901 0.0000 0.0000 0.0000
-4.3772 -4.7071 -9.6905 0.0000 0.0000 0.0000
-4.1554 -5.0672 -10.2852 0.0000 0.0000 0.0000
-4.4076 -4.9125 -10.0140 0.0000 0.0000 0.0000
-4.3772 -4.9586 -9.7116 0.0000 0.0000 0.0000
-4.7892 -4.8088 -10.1852 0.0000 0.0000 0.0000
-4.6607 -4.7962 -10.1774 0.0000 0.0000 0.0000
-4.6713 -5.0573 -9.1165 0.0000 0.0000 0.0000
-4.5636 -4.8614 -9.3656 0.0000 0.0000 0.0000
-4.3046 -4.6399 -9.2672 0.0000 0.0000 0.0000
-4.6256 -4.8430 -8.8448 0.0000 0.0000 0.0000
-4.2561 -4.7213 -8.7143 0.0000 0.0000 0.0000
-4.7634 -4.8740 -9.2703 0.0000 0.0000 0.0000
-4.2356 -4.6543 -8.8096 0.0000 0.0000 0.0000
-4.4660 -5.0830 -9.3952 0.0000 0.0000 0.0000
-4.2483 -4.7153 -7.6386 0.0000 0.0000 0.0000
-4.8844 -5.0351 -8.1909 0.0000 0.0000 0.0000
-4.4432 -4.9274 -8.2257 0.0000 0.0000 0.0000
-4.3331 -4.7556 -7.7834 0.0000 0.0000 0.0000
-4.5480 -4.6074 -8.2843 0.0000 0.0000 0.0000
-4.2865 -5.0857 -7.7090 0.0000 0.0000 0.0000
-4.5495 -5.3494 -7.7889 0.0000 0.0000 0.0000
-4.3351 -5.2935 -7.9674 0.0000 0.0000 0.0000
-4.1499 -4.6001 -6.6771 0.0000 0.0000 0.0000
-4.6026 -5.2698 -7.2222 0.0000 0.0000 0.0000
-4.4780 -4.7611 -6.7921 0.0000 0.0000 0.0000
-4.8695 -4.8577 -7.3935 0.0000 0.0000 0.0000
-4.7944 -4.8267 -6.7116 0.0000 0.0000 0.0000
-4.2190 -5.2291 -6.6468 0.0000 0.0000 0.0000
-4.1154 -4.9080 -6.9669 0.0000 0.0000 0.0000
-4.4906 -4.9207 -7.2891 0.0000 0.0000 0.0000
-4.7948 -4.9085 -5.6317 0.0000 0.0000 0.0000
-4.3506 -5.1889 -6.2114 0.0000 0.0000 0.0000
-4.2059 -5.0222 -5.7678 0.0000 0.0000 0.0000
-4.2327 -5.3653 -5.6651 0.0000 0.0000 0.0000
-4.3547 -4.9717 -6.2835 0.0000 0.0000 0.0000
-4.5642 -5.0928 -6.1202 0.0000 0.0000 0.0000
-4.6307 -5.2619 -6.1577 0.0000 0.0000 0.0000
-4.2599 -4.7667 -5.9956 0.0000 0.0000 0.0000
-4.1369 -4.8322 -4.7636 0.0000 0.0000 0.0000
-4.7963 -4.8970 -4.7082 0.0000 0.0000 0.0000
-4.8538 -5.3818 -4.8300 0.0000 0.0000 0.0000
-4.7322 -4.9431 -4.6210 0.0000 0.0000 0.0000
-4.7021 -5.1778 -5.1380 0.0000 0.0000 0.0000
-4.5911 -4.7215 -5.1772 0.0000 0.0000 0.0000
-4.5893 -4.6361 -5.2644 0.0000 0.0000 0.0000
-4.5302 -5.0412 -4.6458 0.0000 0.0000 0.0000
-4.3274 -5.2832 -3.9080 0.0000 0.0000 0.0000
-4.3874 -4.8798 -4.2728 0.0000 0.0000 0.0000
-4.7887 -5.2681 -4.1781 0.0000 0.0000 0.0000
-4.7045 -4.9897 -3.9565 0.0000 0.0000 0.0000
-4.3683 -5.2539 -4.2107 0.0000 0.0000 0.0000
-4.8112 -4.8936 -3.7727 0.0000 0.0000 0.0000
-4.6351 -5.2565 -4.3778 0.0000 0.0000 0.0000
-4.6453 -5.0586 -4.0612 0.0000 0.0000 0.0000
-4.8603 -5.2146 -3.0117 0.0000 0.0000 0.0000
-4.7772 -5.0220 -2.7263 0.0000 0.0000 0.0000
-4.2827 -4.6954 -3.2590 0.0000 0.0000 0.0000
-4.3113 -5.2652 -2.9265 0.0000 0.0000 0.0000
-4.1740 -5.0344 -3.1681 0.0000 0.0000 0.0000
-4.7595 -5.0025 -3.2799 0.0000 0.0000 0.0000
-4.1768 -4.6251 -2.6097 0.0000 0.0000 0.0000
-4.3229 -4.7188 -3.2660 0.0000 0.0000 0.0000
-4.8666 -4.2795 -12.2294 0.0000 0.0000 0.0000
-4.5879 -4.1629 -11.7516 0.0000 0.0000 0.0000
-4.6780 -4.1343 -12.3466 0.0000 0.0000 0.0000
-4.3638 -3.7819 -11.9197 0.0000 0.0000 0.0000
-4.4573 -4.1292 -11.9441 0.0000 0.0000 0.0000
-4.4831 -3.6161 -12.3348 0.0000 0.0000 0.0000
-4.7515 -3.7183 -11.9718 0.0000 0.0000 0.0000
-4.5089 -4.0798 -11.8807 0.0000 0.0000 0.0000
-4.4892 -3.8072 -11.0716 0.0000 0.0000 0.0000
-4.8216 -3.7202 -10.9870 0.0000 0.0000 0.0000
-4.3252 -4.1570 -10.8477 0.0000 0.0000 0.0000
-4.4599 -4.2248 -10.6216 0.0000 0.0000 0.0000
-4.6103 -3.6622 -11.3446 0.0000 0.0000 0.0000
-4.6764 -3.8605 -11.1563 0.0000 0.0000 0.0000
-4.3855 -3.8895 -10.9198 0.0000 0.0000 0.0000
-4.5632 -4.3973 -10.8998 0.0000 0.0000 0.0000
-4.1980 -4.3879 -9.7935 0.0000 0.0000 0.0000
-4.7503 -3.7400 -9.9721 0.0000 0.0000 0.0000
-4.3141 -4.3603 -10.0686 0.0000 0.0000 0.0000
-4.2477 -4.0871 -9.7512 0.0000 0.0000 0.0000
-4.1012 -3.6598 -10.0858 0.0000 0.0000 0.0000
-4.3100 -4.0173 -9.6410 0.0000 0.0000 0.0000
-4.5513 -3.6794 -9.8578 0.0000 0.0000 0.0000
-4.3119 -4.3779 -9.9994 0.0000 0.0000 0.0000
-4.5325 -4.2531 -8.7515 0.0000 0.0000 0.0000
-4.7931 -4.2858 -9.3497 0.0000 0.0000 0.0000
-4.6266 -3.6960 -9.3849 0.0000 0.0000 0.0000
-4.5682 -4.3441 -9.0647 0.0000 0.0000 0.0000
-4.3849 -4.1703 -9.1184 0.0000 0.0000 0.0000
-4.2208 -4.1957 -8.8331 0.0000 0.0000 0.0000
-4.1193 -4.2126 -8.8948 0.0000 0.0000 0.0000
-4.8698 -3.7035 -8.8605 0.0000 0.0000 0.0000
-4.5380 -3.7299 -7.6283 0.0000 0.0000 0.0000
-4.7140 -3.7902 -8.1162 0.0000 0.0000 0.0000
-4.3953 -3.8525 -7.9778 0.0000 0.0000 0.0000
-4.5071 -4.0083 -8.0198 0.0000 0.0000 0.0000
-4.6298 -3.8309 -7.8706 0.0000 0.0000 0.0000
-4.1785 -3.6201 -7.6111 0.0000 0.0000 0.0000
-4.3657 -3.9310 -8.3863 0.0000 0.0000 0.0000
-4.2482 -4.2659 -7.6094 0.0000 0.0000 0.0000
-4.4187 -4.3563 -7.2571 0.0000 0.0000 0.0000
-4.2197 -3.6737 -7.0555 0.0000 0.0000 0.0000
-4.8867 -3.6655 -6.7679 0.0000 0.0000 0.0000
-4.8002 -4.2741 -7.3606 0.0000 0.0000 0.0000
-4.4479 -4.0012 -6.9643 0.0000 0.0000 0.0000
-4.8954 -4.3143 -6.7254 0.0000 0.0000 0.0000
-4.1472 -4.0572 -7.0671 0.0000 0.0000 0.0000
-4.7221 -3.8748 -6.6953 0.0000 0.0000 0.0000
-4.3764 -4.3023 -5.8050 0.0000 0.0000 0.0000
-4.2732 -3.7211 -6.1719 0.0000 0.0000 0.0000
-4.1285 -3.8070 -5.8779 0.0000 0.0000 0.0000
-4.3670 -4.2012 -5.8995 0.0000 0.0000 0.0000
-4.3175 -4.1212 -6.3389 0.0000 0.0000 0.0000
-4.7615 -3.6506 -6.0120 0.0000 0.0000 0.0000
-4.4979 -3.7714 -6.0940 0.0000 0.0000 0.0000
-4.5546 -4.0072 -6.1202 0.0000 0.0000 0.0000
-4.4284 -4.2908 -4.6888 0.0000 0.0000 0.0000
-4.3591 -3.9760 -5.0099 0.0000 0.0000 0.0000
-4.4811 -4.2321 -5.2165 0.0000 0.0000 0.0000
-4.2692 -3.9418 -5.2507 0.0000 0.0000 0.0000
-4.8546 -4.1584 -5.3237 0.0000 0.0000 0.0000
-4.7729 -3.8565 -5.3290 0.0000 0.0000 0.0000
-4.5693 -3.8203 -4.9908 0.0000 0.0000 0.0000
-4.5355 -4.2354 -5.2760 0.0000 0.0000 0.0000
-4.2918 -3.9327 -3.9162 0.0000 0.0000 0.0000
-4.6090 -4.0198 -3.7788 0.0000 0.0000 0.0000
-4.7070 -4.3312 -3.6411 0.0000 0.0000 0.0000
-4.4551 -4.0368 -4.3797 0.0000 0.0000 0.0000
-4.6143 -4.3875 -3.7172 0.0000 0.0000 0.0000
-4.5601 -4.0502 -4.2455 0.0000 0.0000 0.0000
-4.3670 -4.0051 -4.2923 0.0000 0.0000 0.0000
-4.7297 -4.2724 -3.7615 0.0000 0.0000 0.0000
-4.2581 -4.3759 -2.7766 0.0000 0.0000 0.0000
-4.5683 -4.1518 -2.9400 0.0000 0.0000 0.0000
-4.2266 -3.9170 -3.2206 0.0000 0.0000 0.0000
-4.2196 -4.2970 -3.3871 0.0000 0.0000 0.0000
-4.6486 -4.0367 -3.1625 0.0000 0.0000 0.0000
-4.6064 -3.8991 -3.0071 0.0000 0.0000 0.0000
-4.7424 -3.8993 -3.3872 0.0000 0.0000 0.0000
-4.4923 -3.8569 -2.7578 0.0000 0.0000 0.0000
-4.5215 -2.8108 -12.3909 0.0000 0.0000 0.0000
-4.5719 -3.3629 -11.7296 0.0000 0.0000 0.0000
-4.5733 -2.9769 -12.0351 0.0000 0.0000 0.0000
-4.5070 -2.9340 -11.8485 0.0000 0.0000 0.0000
-4.4402 -2.7442 -12.0292 0.0000 0.0000 0.0000
-4.7641 -3.2611 -11.7485 0.0000 0.0000 0.0000
-4.1531 -3.1222 -12.1785 0.0000 0.0000 0.0000
-4.8942 -3.0493 -12.3530 0.0000 0.0000 0.0000
-4.1059 -2.8368 -10.6693 0.0000 0.0000 0.0000
-4.7496 -2.7865 -10.6473 0.0000 0.0000 0.0000
-4.6793 -3.3527 -11.1343 0.0000 0.0000 0.0000
-4.7275 -3.1830 -11.2746 0.0000 0.0000 0.0000
-4.8815 -3.2987 -11.3035 0.0000 0.0000 0.0000
-4.4677 -3.1093 -10.7333 0.0000 0.0000 0.0000
-4.8891 -2.7245 -11.0160 0.0000 0.0000 0.0000
-4.3515 -3.1012 -10.7200 0.0000 0.0000 0.0000
-4.4262 -2.9289 -10.0333 0.0000 0.0000 0.0000
-4.3980 -2.9374 -10.2875 0.0000 0.0000 0.0000
-4.3265 -2.6146 -9.6869 0.0000 0.0000 0.0000
-4.3375 -2.9994 -9.6891 0.0000 0.0000 0.0000
-4.7468 -2.7261 -9.8481 0.0000 0.0000 0.0000
-4.4460 -2.6501 -10.3503 0.0000 0.0000 0.0000
-4.8376 -2.7251 -10.0677 0.0000 0.0000 0.0000
-4.2419 -3.2498 -10.2755 0.0000 0.0000 0.0000
-4.2403 -2.6458 -8.7102 0.0000 0.0000 0.0000
-4.2000 -2.7928 -8.7924 0.0000 0.0000 0.0000
-4.7636 -2.7057 -9.2738 0.0000 0.0000 0.0000
-4.2556 -3.3749 -8.9048 0.0000 0.0000 0.0000
-4.8742 -2.8491 -8.7886 0.0000 0.0000 0.0000
-4.2493 -2.9479 -8.9730 0.0000 0.0000 0.0000
-4.1555 -3.3258 -8.7710 0.0000 0.0000 0.0000
-4.5354 -3.3878 -9.3136 0.0000 0.0000 0.0000
-4.2450 -2.8694 -8.2866 0.0000 0.0000 0.0000
-4.6845 -3.2611 -7.6859 0.0000 0.0000 0.0000
-4.3999 -3.2550 -7.8525 0.0000 0.0000 0.0000
-4.3426 -2.8413 -7.6064 0.0000 0.0000 0.0000
-4.4511 -2.6797 -7.6335 0.0000 0.0000 0.0000
-4.4640 -2.6553 -7.7718 0.0000 0.0000 0.0000
-4.1927 -3.0337 -7.9440 0.0000 0.0000 0.0000
-4.3044 -3.3684 -8.2685 0.0000 0.0000 0.0000
-4.3631 -2.9910 -7.1853 0.0000 0.0000 0.0000
-4.6944 -3.0370 -7.1909 0.0000 0.0000 0.0000
-4.4454 -3.3675 -7.2982 0.0000 0.0000 0.0000
-4.4153 -3.2946 -7.0143 0.0000 0.0000 0.0000
-4.1314 -3.1101 -7.1778 0.0000 0.0000 0.0000
-4.2223 -3.3927 -6.6394 0.0000 0.0000 0.0000
-4.8442 -3.1031 -7.3819 0.0000 0.0000 0.0000
-4.2424 -2.8437 -6.7711 0.0000 0.0000 0.0000
-4.8707 -2.6144 -5.6919 0.0000 0.0000 0.0000
-4.2057 -2.6291 -5.6727 0.0000 0.0000 0.0000
-4.2926 -2.9119 -5.8990 0.0000 0.0000 0.0000
-4.8698 -3.3871 -6.0561 0.0000 0.0000 0.0000
-4.3681 -2.7507 -5.7234 0.0000 0.0000 0.0000
-4.2399 -2.9969 -5.9877 0.0000 0.0000 0.0000
-4.3691 -3.2668 -6.2879 0.0000 0.0000 0.0000
-4.1979 -3.1151 -6.1626 0.0000 0.0000 0.0000
-4.1470 -3.1120 -5.1540 0.0000 0.0000 0.0000
-4.4348 -2.7928 -4.6155 0.0000 0.0000 0.0000
-4.8902 -3.3560 -4.7641 0.0000 0.0000 0.0000
-4.2331 -3.2729 -4.8697 0.0000 0.0000 0.0000
-4.1528 -3.1655 -4.6366 0.0000 0.0000 0.0000
-4.8663 -3.2141 -4.9793 0.0000 0.0000 0.0000
-4.8675 -3.0116 -4.7001 0.0000 0.0000 0.0000
-4.4054 -3.1659 -4.8013 0.0000 0.0000 0.0000
-4.5069 -3.0408 -4.1173 0.0000 0.0000 0.0000
-4.5473 -2.9779 -3.7483 0.0000 0.0000 0.0000
-4.1924 -3.2874 -4.0227 0.0000 0.0000 0.0000
-4.1077 -3.2255 -3.8946 0.0000 0.0000 0.0000
-4.4097 -2.8546 -3.7374 0.0000 0.0000 0.0000
-4.2442 -3.3934 -4.3529 0.0000 0.0000 0.0000
-4.4374 -3.0951 -3.8239 0.0000 0.0000 0.0000
-4.3290 -3.3947 -3.7069 0.0000 0.0000 0.0000
-4.7138 -3.3342 -3.1473 0.0000 0.0000 0.0000
-4.5655 -2.6464 -3.0678 0.0000 0.0000 0.0000
-4.4653 -3.0646 -2.6404 0.0000 0.0000 0.0000
-4.6757 -2.6848 -2.7091 0.0000 0.0000 0.0000
-4.4203 -3.0979 -2.6105 0.0000 0.0000 0.0000
-4.5302 -3.2749 -3.3395 0.0000 0.0000 0.0000
-4.8199 -2.9519 -3.2893 0.0000 0.0000 0.0000
-4.8262 -2.6387 -3.2031 0.0000 0.0000 0.0000
-4.5372 -1.9694 -11.6264 0.0000 0.0000 0.0000
-4.4022 -2.1915 -11.6882 0.0000 0.0000 0.0000
-4.6982 -1.7675 -11.7768 0.0000 0.0000 0.0000
-4.6914 -2.0406 -12.3186 0.0000 0.0000 0.0000
-4.1111 -1.7714 -12.2921 0.0000 0.0000 0.0000
-4.6116 -2.0072 -11.7731 0.0000 0.0000 0.0000
-4.1073 -2.1272 -11.7984 0.0000 0.0000 0.0000
-4.4892 -1.8528 -12.2287 0.0000 0.0000 0.0000
-4.6070 -1.9027 -10.9122 0.0000 0.0000 0.0000
-4.1117 -1.9492 -10.7939 0.0000 0.0000 0.0000
-4.2349 -1.9097 -10.6250 0.0000 0.0000 0.0000
-4.3587 -1.8320 -10.9185 0.0000 0.0000 0.0000
-4.5936 -1.6915 -11.2483 0.0000 0.0000 0.0000
-4.6742 -2.0369 -11.0573 0.0000 0.0000 0.0000
-4.1205 -2.0322 -11.3245 0.0000 0.0000 0.0000
-4.7860 -1.7264 -10.6733 0.0000 0.0000 0.0000
-4.1367 -2.3176 -10.1675 0.0000 0.0000 0.0000
-4.4976 -2.2787 -9.8865 0.0000 0.0000 0.0000
-4.7571 -2.0929 -9.6259 0.0000 0.0000 0.0000
-4.6084 -2.0704 -9.8339 0.0000 0.0000 0.0000
-4.2825 -2.2741 -9.9026 0.0000 0.0000 0.0000
-4.6801 -2.0265 -10.3667 0.0000 0.0000 0.0000
-4.8123 -2.3207 -10.3098 0.0000 0.0000 0.0000
-4.2262 -1.8637 -10.1988 0.0000 0.0000 0.0000
-4.2693 -2.0777 -8.9834 0.0000 0.0000 0.0000
-4.5186 -2.3027 -8.6761 0.0000 0.0000 0.0000
-4.4127 -1.7649 -9.3380 0.0000 0.0000 0.0000
-4.4440 -1.9261 -8.7943 0.0000 0.0000 0.0000
-4.4632 -2.3727 -9.1385 0.0000 0.0000 0.0000
-4.6617 -1.7999 -9.0631 0.0000 0.0000 0.0000
-4.5145 -1.9583 -8.7492 0.0000 0.0000 0.0000
-4.5737 -1.7263 -8.6193 0.0000 0.0000 0.0000
-4.3784 -1.8369 -7.7243 0.0000 0.0000 0.0000
-4.6570 -1.8894 -7.8536 0.0000 0.0000 0.0000
-4.2747 -1.7680 -7.9530 0.0000 0.0000 0.0000
-4.7625 -1.9949 -8.2341 0.0000 0.0000 0.0000
-4.4566 -2.3846 -7.6757 0.0000 0.0000 0.0000
-4.3546 -2.3208 -8.2574 0.0000 0.0000 0.0000
-4.3976 -1.9503 -7.9001 0.0000 0.0000 0.0000
-4.8456 -2.1525 -8.3627 0.0000 0.0000 0.0000
-4.8606 -1.8184 -7.1558 0.0000 0.0000 0.0000
-4.2394 -1.7260 -6.8156 0.0000 0.0000 0.0000
-4.7799 -1.7151 -7.3423 0.0000 0.0000 0.0000
-4.1668 -1.6594 -7.3376 0.0000 0.0000 0.0000
-4.8736 -1.8628 -7.0105 0.0000 0.0000 0.0000
-4.1125 -2.2822 -7.3583 0.0000 0.0000 0.0000
-4.6182 -1.9148 -7.3363 0.0000 0.0000 0.0000
-4.7538 -1.7776 -6.9440 0.0000 0.0000 0.0000
-4.1324 -2.3607 -5.7932 0.0000 0.0000 0.0000
-4.5841 -1.8799 -6.3251 0.0000 0.0000 0.0000
-4.6511 -2.0653 -5.6303 0.0000 0.0000 0.0000
-4.2151 -1.8363 -6.2974 0.0000 0.0000 0.0000
-4.7202 -2.2991 -5.8081 0.0000 0.0000 0.0000
-4.4899 -1.9418 -6.2926 0.0000 0.0000 0.0000
-4.5723 -2.2413 -5.9400 0.0000 0.0000 0.0000
-4.8873 -1.6482 -5.7560 0.0000 0.0000 0.0000
-4.1200 -2.1877 -4.6868 0.0000 0.0000 0.0000
-4.5804 -2.3146 -5.0599 0.0000 0.0000 0.0000
-4.6589 -2.0470 -5.0072 0.0000 0.0000 0.0000
-4.5769 -2.3698 -5.0285 0.0000 0.0000 0.0000
-4.5717 -2.0126 -4.7689 0.0000 0.0000 0.0000
-4.1991 -1.7536 -4.7888 0.0000 0.0000 0.0000
-4.1758 -1.7512 -5.2602 0.0000 0.0000 0.0000
-4.3081 -2.3389 -4.6890 0.0000 0.0000 0.0000
-4.2643 -1.9387 -4.2529 0.0000 0.0000 0.0000
-4.2376 -2.1773 -4.2946 0.0000 0.0000 0.0000
-4.3651 -1.8250 -4.2510 0.0000 0.0000 0.0000
-4.4874 -1.8051 -3.6007 0.0000 0.0000 0.0000
-4.1491 -2.1839 -3.8708 0.0000 0.0000 0.0000
-4.8144 -2.1914 -3.9879 0.0000 0.0000 0.0000
-4.6945 -2.0208 -3.9124 0.0000 0.0000 0.0000
-4.2511 -2.2471 -4.2701 0.0000 0.0000 0.0000
-4.3895 -1.9911 -2.7987 0.0000 0.0000 0.0000
-4.6995 -1.7522 -3.1412 0.0000 0.0000 0.0000
-4.1123 -2.1357 -2.8446 0.0000 0.0000 0.0000
-4.6039 -1.6546 -2.9716 0.0000 0.0000 0.0000
-4.8387 -1.6490 -3.3159 0.0000 0.0000 0.0000
-4.2738 -2.2884 -3.3956 0.0000 0.0000 0.0000
-4.4878 -2.0672 -3.1750 0.0000 0.0000 0.0000
-4.4387 -1.6634 -3.1576 0.0000 0.0000 0.0000
-4.7112 -0.6039 -11.6422 0.0000 0.0000 0.0000
-4.5443 -0.6638 -11.6436 0.0000 0.0000 0.0000
-4.3329 -0.9130 -12.3133 0.0000 0.0000 0.0000
-4.1726 -0.7757 -12.2577 0.0000 0.0000 0.0000
-4.7926 -0.9337 -12.2675 0.0000 0.0000 0.0000
-4.8928 -1.3968 -12.2354 0.0000 0.0000 0.0000
-4.7844 -1.2290 -11.7971 0.0000 0.0000 0.0000
-4.4410 -0.6493 -12.1696 0.0000 0.0000 0.0000
-4.5810 -1.0038 -11.3546 0.0000 0.0000 0.0000
-4.2183 -0.9752 -10.8212 0.0000 0.0000 0.0000
-4.7141 -0.8278 -10.9935 0.0000 0.0000 0.0000
-4.1553 -1.3857 -11.0114 0.0000 0.0000 0.0000
-4.8293 -0.8822 -11.1045 0.0000 0.0000 0.0000
-4.2756 -0.9722 -11.1947 0.0000 0.0000 0.0000
-4.6186 -1.0219 -11.0797 0.0000 0.0000 0.0000
-4.8778 -1.2282 -11.2740 0.0000 0.0000 0.0000
-4.1519 -0.8381 -9.8159 0.0000 0.0000 0.0000
-4.2196 -1.0502 -10.0148 0.0000 0.0000 0.0000
-4.7696 -1.0725 -10.1501 0.0000 0.0000 0.0000
-4.2853 -1.0778 -10.1859 0.0000 0.0000 0.0000
-4.5170 -0.7091 -10.3772 0.0000 0.0000 0.0000
-4.4544 -1.3290 -9.9102 0.0000 0.0000 0.0000
-4.5924 -0.9959 -9.6782 0.0000 0.0000 0.0000
-4.8668 -1.2575 -10.1806 0.0000 0.0000 0.0000
-4.6946 -1.2198 -8.9049 0.0000 0.0000 0.0000
-4.1708 -1.1525 -9.3885 0.0000 0.0000 0.0000
-4.2990 -0.8876 -8.8982 0.0000 0.0000 0.0000
-4.3538 -1.1961 -8.8622 0.0000 0.0000 0.0000
-4.8630 -1.0646 -8.8225 0.0000 0.0000 0.0000
-4.1686 -0.9288 -8.6474 0.0000 0.0000 0.0000
-4.3865 -1.0422 -9.0758 0.0000 0.0000 0.0000
-4.8195 -0.8055 -9.2240 0.0000 0.0000 0.0000
-4.8835 -1.2428 -7.7713 0.0000 0.0000 0.0000
-4.4407 -0.9966 -8.2156 0.0000 0.0000 0.0000
-4.8813 -1.2848 -7.6672 0.0000 0.0000 0.0000
-4.6310 -0.6686 -8.1662 0.0000 0.0000 0.0000
-4.1540 -0.9781 -7.9283 0.0000 0.0000 0.0000
-4.3277 -1.1393 -7.9749 0.0000 0.0000 0.0000
-4.4509 -1.0913 -7.8843 0.0000 0.0000 0.0000
-4.2508 -1.2849 -8.1020 0.0000 0.0000 0.0000
-4.2663 -0.7279 -6.6601 0.0000 0.0000 0.0000
-4.8904 -1.1425 -7.3884 0.0000 0.0000 0.0000
-4.3506 -1.2962 -7.1373 0.0000 0.0000 0.0000
-4.2594 -1.0704 -6.8048 0.0000 0.0000 0.0000
-4.1675 -0.8180 -6.6418 0.0000 0.0000 0.0000
-4.6767 -0.7736 -7.2676 0.0000 0.0000 0.0000
-4.8399 -1.1301 -7.1531 0.0000 0.0000 0.0000
-4.1328 -0.6392 -7.1991 0.0000 0.0000 0.0000
-4.7411 -0.8376 -6.2933 0.0000 0.0000 0.0000
-4.8651 -0.6466 -5.7643 0.0000 0.0000 0.0000
-4.6676 -1.0288 -6.0507 0.0000 0.0000 0.0000
-4.2877 -1.1097 -5.7181 0.0000 0.0000 0.0000
-4.5057 -0.8583 -6.3435 0.0000 0.0000 0.0000
-4.5317 -0.8153 -5.8048 0.0000 0.0000 0.0000
-4.2994 -1.3183 -6.2091 0.0000 0.0000 0.0000
-4.6909 -0.7867 -6.3738 0.0000 0.0000 0.0000
-4.5415 -1.2459 -5.1722 0.0000 0.0000 0.0000
-4.7068 -1.0425 -4.8376 0.0000 0.0000 0.0000
-4.2545 -0.8335 -5.0882 0.0000 0.0000 0.0000
-4.7607 -0.8957 -4.8077 0.0000 0.0000 0.0000
-4.2190 -0.7288 -5.3845 0.0000 0.0000 0.0000
-4.1464 -1.3018 -5.2931 0.0000 0.0000 0.0000
-4.5699 -1.0816 -4.8147 0.0000 0.0000 0.0000
-4.5721 -0.8691 -5.2436 0.0000 0.0000 0.0000
-4.6436 -0.9116 -3.8801 0.0000 0.0000 0.0000
-4.8281 -0.6967 -4.3877 0.0000 0.0000 0.0000
-4.8131 -0.9443 -3.6327 0.0000 0.0000 0.0000
-4.6312 -1.0003 -3.6960 0.0000 0.0000 0.0000
-4.6451 -0.8994 -3.9948 0.0000 0.0000 0.0000
-4.1712 -1.0003 -4.0772 0.0000 0.0000 0.0000
-4.4555 -1.2287 -3.6435 0.0000 0.0000 0.0000
-4.3921 -0.8072 -3.8321 0.0000 0.0000 0.0000
-4.6616 -1.3744 -2.9417 0.0000 0.0000 0.0000
-4.7477 -1.0067 -2.7132 0.0000 0.0000 0.0000
-4.4408 -1.2875 -2.7783 0.0000 0.0000 0.0000
-4.1505 -0.7519 -2.8206 0.0000 0.0000 0.0000
-4.2909 -1.2168 -2.9258 0.0000 0.0000 0.0000
-4.5311 -0.7971 -2.9513 0.0000 0.0000 0.0000
-4.3634 -1.2248 -3.3746 0.0000 0.0000 0.0000
-4.3626 -0.8162 -3.1483 0.0000 0.0000 0.0000
-4.7576 -0.3303 -11.9019 0.0000 0.0000 0.0000
-4.6307 -0.3943 -12.2792 0.0000 0.0000 0.0000
-4.2141 0.2539 -12.3092 0.0000 0.0000 0.0000
-4.3642 -0.0985 -12.3031 0.0000 0.0000 0.0000
-4.2331 0.1567 -11.6744 0.0000 0.0000 0.0000
-4.3648 0.2824 -12.0210 0.0000 0.0000 0.0000
-4.6531 0.3522 -11.7630 0.0000 0.0000 0.0000
-4.8423 0.1755 -11.8890 0.0000 0.0000 0.0000
-4.7092 0.0564 -10.7543 0.0000 0.0000 0.0000
-4.5095 0.2612 -11.0082 0.0000 0.0000 0.0000
-4.3181 0.3740 -10.8379 0.0000 0.0000 0.0000
-4.2893 -0.3557 -10.6808 0.0000 0.0000 0.0000
-4.5626 -0.3703 -11.2464 0.0000 0.0000 0.0000
-4.3352 0.2525 -10.9677 0.0000 0.0000 0.0000
-4.8779 -0.3326 -10.8069 0.0000 0.0000 0.0000
-4.1662 -0.0692 -10.6049 0.0000 0.0000 0.0000
-4.6601 0.1213 -10.1075 0.0000 0.0000 0.0000
-4.5595 -0.1202 -9.7661 0.0000 0.0000 0.0000
-4.4736 0.0552 -9.9438 0.0000 0.0000 0.0000
-4.4417 -0.3720 -10.3125 0.0000 0.0000 0.0000
-4.4576 0.1062 -9.9587 0.0000 0.0000 0.0000
-4.1134 -0.3796 -9.7028 0.0000 0.0000 0.0000
-4.2127 -0.3898 -9.6422 0.0000 0.0000 0.0000
-4.4187 -0.2983 -9.9202 0.0000 0.0000 0.0000
-4.3129 -0.2814 -8.9493 0.0000 0.0000 0.0000
-4.7848 -0.3429 -8.7565 0.0000 0.0000 0.0000
-4.6282 -0.1642 -9.0305 0.0000 0.0000 0.0000
-4.8139 0.1513 -9.3274 0.0000 0.0000 0.0000
-4.2527 0.2409 -9.2663 0.0000 0.0000 0.0000
-4.5893 -0.2931 -9.2624 0.0000 0.0000 0.0000
-4.1765 0.3619 -9.3233 0.0000 0.0000 0.0000
-4.1715 0.1582 -9.3403 0.0000 0.0000 0.0000
-4.5773 0.1128 -8.2622 0.0000 0.0000 0.0000
-4.1332 0.3100 -7.6085 0.0000 0.0000 0.0000
-4.2356 -0.2445 -7.8367 0.0000 0.0000 0.0000
-4.7777 -0.2439 -8.2973 0.0000 0.0000 0.0000
-4.3499 0.1191 -7.8538 0.0000 0.0000 0.0000
-4.2685 -0.2891 -8.0994 0.0000 0.0000 0.0000
-4.3471 -0.2242 -8.1780 0.0000 0.0000 0.0000
-4.3642 -0.1859 -7.6578 0.0000 0.0000 0.0000
-4.3975 -0.1222 -6.6436 0.0000 0.0000 0.0000
-4.3278 -0.0318 -7.2701 0.0000 0.0000 0.0000
-4.1537 -0.3501 -7.0391 0.0000 0.0000 0.0000
-4.4098 -0.2811 -6.7171 0.0000 0.0000 0.0000
-4.4795 0.0755 -6.6716 0.0000 0.0000 0.0000
-4.7417 -0.2578 -6.8532 0.0000 0.0000 0.0000
-4.7149 -0.0145 -6.9741 0.0000 0.0000 0.0000
-4.1933 0.3751 -6.9228 0.0000 0.0000 0.0000
-4.8047 0.3684 -5.9904 0.0000 0.0000 0.0000
-4.1626 0.2486 -6.3813 0.0000 0.0000 0.0000
-4.8837 0.3106 -5.7544 0.0000 0.0000 0.0000
-4.2397 -0.0865 -5.6358 0.0000 0.0000 0.0000
-4.4160 -0.2964 -5.9152 0.0000 0.0000 0.0000
-4.5569 -0.0604 -6.2198 0.0000 0.0000 0.0000
-4.8797 0.3875 -6.1465 0.0000 0.0000 0.0000
-4.4293 -0.2406 -6.2328 0.0000 0.0000 0.0000
-4.3800 -0.2503 -5.1356 0.0000 0.0000 0.0000
-4.6741 0.2683 -5.1592 0.0000 0.0000 0.0000
-4.1004 0.2092 -4.7142 0.0000 0.0000 0.0000
-4.4844 -0.2662 -5.2340 0.0000 0.0000 0.0000
-4.3385 0.1018 -4.9661 0.0000 0.0000 0.0000
-4.8547 -0.0637 -4.7235 0.0000 0.0000 0.0000
-4.7911 -0.2881 -5.2679 0.0000 0.0000 0.0000
-4.2471 0.3785 -4.6623 0.0000 0.0000 0.0000
-4.5242 -0.3890 -4.1087 0.0000 0.0000 0.0000
-4.7754 0.3834 -4.0695 0.0000 0.0000 0.0000
-4.3806 -0.1468 -4.0154 0.0000 0.0000 0.0000
-4.4657 -0.1145 -4.0946 0.0000 0.0000 0.0000
-4.3247 0.1366 -4.2175 0.0000 0.0000 0.0000
-4.6285 0.3770 -3.6672 0.0000 0.0000 0.0000
-4.8253 0.0699 -4.0028 0.0000 0.0000 0.0000
-4.4855 0.0907 -3.6024 0.0000 0.0000 0.0000
-4.7234 -0.3183 -3.1156 0.0000 0.0000 0.0000
-4.3649 0.1101 -2.6948 0.0000 0.0000 0.0000
-4.2568 0.3448 -2.8909 0.0000 0.0000 0.0000
-4.7608 0.2881 -3.2417 0.0000 0.0000 0.0000
-4.1351 0.3454 -3.3518 0.0000 0.0000 0.0000
-4.3214 -0.3345 -2.9486 0.0000 0.0000 0.0000
-4.7745 0.2006 -3.0522 0.0000 0.0000 0.0000
-4.1592 -0.2307 -3.1970 0.0000 0.0000 0.0000
-4.4007 1.3131 -11.8372 0.0000 0.0000 0.0000
-4.3258 1.1494 -11.9009 0.0000 0.0000 0.0000
-4.4438 1.1492 -11.8020 0.0000 0.0000 0.0000
-4.7652 0.6418 -12.1233 0.0000 0.0000 0.0000
-4.5181 1.1049 -11.7399 0.0000 0.0000 0.0000
-4.8131 0.6398 -12.3570 0.0000 0.0000 0.0000
-4.5772 1.2229 -11.9684 0.0000 0.0000 0.0000
-4.7380 1.2495 -11.8642 0.0000 0.0000 0.0000
-4.2516 1.0672 -10.8695 0.0000 0.0000 0.0000
-4.2743 1.2379 -10.7599 0.0000 0.0000 0.0000
-4.1781 0.6570 -10.9395 0.0000 0.0000 0.0000
-4.8518 0.8177 -10.8904 0.0000 0.0000 0.0000
-4.4086 1.1786 -10.7011 0.0000 0.0000 0.0000
-4.6098 0.9757 -10.6389 0.0000 0.0000 0.0000
-4.4909 0.9775 -11.0581 0.0000 0.0000 0.0000
-4.6060 1.2740 -11.0260 0.0000 0.0000 0.0000
-4.6920 1.1430 -10.0314 0.0000 0.0000 0.0000
-4.2462 1.1281 -10.0172 0.0000 0.0000 0.0000
-4.4726 1.3871 -10.3841 0.0000 0.0000 0.0000
-4.4457 0.6111 -9.7380 0.0000 0.0000 0.0000
-4.7075 1.3428 -9.6611 0.0000 0.0000 0.0000
-4.2091 1.1445 -9.8883 0.0000 0.0000 0.0000
-4.2198 0.7470 -9.8565 0.0000 0.0000 0.0000
-4.3852 1.1307 -10.3514 0.0000 0.0000 0.0000
-4.4700 0.8897 -9.1443 0.0000 0.0000 0.0000
-4.5578 1.1708 -9.1277 0.0000 0.0000 0.0000
-4.7313 1.3673 -8.8847 0.0000 0.0000 0.0000
-4.2376 1.2529 -9.0117 0.0000 0.0000 0.0000
-4.8086 0.7986 -8.7372 0.0000 0.0000 0.0000
-4.3010 0.9174 -8.7456 0.0000 0.0000 0.0000
-4.7918 0.7666 -8.9869 0.0000 0.0000 0.0000
-4.2919 0.6005 -8.6200 0.0000 0.0000 0.0000
-4.8081 1.3048 -7.7792 0.0000 0.0000 0.0000
-4.4931 1.2658 -8.0872 0.0000 0.0000 0.0000
-4.7030 0.8373 -8.1460 0.0000 0.0000 0.0000
-4.3566 1.0442 -8.3584 0.0000 0.0000 0.0000
-4.8813 0.8353 -7.6574 0.0000 0.0000 0.0000
-4.6152 0.8875 -7.7587 0.0000 0.0000 0.0000
-4.8573 0.6561 -7.8913 0.0000 0.0000 0.0000
-4.1675 1.2184 -7.8180 0.0000 0.0000 0.0000
-4.1260 0.6662 -7.2284 0.0000 0.0000 0.0000
-4.5248 1.0138 -6.6306 0.0000 0.0000 0.0000
-4.3339 0.7087 -7.1983 0.0000 0.0000 0.0000
-4.8716 1.3689 -6.6216 0.0000 0.0000 0.0000
-4.3752 0.6451 -7.2491 0.0000 0.0000 0.0000
-4.4142 0.8974 -7.0887 0.0000 0.0000 0.0000
-4.2490 1.0808 -7.0129 0.0000 0.0000 0.0000
-4.3460 0.6918 -7.3800 0.0000 0.0000 0.0000
-4.2065 0.6124 -6.3960 0.0000 0.0000 0.0000
-4.3827 0.7344 -5.6782 0.0000 0.0000 0.0000
-4.6936 1.1119 -5.7691 0.0000 0.0000 0.0000
-4.8552 0.9232 -6.3294 0.0000 0.0000 0.0000
-4.8093 1.3480 -6.1435 0.0000 0.0000 0.0000
-4.8763 1.0137 -5.6187 0.0000 0.0000 0.0000
-4.5206 1.2658 -5.7455 0.0000 0.0000 0.0000
-4.8136 0.8667 -5.6670 0.0000 0.0000 0.0000
-4.4473 1.1871 -4.8640 0.0000 0.0000 0.0000
-4.6818 1.1682 -5.2681 0.0000 0.0000 0.0000
-4.8786 0.7947 -5.3498 0.0000 0.0000 0.0000
-4.7055 0.8647 -4.7670 0.0000 0.0000 0.0000
-4.5191 0.9680 -4.6437 0.0000 0.0000 0.0000
-4.5539 0.7920 -4.7889 0.0000 0.0000 0.0000
-4.6361 1.3538 -5.2091 0.0000 0.0000 0.0000
-4.2644 1.0828 -4.8462 0.0000 0.0000 0.0000
-4.6814 1.0406 -3.8278 0.0000 0.0000 0.0000
-4.1992 1.3824 -3.7737 0.0000 0.0000 0.0000
-4.7375 1.0792 -3.9677 0.0000 0.0000 0.0000
-4.8571 1.1990 -3.6121 0.0000 0.0000 0.0000
-4.7789 1.2852 -4.2916 0.0000 0.0000 0.0000
-4.5205 0.9091 -4.3365 0.0000 0.0000 0.0000
-4.4917 0.9275 -3.9907 0.0000 0.0000 0.0000
-4.3225 1.0685 -4.2448 0.0000 0.0000 0.0000
-4.1475 0.7497 -2.6606 0.0000 0.0000 0.0000
-4.6907 1.2981 -2.6450 0.0000 0.0000 0.0000
-4.2186 0.7382 -2.7753 0.0000 0.0000 0.0000
-4.3991 1.1976 -2.8116 0.0000 0.0000 0.0000
-4.3087 1.1374 -2.8150 0.0000 0.0000 0.0000
-4.4153 1.0190 -3.0955 0.0000 0.0000 0.0000
-4.4329 1.3167 -3.3790 0.0000 0.0000 0.0000
-4.5669 0.8351 -3.0629 0.0000 0.0000 0.0000
-4.2838 1.7974 -11.7927 0.0000 0.0000 0.0000
-4.5630 2.3456 -11.8433 0.0000 0.0000 0.0000
-4.3318 2.0069 -12.0883 0.0000 0.0000 0.0000
-4.3876 1.7479 -12.1982 0.0000 0.0000 0.0000
-4.7818 2.3340 -12.2218 0.0000 0.0000 0.0000
-4.1860 2.1588 -11.8518 0.0000 0.0000 0.0000
-4.8964 2.1209 -12.3388 0.0000 0.0000 0.0000
-4.8168 2.0974 -12.2508 0.0000 0.0000 0.0000
-4.6631 2.1717 -11.1067 0.0000 0.0000 0.0000
-4.8170 2.2177 -10.8570 0.0000 0.0000 0.0000
-4.3285 1.8574 -10.8843 0.0000 0.0000 0.0000
-4.2927 1.9612 -10.6445 0.0000 0.0000 0.0000
-4.6759 2.0487 -11.0671 0.0000 0.0000 0.0000
-4.7772 2.0801 -10.6695 0.0000 0.0000 0.0000
-4.2943 2.0977 -10.9165 0.0000 0.0000 0.0000
-4.2357 1.9970 -10.9121 0.0000 0.0000 0.0000
-4.5939 2.2065 -9.6983 0.0000 0.0000 0.0000
-4.8648 2.2747 -10.1526 0.0000 0.0000 0.0000
-4.2014 2.1227 -10.0911 0.0000 0.0000 0.0000
-4.6152 2.3263 -10.1892 0.0000 0.0000 0.0000
-4.8767 1.6054 -9.9424 0.0000 0.0000 0.0000
-4.6821 2.1108 -10.1076 0.0000 0.0000 0.0000
-4.1753 2.2998 -10.0356 0.0000 0.0000 0.0000
-4.7731 2.1742 -10.2454 0.0000 0.0000 0.0000
-4.8931 2.0364 -8.6063 0.0000 0.0000 0.0000
-4.2457 1.7481 -8.8612 0.0000 0.0000 0.0000
-4.4640 1.7119 -8.9055 0.0000 0.0000 0.0000
-4.6596 2.0900 -9.3411 0.0000 0.0000 0.0000
-4.3591 2.1704 -9.3371 0.0000 0.0000 0.0000
-4.8272 2.0049 -8.7071 0.0000 0.0000 0.0000
-4.2924 1.9262 -8.7631 0.0000 0.0000 0.0000
-4.2781 2.0040 -9.0489 0.0000 0.0000 0.0000
-4.4949 1.7047 -8.2655 0.0000 0.0000 0.0000
-4.2516 2.2824 -7.7844 0.0000 0.0000 0.0000
-4.1910 1.8569 -7.7771 0.0000 0.0000 0.0000
-4.7518 1.8236 -7.9298 0.0000 0.0000 0.0000
-4.5577 1.8075 -7.7933 0.0000 0.0000 0.0000
-4.7926 2.1495 -7.8959 0.0000 0.0000 0.0000
-4.3373 2.1174 -7.6698 0.0000 0.0000 0.0000
-4.2104 2.3923 -7.7203 0.0000 0.0000 0.0000
-4.4158 2.2161 -7.1518 0.0000 0.0000 0.0000
-4.8621 1.7693 -7.3262 0.0000 0.0000 0.0000
-4.2594 2.0205 -6.7419 0.0000 0.0000 0.0000
-4.2855 1.8750 -7.0015 0.0000 0.0000 0.0000
-4.8642 1.7009 -7.0298 0.0000 0.0000 0.0000
-4.6715 2.0493 -7.1218 0.0000 0.0000 0.0000
-4.6686 1.7477 -6.9408 0.0000 0.0000 0.0000
-4.6096 2.0725 -6.7953 0.0000 0.0000 0.0000
-4.5240 2.2391 -6.0283 0.0000 0.0000 0.0000
-4.7886 2.1603 -5.9093 0.0000 0.0000 0.0000
-4.8041 2.3788 -5.8235 0.0000 0.0000 0.0000
-4.5819 1.9655 -6.1285 0.0000 0.0000 0.0000
-4.1895 2.3464 -6.2944 0.0000 0.0000 0.0000
-4.2317 2.3900 -5.9942 0.0000 0.0000 0.0000
-4.3905 2.2276 -6.3581 0.0000 0.0000 0.0000
-4.5067 1.7715 -5.6265 0.0000 0.0000 0.0000
-4.3006 1.9638 -4.8339 0.0000 0.0000 0.0000
-4.7600 1.6219 -4.7509 0.0000 0.0000 0.0000
-4.6056 1.7722 -4.7270 0.0000 0.0000 0.0000
-4.4445 2.3315 -5.1216 0.0000 0.0000 0.0000
-4.1784 1.7591 -5.1687 0.0000 0.0000 0.0000
-4.7017 2.1236 -5.0216 0.0000 0.0000 0.0000
-4.6893 2.3219 -5.0570 0.0000 0.0000 0.0000
-4.8511 1.6360 -4.6705 0.0000 0.0000 0.0000
-4.5243 2.1761 -3.8487 0.0000 0.0000 0.0000
-4.4797 1.9486 -4.0784 0.0000 0.0000 0.0000
-4.3702 1.8252 -3.8167 0.0000 0.0000 0.0000
-4.8417 1.7508 -3.8599 0.0000 0.0000 0.0000
-4.5851 2.1516 -4.1322 0.0000 0.0000 0.0000
-4.1023 1.9156 -4.3097 0.0000 0.0000 0.0000
-4.2247 1.6026 -4.2592 0.0000 0.0000 0.0000
-4.5620 1.6463 -4.2570 0.0000 0.0000 0.0000
-4.2388 1.6146 -2.8585 0.0000 0.0000 0.0000
-4.4492 1.6509 -2.6597 0.0000 0.0000 0.0000
-4.8998 2.3979 -2.9939 0.0000 0.0000 0.0000
-4.3160 1.8153 -2.8397 0.0000 0.0000 0.0000
-4.4573 1.9579 -3.0625 0.0000 0.0000 0.0000
-4.3124 1.6325 -2.6317 0.0000 0.0000 0.0000
-4.1457 1.7900 -3.3693 0.0000 0.0000 0.0000
-4.1045 2.1817 -3.3367 0.0000 0.0000 0.0000
-3.1587 -6.8504 -11.7244 0.0000 0.0000 0.0000
-3.3802 -7.1123 -11.8173 0.0000 0.0000 0.0000
-3.2786 -6.7257 -12.3743 0.0000 0.0000 0.0000
-3.7743 -6.7989 -11.7145 0.0000 0.0000 0.0000
-3.6714 -7.0191 -12.1861 0.0000 0.0000 0.0000
-3.3372 -6.8835 -11.9241 0.0000 0.0000 0.0000
-3.8322 -7.3047 -12.0223 0.0000 0.0000 0.0000
-3.8786 -6.6511 -11.7928 0.0000 0.0000 0.0000
-3.6232 -6.6456 -11.2352 0.0000 0.0000 0.0000
-3.7668 -6.7351 -11.0041 0.0000 0.0000 0.0000
-3.8419 -6.8565 -10.6896 0.0000 0.0000 0.0000
-3.6735 -6.6171 -10.9434 0.0000 0.0000 0.0000
-3.6625 -7.2136 -11.1764 0.0000 0.0000 0.0000
-3.8077 -6.6650 -11.0462 0.0000 0.0000 0.0000
-3.6928 -7.0186 -10.7524 0.0000 0.0000 0.0000
-3.2516 -6.8783 -10.9678 0.0000 0.0000 0.0000
-3.8035 -7.0521 -10.0563 0.0000 0.0000 0.0000
-3.6635 -6.9691 -10.2956 0.0000 0.0000 0.0000
-3.6972 -6.7659 -9.9289 0.0000 0.0000 0.0000
-3.7951 -7.3129 -9.6488 0.0000 0.0000 0.0000
-3.6327 -6.8773 -9.7250 0.0000 0.0000 0.0000
-3.6476 -6.6619 -10.3229 0.0000 0.0000 0.0000
-3.8865 -7.2235 -10.2419 0.0000 0.0000 0.0000
-3.4874 -6.7153 -9.7109 0.0000 0.0000 0.0000
-3.7164 -7.3227 -8.7505 0.0000 0.0000 0.0000
-3.5219 -7.1324 -8.9502 0.0000 0.0000 0.0000
-3.8481 -7.0765 -9.0850 0.0000 0.0000 0.0000
-3.6178 -7.2959 -9.1350 0.0000 0.0000 0.0000
-3.3379 -7.1942 -9.0980 0.0000 0.0000 0.0000
-3.6550 -7.0058 -9.1627 0.0000 0.0000 0.0000
-3.3878 -7.2409 -8.6993 0.0000 0.0000 0.0000
-3.1279 -7.3063 -8.9275 0.0000 0.0000 0.0000
-3.4335 -7.0071 -8.1506 0.0000 0.0000 0.0000
-3.2903 -6.8896 -8.2607 0.0000 0.0000 0.0000
-3.5771 -6.6088 -8.1132 0.0000 0.0000 0.0000
-3.2061 -7.0757 -7.7753 0.0000 0.0000 0.0000
-3.4172 -7.1641 -8.0736 0.0000 0.0000 0.0000
-3.5072 -6.9983 -7.6574 0.0000 0.0000 0.0000
-3.5207 -6.7893 -7.7483 0.0000 0.0000 0.0000
-3.6730 -6.8785 -8.0853 0.0000 0.0000 0.0000
-3.6570 -6.9825 -7.1439 0.0000 0.0000 0.0000
-3.8753 -7.3122 -6.9848 0.0000 0.0000 0.0000
-3.5456 -7.3682 -6.7520 0.0000 0.0000 0.0000
-3.6266 -6.8635 -7.0900 0.0000 0.0000 0.0000
-3.1060 -7.3967 -6.9947 0.0000 0.0000 0.0000
-3.3236 -7.0229 -6.9663 0.0000 0.0000 0.0000
-3.7540 -6.7380 -7.0085 0.0000 0.0000 0.0000
-3.3619 -6.9525 -7.1522 0.0000 0.0000 0.0000
-3.6510 -6.9171 -5.6803 0.0000 0.0000 0.0000
-3.5347 -6.7592 -6.2583 0.0000 0.0000 0.0000
-3.8589 -7.0753 -6.2414 0.0000 0.0000 0.0000
-3.6631 -6.8870 -5.8410 0.0000 0.0000 0.0000
-3.4254 -7.3696 -6.0747 0.0000 0.0000 0.0000
-3.5579 -7.3509 -5.8454 0.0000 0.0000 0.0000
-3.6666 -6.8144 -5.6198 0.0000 0.0000 0.0000
-3.2219 -6.8225 -5.8459 0.0000 0.0000 0.0000
-3.1555 -6.9830 -5.3867 0.0000 0.0000 0.0000
-3.4275 -7.0363 -4.6802 0.0000 0.0000 0.0000
-3.8594 -7.2399 -4.8043 0.0000 0.0000 0.0000
-3.7597 -6.7512 -4.8788 0.0000 0.0000 0.0000
-3.2810 -6.9595 -4.8988 0.0000 0.0000 0.0000
-3.7614 -7.0043 -5.2510 0.0000 0.0000 0.0000
-3.5556 -6.6626 -5.0784 0.0000 0.0000 0.0000
-3.2448 -6.8275 -4.8189 0.0000 0.0000 0.0000
-3.7687 -7.0616 -4.1435 0.0000 0.0000 0.0000
-3.1145 -6.9311 -3.9448 0.0000 0.0000 0.0000
-3.4486 -7.0873 -3.8380 0.0000 0.0000 0.0000
-3.8813 -7.3018 -3.9428 0.0000 0.0000 0.0000
-3.6927 -6.9048 -3.7892 0.0000 0.0000 0.0000
-3.2170 -7.1449 -4.0045 0.0000 0.0000 0.0000
-3.4511 -7.1966 -4.1525 0.0000 0.0000 0.0000
-3.3496 -6.9181 -3.7201 0.0000 0.0000 0.0000
-3.3220 -7.1045 -3.1664 0.0000 0.0000 0.0000
-3.8111 -7.2321 -2.6423 0.0000 0.0000 0.0000
-3.6232 -7.0671 -2.7465 0.0000 0.0000 0.0000
-3.5341 -7.3618 -3.1991 0.0000 0.0000 0.0000
-3.6155 -6.7761 -3.0582 0.0000 0.0000 0.0000
-3.1287 -6.9696 -3.0367 0.0000 0.0000 0.0000
-3.4419 -6.8784 -2.7320 0.0000 0.0000 0.0000
-3.2321 -6.9496 -3.1218 0.0000 0.0000 0.0000
-3.7367 -5.6692 -12.3620 0.0000 0.0000 0.0000
-3.2768 -5.8898 -11.9026 0.0000 0.0000 0.0000
-3.6765 -5.9953 -11.9645 0.0000 0.0000 0.0000
-3.5183 -5.7972 -12.0945 0.0000 0.0000 0.0000
-3.6500 -6.0284 -11.9196 0.0000 0.0000 0.0000
-3.7381 -6.2395 -12.0289 0.0000 0.0000 0.0000
-3.3856 -5.6517 -12.1746 0.0000 0.0000 0.0000
-3.6084 -6.0819 -11.8153 0.0000 0.0000 0.0000
-3.3053 -6.3488 -10.6476 0.0000 0.0000 0.0000
-3.2343 -6.0199 -10.9051 0.0000 0.0000 0.0000
-3.5133 -5.6521 -11.0063 0.0000 0.0000 0.0000
-3.4460 -5.8835 -10.7092 0.0000 0.0000 0.0000
-3.3976 -5.7508 -10.9663 0.0000 0.0000 0.0000
-3.5066 -5.6581 -11.1543 0.0000 0.0000 0.0000
-3.8486 -5.8981 -11.3093 0.0000 0.0000 0.0000
-3.1933 -5.9686 -10.6512 0.0000 0.0000 0.0000
-3.8928 -6.2321 -9.8349 0.0000 0.0000 0.0000
-3.5113 -6.1960 -9.9759 0.0000 0.0000 0.0000
-3.7113 -6.1837 -9.8005 0.0000 0.0000 0.0000
-3.4958 -6.3498 -10.3507 0.0000 0.0000 0.0000
-3.7372 -5.7618 -9.6374 0.0000 0.0000 0.0000
-3.2068 -5.8024 -10.3579 0.0000 0.0000 0.0000
-3.1661 -6.0405 -10.0065 0.0000 0.0000 0.0000
-3.4149 -6.2774 -9.9125 0.0000 0.0000 0.0000
-3.8713 -5.6369 -8.7507 0.0000 0.0000 0.0000
-3.8480 -5.7006 -9.1757 0.0000 0.0000 0.0000
-3.2054 -5.7798 -8.8488 0.0000 0.0000 0.0000
-3.8643 -6.0999 -9.3926 0.0000 0.0000 0.0000
-3.7321 -5.9775 -8.8916 0.0000 0.0000 0.0000
-3.2610 -6.3823 -8.8037 0.0000 0.0000 0.0000
-3.4396 -6.2444 -9.3124 0.0000 0.0000 0.0000
-3.6754 -5.8003 -9.2525 0.0000 0.0000 0.0000
-3.8765 -6.2686 -8.0783 0.0000 0.0000 0.0000
-3.5050 -5.8450 -8.0007 0.0000 0.0000 0.0000
-3.4827 -6.0247 -8.2027 0.0000 0.0000 0.0000
-3.4277 -6.0649 -7.8718 0.0000 0.0000 0.0000
-3.8619 -6.3666 -8.1787 0.0000 0.0000 0.0000
-3.8798 -5.6203 -7.7475 0.0000 0.0000 0.0000
-3.3403 -5.6351 -7.8083 0.0000 0.0000 0.0000
-3.6531 -5.8208 -8.0097 0.0000 0.0000 0.0000
-3.6889 -5.6445 -6.6658 0.0000 0.0000 0.0000
-3.6640 -5.8405 -7.1374 0.0000 0.0000 0.0000
-3.7437 -5.9829 -6.9360 0.0000 0.0000 0.0000
-3.6709 -5.8611 -7.0910 0.0000 0.0000 0.0000
-3.2828 -5.9494 -6.7549 0.0000 0.0000 0.0000
-3.3392 -6.0395 -7.2750 0.0000 0.0000 0.0000
-3.4174 -6.2822 -6.6341 0.0000 0.0000 0.0000
-3.7445 -6.1983 -7.0155 0.0000 0.0000 0.0000
-3.6226 -6.2468 -6.0221 0.0000 0.0000 0.0000
-3.2488 -5.8201 -6.0316 0.0000 0.0000 0.0000
-3.6543 -6.0685 -6.0717 0.0000 0.0000 0.0000
-3.2475 -6.1905 -6.1977 0.0000 0.0000 0.0000
-3.4341 -5.7934 -5.8130 0.0000 0.0000 0.0000
-3.1295 -6.2976 -6.3577 0.0000 0.0000 0.0000
-3.5174 -5.8163 -6.1234 0.0000 0.0000 0.0000
-3.7401 -5.9019 -5.9600 0.0000 0.0000 0.0000
-3.2695 -5.6068 -4.9728 0.0000 0.0000 0.0000
-3.4203 -6.1772 -5.3230 0.0000 0.0000 0.0000
-3.1735 -5.7026 -5.3324 0.0000 0.0000 0.0000
-3.7292 -5.6511 -5.1023 0.0000 0.0000 0.0000
-3.7387 -6.1757 -5.2242 0.0000 0.0000 0.0000
-3.5335 -6.1054 -4.8932 0.0000 0.0000 0.0000
-3.5177 -6.3911 -5.1466 0.0000 0.0000 0.0000
-3.5819 -6.1862 -5.2094 0.0000 0.0000 0.0000
-3.4584 -5.9607 -3.9446 0.0000 0.0000 0.0000
-3.3041 -6.0795 -4.3120 0.0000 0.0000 0.0000
-3.3149 -5.8191 -3.6577 0.0000 0.0000 0.0000
-3.8919 -5.6469 -3.6661 0.0000 0.0000 0.0000
-3.7686 -5.9389 -4.3118 0.0000 0.0000 0.0000
-3.6220 -5.6392 -4.0581 0.0000 0.0000 0.0000
-3.2857 -5.6807 -3.6448 0.0000 0.0000 0.0000
-3.7785 -5.6120 -4.1867 0.0000 0.0000 0.0000
-3.1583 -6.3522 -3.3295 0.0000 0.0000 0.0000
-3.8530 -6.2341 -2.9381 0.0000 0.0000 0.0000
-3.4342 -6.0861 -3.3061 0.0000 0.0000 0.0000
-3.5477 -5.9957 -3.0549 0.0000 0.0000 0.0000
-3.4842 -5.7076 -3.3545 0.0000 0.0000 0.0000
-3.1103 -6.1541 -2.9028 0.0000 0.0000 0.0000
-3.7514 -6.2216 -3.2707 0.0000 0.0000 0.0000
-3.1258 -5.8384 -3.1761 0.0000 0.0000 0.0000
-3.6596 -4.7721 -12.0673 0.0000 0.0000 0.0000
-3.4646 -4.9974 -11.6437 0.0000 0.0000 0.0000
-3.5603 -4.6054 -11.8157 0.0000 0.0000 0.0000
-3.7164 -5.1369 -11.9157 0.0000 0.0000 0.0000
-3.3255 -5.0943 -11.7082 0.0000 0.0000 0.0000
-3.8974 -5.0814 -12.2164 0.0000 0.0000 0.0000
-3.7108 -5.2115 -12.0331 0.0000 0.0000 0.0000
-3.5481 -4.8899 -12.1885 0.0000 0.0000 0.0000
-3.8435 -5.2035 -10.7461 0.0000 0.0000 0.0000
-3.2216 -5.3351 -11.1234 0.0000 0.0000 0.0000
-3.6670 -4.9031 -11.2417 0.0000 0.0000 0.0000
-3.2218 -4.6203 -11.0188 0.0000 0.0000 0.0000
-3.1631 -5.0005 -10.8891 0.0000 0.0000 0.0000
-3.3525 -5.2782 -11.3175 0.0000 0.0000 0.0000
-3.8615 -4.6300 -11.1379 0.0000 0.0000 0.0000
-3.4031 -4.7546 -10.7720 0.0000 0.0000 0.0000
-3.2823 -5.3613 -9.9019 0.0000 0.0000 0.0000
-3.7238 -4.9800 -10.1622 0.0000 0.0000 0.0000
-3.5396 -5.3883 -9.9683 0.0000 0.0000 0.0000
-3.2231 -4.8643 -9.6158 0.0000 0.0000 0.0000
-3.3689 -4.7211 -9.9916 0.0000 0.0000 0.0000
-3.6955 -4.9017 -9.7393 0.0000 0.0000 0.0000
-3.4588 -4.6999 -10.2935 0.0000 0.0000 0.0000
-3.2698 -4.6338 -9.8328 0.0000 0.0000 0.0000
-3.6756 -5.2667 -9.0931 0.0000 0.0000 0.0000
-3.6425 -5.2400 -9.2852 0.0000 0.0000 0.0000
-3.6566 -4.6671 -8.9885 0.0000 0.0000 0.0000
-3.8613 -4.6019 -8.9578 0.0000 0.0000 0.0000
-3.4560 -5.1738 -9.2402 0.0000 0.0000 0.0000
-3.8193 -5.3925 -9.3948 0.0000 0.0000 0.0000
-3.2636 -4.8838 -8.6065 0.0000 0.0000 0.0000
-3.2307 -4.9670 -8.6150 0.0000 0.0000 0.0000
-3.1542 -4.7224 -8.2029 0.0000 0.0000 0.0000
-3.6083 -5.0726 -7.9021 0.0000 0.0000 0.0000
-3.7308 -5.2245 -7.9419 0.0000 0.0000 0.0000
-3.2120 -4.7390 -8.3939 0.0000 0.0000 0.0000
-3.8771 -5.1898 -8.2488 0.0000 0.0000 0.0000
-3.7672 -5.2005 -7.6882 0.0000 0.0000 0.0000
-3.1542 -4.8129 -7.9476 0.0000 0.0000 0.0000
-3.1877 -4.9871 -7.7559 0.0000 0.0000 0.0000
-3.3581 -5.0679 -7.3569 0.0000 0.0000 0.0000
-3.1875 -4.8031 -6.7202 0.0000 0.0000 0.0000
-3.4948 -4.6903 -6.9726 0.0000 0.0000 0.0000
-3.6207 -4.7312 -7.1621 0.0000 0.0000 0.0000
-3.1066 -4.6799 -6.8039 0.0000 0.0000 0.0000
-3.2025 -4.6101 -6.9828 0.0000 0.0000 0.0000
-3.8002 -4.9022 -7.0763 0.0000 0.0000 0.0000
-3.3104 -5.3899 -6.9079 0.0000 0.0000 0.0000
-3.6867 -5.1016 -5.8766 0.0000 0.0000 0.0000
-3.6777 -5.0095 -6.2161 0.0000 0.0000 0.0000
-3.3014 -5.0411 -6.0273 0.0000 0.0000 0.0000
-3.1313 -5.1115 -5.6125 0.0000 0.0000 0.0000
-3.6931 -4.7701 -5.9433 0.0000 0.0000 0.0000
-3.8306 -4.8802 -6.1552 0.0000 0.0000 0.0000
-3.4211 -5.0671 -6.2216 0.0000 0.0000 0.0000
-3.5753 -5.0557 -5.9873 0.0000 0.0000 0.0000
-3.6061 -4.8665 -4.9623 0.0000 0.0000 0.0000
-3.3207 -5.3082 -5.0524 0.0000 0.0000 0.0000
-3.8539 -5.1063 -5.0393 0.0000 0.0000 0.0000
-3.7722 -4.9406 -4.8846 0.0000 0.0000 0.0000
-3.1799 -4.8423 -5.0871 0.0000 0.0000 0.0000
-3.3765 -4.8370 -4.8972 0.0000 0.0000 0.0000
-3.7619 -5.1845 -4.8683 0.0000 0.0000 0.0000
-3.8625 -4.6126 -5.3714 0.0000 0.0000 0.0000
-3.2664 -5.3419 -4.2761 0.0000 0.0000 0.0000
-3.2507 -4.8172 -3.8876 0.0000 0.0000 0.0000
-3.7854 -5.2212 -4.1803 0.0000 0.0000 0.0000
-3.3423 -4.6865 -3.6413 0.0000 0.0000 0.0000
-3.2670 -5.2347 -4.1729 0.0000 0.0000 0.0000
-3.1591 -5.2597 -3.9895 0.0000 0.0000 0.0000
-3.1301 -4.6866 -4.3973 0.0000 0.0000 0.0000
-3.1155 -5.3573 -4.3402 0.0000 0.0000 0.0000
-3.5139 -4.6812 -2.8557 0.0000 0.0000 0.0000
-3.6218 -5.2087 -3.0962 0.0000 0.0000 0.0000
-3.1828 -4.7811 -3.3365 0.0000 0.0000 0.0000
-3.5106 -4.8362 -2.7688 0.0000 0.0000 0.0000
-3.4627 -4.9951 -2.6513 0.0000 0.0000 0.0000
-3.2804 -4.7912 -2.8868 0.0000 0.0000 0.0000
-3.1479 -4.7104 -2.6927 0.0000 0.0000 0.0000
-3.8301 -4.8463 -2.9360 0.0000 0.0000 0.0000
-3.3814 -3.9474 -11.8868 0.0000 0.0000 0.0000
-3.8398 -4.0060 -11.9768 0.0000 0.0000 0.0000
-3.8185 -3.6724 -11.9935 0.0000 0.0000 0.0000
-3.4992 -3.9908 -12.0872 0.0000 0.0000 0.0000
-3.6910 -4.3013 -11.6507 0.0000 0.0000 0.0000
-3.8551 -4.2975 -12.1243 0.0000 0.0000 0.0000
-3.2030 -4.3464 -11.9751 0.0000 0.0000 0.0000
-3.3757 -4.1881 -12.1448 0.0000 0.0000 0.0000
-3.5910 -4.0027 -11.0284 0.0000 0.0000 0.0000
-3.8006 -4.0584 -10.9742 0.0000 0.0000 0.0000
-3.4235 -4.2662 -11.1465 0.0000 0.0000 0.0000
-3.2851 -4.3281 -10.6549 0.0000 0.0000 0.0000
-3.8531 -4.3295 -10.6129 0.0000 0.0000 0.0000
-3.8125 -4.2429 -11.3315 0.0000 0.0000 0.0000
-3.8623 -3.7072 -11.3566 0.0000 0.0000 0.0000
-3.6388 -3.9978 -10.6370 0.0000 0.0000 0.0000
-3.2486 -3.9565 -10.0097 0.0000 0.0000 0.0000
-3.7980 -3.6597 -10.2100 0.0000 0.0000 0.0000
-3.4373 -3.8626 -9.6974 0.0000 0.0000 0.0000
-3.8760 -4.0418 -9.7797 0.0000 0.0000 0.0000
-3.1864 -3.6181 -10.3259 0.0000 0.0000 0.0000
-3.8407 -4.3824 -9.9589 0.0000 0.0000 0.0000
-3.4087 -3.6096 -9.9870 0.0000 0.0000 0.0000
-3.5796 -4.3937 -10.3007 0.0000 0.0000 0.0000
-3.4166 -3.9016 -8.6531 0.0000 0.0000 0.0000
-3.4884 -4.3493 -9.3624 0.0000 0.0000 0.0000
-3.8109 -3.7188 -8.9830 0.0000 0.0000 0.0000
-3.4146 -4.1334 -9.2625 0.0000 0.0000 0.0000
-3.1072 -4.1269 -9.3345 0.0000 0.0000 0.0000
-3.5308 -4.3573 -8.6218 0.0000 0.0000 0.0000
-3.1143 -3.7115 -8.9703 0.0000 0.0000 0.0000
-3.5903 -4.1815 -9.3520 0.0000 0.0000 0.0000
-3.3644 -4.2811 -8.2009 0.0000 0.0000 0.0000
-3.2752 -4.3520 -7.7097 0.0000 0.0000 0.0000
-3.6504 -4.0054 -7.8858 0.0000 0.0000 0.0000
-3.8457 -3.7917 -7.8510 0.0000 0.0000 0.0000
-3.8621 -3.8353 -8.0348 0.0000 0.0000 0.0000
-3.7544 -3.9720 -8.2164 0.0000 0.0000 0.0000
-3.5514 -4.2340 -8.2065 0.0000 0.0000 0.0000
-3.4051 -3.8884 -7.8772 0.0000 0.0000 0.0000
-3.8618 -4.3402 -7.2115 0.0000 0.0000 0.0000
-3.3987 -4.0754 -6.6274 0.0000 0.0000 0.0000
-3.5645 -3.7301 -6.6674 0.0000 0.0000 0.0000
-3.5561 -3.8017 -6.6374 0.0000 0.0000 0.0000
-3.7658 -3.8734 -7.3573 0.0000 0.0000 0.0000
-3.3051 -3.7490 -7.0802 0.0000 0.0000 0.0000
-3.7541 -3.9396 -6.9069 0.0000 0.0000 0.0000
-3.2713 -3.8714 -7.2912 0.0000 0.0000 0.0000
-3.3442 -3.7110 -6.2974 0.0000 0.0000 0.0000
-3.4607 -4.0196 -6.3679 0.0000 0.0000 0.0000
-3.4158 -4.2560 -6.0596 0.0000 0.0000 0.0000
-3.6290 -4.1701 -6.1065 0.0000 0.0000 0.0000
-3.1241 -3.9608 -6.2239 0.0000 0.0000 0.0000
-3.2146 -3.6510 -5.7574 0.0000 0.0000 0.0000
-3.5313 -3.6013 -6.2927 0.0000 0.0000 0.0000
-3.3309 -4.1954 -6.3975 0.0000 0.0000 0.0000
-3.6151 -3.9015 -4.9654 0.0000 0.0000 0.0000
-3.5431 -3.9625 -5.0818 0.0000 0.0000 0.0000
-3.4181 -3.6217 -4.7200 0.0000 0.0000 0.0000
-3.7710 -3.6108 -5.2682 0.0000 0.0000 0.0000
-3.7372 -3.8484 -4.6760 0.0000 0.0000 0.0000
-3.7025 -3.6011 -5.1280 0.0000 0.0000 0.0000
-3.7124 -4.0463 -5.2951 0.0000 0.0000 0.0000
-3.5268 -3.7930 -5.2811 0.0000 0.0000 0.0000
-3.2226 -3.6732 -4.1523 0.0000 0.0000 0.0000
-3.2305 -4.3251 -3.8850 0.0000 0.0000 0.0000
-3.5689 -3.6905 -4.1030 0.0000 0.0000 0.0000
-3.7872 -3.6110 -4.0654 0.0000 0.0000 0.0000
-3.1831 -3.8460 -4.1419 0.0000 0.0000 0.0000
-3.8446 -4.2120 -4.0579 0.0000 0.0000 0.0000
-3.4725 -4.1741 -3.7564 0.0000 0.0000 0.0000
-3.1737 -3.7656 -4.0515 0.0000 0.0000 0.0000
-3.5323 -4.2425 -2.9784 0.0000 0.0000 0.0000
-3.1370 -3.8946 -2.8937 0.0000 0.0000 0.0000
-3.1770 -4.1460 -3.1909 0.0000 0.0000 0.0000
-3.2504 -3.7651 -2.9646 0.0000 0.0000 0.0000
-3.5684 -4.1106 -3.1956 0.0000 0.0000 0.0000
-3.7719 -4.0244 -3.0322 0.0000 0.0000 0.0000
-3.3763 -4.0049 -3.1223 0.0000 0.0000 0.0000
-3.6794 -4.2772 -3.3837 0.0000 0.0000 0.0000
-3.7061 -3.2176 -11.9656 0.0000 0.0000 0.0000
-3.3360 -3.1218 -11.9648 0.0000 0.0000 0.0000
-3.7631 -3.1106 -11.8540 0.0000 0.0000 0.0000
-3.4308 -2.8782 -11.6735 0.0000 0.0000 0.0000
-3.8577 -3.0393 -11.8872 0.0000 0.0000 0.0000
-3.1394 -2.8695 -11.8542 0.0000 0.0000 0.0000
-3.6980 -3.0828 -12.1358 0.0000 0.0000 0.0000
-3.5231 -3.3319 -11.7759 0.0000 0.0000 0.0000
-3.1428 -3.3598 -11.3683 0.0000 0.0000 0.0000
-3.6734 -3.2760 -11.1895 0.0000 0.0000 0.0000
-3.4123 -2.9931 -10.7115 0.0000 0.0000 0.0000
-3.2269 -2.6325 -11.3355 0.0000 0.0000 0.0000
-3.7828 -2.7305 -10.7507 0.0000 0.0000 0.0000
-3.3947 -2.7875 -11.3132 0.0000 0.0000 0.0000
-3.1612 -2.9160 -11.3653 0.0000 0.0000 0.0000
-3.5251 -2.9526 -10.8101 0.0000 0.0000 0.0000
-3.1163 -2.7324 -10.3690 0.0000 0.0000 0.0000
-3.3778 -3.2220 -9.9976 0.0000 0.0000 0.0000
-3.5910 -3.0828 -9.9559 0.0000 0.0000 0.0000
-3.2000 -2.9981 -9.9473 0.0000 0.0000 0.0000
-3.6634 -2.9943 -9.8471 0.0000 0.0000 0.0000
-3.5960 -2.6553 -9.9641 0.0000 0.0000 0.0000
-3.7430 -2.9392 -10.1717 0.0000 0.0000 0.0000
-3.6274 -3.2801 -9.9657 0.0000 0.0000 0.0000
-3.2263 -2.6395 -9.1005 0.0000 0.0000 0.0000
-3.7682 -2.6183 -8.7245 0.0000 0.0000 0.0000
-3.5716 -3.2186 -9.1873 0.0000 0.0000 0.0000
-3.3078 -2.8347 -8.7645 0.0000 0.0000 0.0000
-3.4645 -3.1050 -8.9465 0.0000 0.0000 0.0000
-3.5413 -3.1803 -9.1987 0.0000 0.0000 0.0000
-3.1325 -2.7673 -9.3354 0.0000 0.0000 0.0000
-3.5277 -2.6728 -8.8431 0.0000 0.0000 0.0000
-3.6101 -3.2380 -8.2771 0.0000 0.0000 0.0000
-3.4783 -3.3304 -7.8897 0.0000 0.0000 0.0000
-3.8000 -2.6300 -7.8076 0.0000 0.0000 0.0000
-3.7445 -3.2722 -8.3994 0.0000 0.0000 0.0000
-3.7517 -3.1231 -7.7498 0.0000 0.0000 0.0000
-3.1440 -3.1541 -8.3902 0.0000 0.0000 0.0000
-3.1394 -2.7569 -7.7635 0.0000 0.0000 0.0000
-3.1782 -3.3429 -7.9395 0.0000 0.0000 0.0000
-3.2248 -3.3837 -6.8060 0.0000 0.0000 0.0000
-3.7276 -3.3361 -6.9177 0.0000 0.0000 0.0000
-3.2005 -2.7899 -6.6509 0.0000 0.0000 0.0000
-3.5585 -2.9062 -7.0558 0.0000 0.0000 0.0000
-3.7134 -2.6648 -6.7557 0.0000 0.0000 0.0000
-3.8677 -3.2415 -7.1501 0.0000 0.0000 0.0000
-3.8565 -3.1736 -6.9893 0.0000 0.0000 0.0000
-3.2786 -2.9801 -7.2746 0.0000 0.0000 0.0000
-3.4403 -2.9558 -5.9559 0.0000 0.0000 0.0000
-3.2058 -3.0843 -6.0009 0.0000 0.0000 0.0000
-3.8281 -2.8547 -5.8893 0.0000 0.0000 0.0000
-3.6647 -2.9281 -5.7009 0.0000 0.0000 0.0000
-3.8909 -2.8894 -5.6182 0.0000 0.0000 0.0000
-3.1717 -2.6818 -5.9523 0.0000 0.0000 0.0000
-3.8338 -2.7601 -5.6239 0.0000 0.0000 0.0000
-3.5537 -3.0696 -5.8986 0.0000 0.0000 0.0000
-3.7450 -3.1827 -4.6984 0.0000 0.0000 0.0000
-3.5197 -2.8276 -4.8644 0.0000 0.0000 0.0000
-3.4835 -2.8148 -4.9177 0.0000 0.0000 0.0000
-3.8084 -2.9353 -5.2150 0.0000 0.0000 0.0000
-3.6474 -3.1347 -4.6540 0.0000 0.0000 0.0000
-3.6161 -2.8307 -5.1472 0.0000 0.0000 0.0000
-3.7175 -3.1737 -5.2317 0.0000 0.0000 0.0000
-3.2797 -2.6761 -5.1334 0.0000 0.0000 0.0000
-3.7524 -2.7148 -3.7483 0.0000 0.0000 0.0000
-3.1794 -3.0875 -3.7428 0.0000 0.0000 0.0000
-3.6624 -3.2339 -4.2285 0.0000 0.0000 0.0000
-3.8449 -2.7480 -4.2778 0.0000 0.0000 0.0000
-3.5740 -3.0757 -3.8707 0.0000 0.0000 0.0000
-3.8438 -3.0169 -3.6666 0.0000 0.0000 0.0000
-3.8449 -2.9553 -3.7697 0.0000 0.0000 0.0000
-3.4586 -3.0373 -3.6998 0.0000 0.0000 0.0000
-3.1462 -2.9279 -3.0834 0.0000 0.0000 0.0000
-3.6253 -3.2703 -3.0092 0.0000 0.0000 0.0000
-3.3080 -2.9808 -2.7368 0.0000 0.0000 0.0000
-3.3633 -2.7793 -3.3357 0.0000 0.0000 0.0000
-3.3772 -2.8367 -3.0682 0.0000 0.0000 0.0000
-3.4423 -3.2415 -2.7697 0.0000 0.0000 0.0000
-3.4026 -2.6003 -3.2475 0.0000 0.0000 0.0000
-3.5962 -2.9840 -2.6610 0.0000 0.0000 0.0000
-3.6893 -2.2040 -12.1777 0.0000 0.0000 0.0000
-3.2700 -1.9352 -12.1352 0.0000 0.0000 0.0000
-3.3643 -2.1664 -12.1166 0.0000 0.0000 0.0000
-3.1940 -1.6078 -12.3697 0.0000 0.0000 0.0000
-3.6077 -1.9126 -11.7873 0.0000 0.0000 0.0000
-3.2577 -1.8134 -11.6375 0.0000 0.0000 0.0000
-3.1138 -1.6725 -12.2656 0.0000 0.0000 0.0000
-3.7756 -1.8138 -12.3545 0.0000 0.0000 0.0000
-3.5973 -2.2818 -11.1785 0.0000 0.0000 0.0000
-3.7888 -1.6646 -11.1607 0.0000 0.0000 0.0000
-3.8996 -1.9784 -10.6651 0.0000 0.0000 0.0000
-3.3081 -2.2550 -11.1873 0.0000 0.0000 0.0000
-3.1684 -1.9068 -10.8627 0.0000 0.0000 0.0000
-3.8206 -1.6948 -11.2244 0.0000 0.0000 0.0000
-3.4007 -2.1939 -10.8317 0.0000 0.0000 0.0000
-3.8993 -1.8908 -10.6216 0.0000 0.0000 0.0000
-3.6256 -2.1469 -10.0479 0.0000 0.0000 0.0000
-3.8520 -1.7317 -9.9819 0.0000 0.0000 0.0000
-3.2339 -2.0720 -9.6272 0.0000 0.0000 0.0000
-3.3682 -2.1385 -9.7864 0.0000 0.0000 0.0000
-3.4070 -1.8161 -10.1279 0.0000 0.0000 0.0000
-3.1028 -2.3065 -9.9709 0.0000 0.0000 0.0000
-3.1343 -2.2486 -10.3909 0.0000 0.0000 0.0000
-3.7821 -2.1021 -10.0731 0.0000 0.0000 0.0000
-3.4464 -2.1801 -8.7128 0.0000 0.0000 0.0000
-3.2273 -2.2108 -9.1373 0.0000 0.0000 0.0000
-3.7150 -1.9837 -9.1340 0.0000 0.0000 0.0000
-3.5193 -1.7428 -8.6532 0.0000 0.0000 0.0000
-3.8843 -2.2343 -8.7898 0.0000 0.0000 0.0000
-3.2042 -2.1092 -9.1434 0.0000 0.0000 0.0000
-3.8200 -2.3019 -8.9227 0.0000 0.0000 0.0000
-3.1697 -1.6069 -9.3673 0.0000 0.0000 0.0000
-3.8338 -2.1345 -7.9556 0.0000 0.0000 0.0000
-3.5730 -1.7435 -7.9045 0.0000 0.0000 0.0000
-3.8461 -2.0501 -8.3208 0.0000 0.0000 0.0000
-3.4881 -2.2796 -7.8042 0.0000 0.0000 0.0000
-3.3308 -2.3781 -8.1686 0.0000 0.0000 0.0000
-3.8685 -1.6728 -8.0458 0.0000 0.0000 0.0000
-3.7016 -1.6517 -7.8347 0.0000 0.0000 0.0000
-3.4163 -2.1662 -7.8497 0.0000 0.0000 0.0000
-3.4937 -1.6037 -6.6386 0.0000 0.0000 0.0000
-3.4154 -1.8666 -6.9689 0.0000 0.0000 0.0000
-3.7389 -2.3941 -7.3260 0.0000 0.0000 0.0000
-3.6516 -1.6981 -6.7198 0.0000 0.0000 0.0000
-3.1003 -1.6526 -7.0904 0.0000 0.0000 0.0000
-3.2724 -2.1671 -7.0575 0.0000 0.0000 0.0000
-3.1307 -2.3074 -7.1873 0.0000 0.0000 0.0000
-3.4916 -1.6223 -6.6574 0.0000 0.0000 0.0000
-3.3937 -2.3692 -5.8081 0.0000 0.0000 0.0000
-3.3128 -2.2636 -6.1727 0.0000 0.0000 0.0000
-3.7059 -1.6193 -5.7800 0.0000 0.0000 0.0000
-3.4177 -2.3678 -6.0705 0.0000 0.0000 0.0000
-3.5319 -1.8331 -6.0840 0.0000 0.0000 0.0000
-3.7186 -2.0880 -6.3700 0.0000 0.0000 0.0000
-3.7503 -2.3747 -6.3907 0.0000 0.0000 0.0000
-3.1266 -1.9902 -5.6319 0.0000 0.0000 0.0000
-3.1170 -2.0875 -4.9378 0.0000 0.0000 0.0000
-3.3896 -2.1537 -4.6934 0.0000 0.0000 0.0000
-3.8315 -2.3155 -5.1421 0.0000 0.0000 0.0000
-3.8800 -1.7758 -4.8543 0.0000 0.0000 0.0000
-3.4616 -1.7120 -4.9474 0.0000 0.0000 0.0000
-3.3263 -1.8664 -4.6113 0.0000 0.0000 0.0000
-3.1408 -1.9484 -4.7171 0.0000 0.0000 0.0000
-3.7724 -1.8476 -4.6118 0.0000 0.0000 0.0000
-3.4223 -2.1217 -4.1346 0.0000 0.0000 0.0000
-3.2998 -1.8425 -3.9316 0.0000 0.0000 0.0000
-3.6780 -2.2479 -4.2626 0.0000 0.0000 0.0000
-3.4743 -1.9310 -3.8535 0.0000 0.0000 0.0000
-3.3800 -1.7611 -4.3406 0.0000 0.0000 0.0000
-3.4670 -2.1790 -3.7430 0.0000 0.0000 0.0000
-3.8895 -1.7911 -3.7525 0.0000 0.0000 0.0000
-3.7749 -1.6829 -4.0366 0.0000 0.0000 0.0000
-3.4918 -1.7351 -2.6233 0.0000 0.0000 0.0000
-3.7202 -2.1175 -3.1030 0.0000 0.0000 0.0000
-3.2609 -1.9720 -3.1566 0.0000 0.0000 0.0000
-3.8168 -1.7093 -2.6102 0.0000 0.0000 0.0000
-3.6723 -1.9200 -3.2395 0.0000 0.0000 0.0000
-3.8125 -2.1316 -2.6417 0.0000 0.0000 0.0000
-3.3220 -2.2555 -3.0322 0.0000 0.0000 0.0000
-3.8116 -1.7509 -2.7677 0.0000 0.0000 0.0000
-3.3183 -1.0830 -12.1493 0.0000 0.0000 0.0000
-3.8468 -1.0213 -11.7052 0.0000 0.0000 0.0000
-3.1129 -0.6579 -11.9369 0.0000 0.0000 0.0000
-3.8387 -0.6527 -11.7689 0.0000 0.0000 0.0000
-3.6716 -1.3661 -11.9646 0.0000 0.0000 0.0000
-3.4586 -1.2606 -11.6181 0.0000 0.0000 0.0000
-3.3195 -0.9005 -12.2274 0.0000 0.0000 0.0000
-3.3315 -1.1109 -12.1175 0.0000 0.0000 0.0000
-3.1339 -1.0468 -10.7099 0.0000 0.0000 0.0000
-3.2503 -1.3530 -11.3385 0.0000 0.0000 0.0000
-3.3050 -1.1334 -11.0901 0.0000 0.0000 0.0000
-3.5240 -0.9353 -10.9307 0.0000 0.0000 0.0000
-3.2836 -0.9851 -11.1730 0.0000 0.0000 0.0000
-3.6888 -1.1447 -10.9273 0.0000 0.0000 0.0000
-3.7068 -1.2072 -10.9643 0.0000 0.0000 0.0000
-3.1626 -0.8355 -11.1603 0.0000 0.0000 0.0000
-3.1476 -1.0275 -9.9343 0.0000 0.0000 0.0000
-3.7168 -0.8953 -9.8586 0.0000 0.0000 0.0000
-3.2149 -1.1597 -9.8836 0.0000 0.0000 0.0000
-3.1897 -1.0846 -9.9889 0.0000 0.0000 0.0000
-3.5554 -1.0622 -10.0272 0.0000 0.0000 0.0000
-3.3228 -1.0022 -9.8896 0.0000 0.0000 0.0000
-3.4449 -1.3768 -9.6682 0.0000 0.0000 0.0000
-3.1692 -1.3871 -9.8125 0.0000 0.0000 0.0000
-3.5819 -0.6231 -8.7862 0.0000 0.0000 0.0000
-3.1286 -1.1021 -9.1824 0.0000 0.0000 0.0000
-3.2936 -1.1150 -8.9143 0.0000 0.0000 0.0000
-3.8131 -1.0814 -9.2679 0.0000 0.0000 0.0000
-3.8295 -1.1022 -9.0041 0.0000 0.0000 0.0000
-3.1723 -0.6369 -9.3699 0.0000 0.0000 0.0000
-3.3442 -0.8655 -8.8801 0.0000 0.0000 0.0000
-3.1082 -1.2658 -9.2521 0.0000 0.0000 0.0000
-3.3550 -1.1621 -8.2816 0.0000 0.0000 0.0000
-3.1418 -1.3855 -8.0758 0.0000 0.0000 0.0000
-3.6489 -1.0248 -7.9185 0.0000 0.0000 0.0000
-3.5664 -1.2204 -7.6383 0.0000 0.0000 0.0000
-3.8415 -0.9838 -7.6111 0.0000 0.0000 0.0000
-3.1999 -1.3871 -7.9236 0.0000 0.0000 0.0000
-3.6635 -1.3901 -8.1910 0.0000 0.0000 0.0000
-3.6998 -1.1867 -7.6889 0.0000 0.0000 0.0000
-3.1948 -0.6010 -6.6191 0.0000 0.0000 0.0000
-3.1688 -0.9554 -6.6507 0.0000 0.0000 0.0000
-3.1267 -1.2120 -6.9154 0.0000 0.0000 0.0000
-3.8059 -1.0081 -6.6427 0.0000 0.0000 0.0000
-3.1331 -0.8829 -7.1440 0.0000 0.0000 0.0000
-3.6016 -0.9811 -6.6336 0.0000 0.0000 0.0000
-3.7887 -1.1043 -6.8761 0.0000 0.0000 0.0000
-3.5498 -1.0830 -6.7027 0.0000 0.0000 0.0000
-3.3713 -0.9368 -5.7571 0.0000 0.0000 0.0000
-3.6135 -1.3398 -6.0886 0.0000 0.0000 0.0000
-3.6830 -0.7328 -5.9422 0.0000 0.0000 0.0000
-3.6593 -0.8771 -5.7256 0.0000 0.0000 0.0000
-3.8555 -0.9974 -5.8878 0.0000 0.0000 0.0000
-3.8683 -1.3590 -6.3906 0.0000 0.0000 0.0000
-3.3246 -1.2269 -6.3531 0.0000 0.0000 0.0000
-3.5640 -1.1830 -5.7595 0.0000 0.0000 0.0000
-3.7345 -1.1003 -4.8205 0.0000 0.0000 0.0000
-3.5371 -0.9655 -4.9744 0.0000 0.0000 0.0000
-3.6070 -0.9864 -4.9992 0.0000 0.0000 0.0000
-3.7922 -1.0265 -5.2849 0.0000 0.0000 0.0000
-3.6794 -0.6127 -5.2972 0.0000 0.0000 0.0000
-3.7728 -0.9418 -4.8797 0.0000 0.0000 0.0000
-3.5371 -1.0235 -5.1624 0.0000 0.0000 0.0000
-3.3958 -0.7400 -5.1848 0.0000 0.0000 0.0000
-3.5832 -0.7756 -3.8953 0.0000 0.0000 0.0000
-3.4885 -0.8929 -4.2785 0.0000 0.0000 0.0000
-3.6693 -1.2653 -3.9959 0.0000 0.0000 0.0000
-3.4128 -1.1051 -3.9205 0.0000 0.0000 0.0000
-3.2890 -1.0130 -3.8374 0.0000 0.0000 0.0000
-3.3800 -0.6790 -4.0878 0.0000 0.0000 0.0000
-3.8521 -0.8438 -4.2364 0.0000 0.0000 0.0000
-3.6359 -0.9950 -3.9358 0.0000 0.0000 0.0000
-3.5384 -1.2605 -3.2788 0.0000 0.0000 0.0000
-3.4237 -0.6555 -3.2348 0.0000 0.0000 0.0000
-3.5790 -1.3617 -2.7157 0.0000 0.0000 0.0000
-3.5992 -0.9173 -2.8073 0.0000 0.0000 0.0000
-3.6845 -0.7648 -2.7562 0.0000 0.0000 0.0000
-3.2147 -0.9005 -2.9007 0.0000 0.0000 0.0000
-3.2227 -0.6268 -2.6359 0.0000 0.0000 0.0000
-3.2253 -0.8881 -2.9269 0.0000 0.0000 0.0000
-3.5094 0.3116 -11.9275 0.0000 0.0000 0.0000
-3.1119 0.0053 -12.1940 0.0000 0.0000 0.0000
-3.5156 -0.0130 -11.9042 0.0000 0.0000 0.0000
-3.8220 -0.3407 -12.3558 0.0000 0.0000 0.0000
-3.2850 -0.2916 -12.1189 0.0000 0.0000 0.0000
-3.7628 0.2936 -12.0028 0.0000 0.0000 0.0000
-3.8494 -0.3044 -12.0714 0.0000 0.0000 0.0000
-3.2486 -0.3673 -11.7940 0.0000 0.0000 0.0000
-3.2421 -0.3044 -11.1425 0.0000 0.0000 0.0000
-3.1317 0.0558 -10.9440 0.0000 0.0000 0.0000
-3.2697 0.1614 -11.0338 0.0000 0.0000 0.0000
-3.2716 -0.0368 -10.7431 0.0000 0.0000 0.0000
-3.8900 0.3452 -10.7025 0.0000 0.0000 0.0000
-3.6333 0.3010 -11.1312 0.0000 0.0000 0.0000
-3.8158 0.1841 -11.1894 0.0000 0.0000 0.0000
-3.4091 -0.2869 -11.2379 0.0000 0.0000 0.0000
-3.4192 -0.2677 -9.6928 0.0000 0.0000 0.0000
-3.2039 -0.0556 -10.3811 0.0000 0.0000 0.0000
-3.3577 0.2102 -10.1815 0.0000 0.0000 0.0000
-3.1815 -0.2924 -10.1220 0.0000 0.0000 0.0000
-3.5860 -0.0035 -10.1784 0.0000 0.0000 0.0000
-3.8794 -0.2768 -10.0205 0.0000 0.0000 0.0000
-3.6859 -0.1082 -9.6663 0.0000 0.0000 0.0000
-3.8351 0.2280 -9.7092 0.0000 0.0000 0.0000
-3.4809 -0.0191 -9.3714 0.0000 0.0000 0.0000
-3.6735 0.3739 -8.8549 0.0000 0.0000 0.0000
-3.6996 0.1225 -8.7303 0.0000 0.0000 0.0000
-3.2925 -0.3237 -8.7946 0.0000 0.0000 0.0000
-3.8246 -0.2494 -9.3484 0.0000 0.0000 0.0000
-3.8900 -0.1518 -8.9161 0.0000 0.0000 0.0000
-3.6291 0.1655 -8.7362 0.0000 0.0000 0.0000
-3.7514 0.1750 -9.2614 0.0000 0.0000 0.0000
-3.1505 -0.3555 -8.3446 0.0000 0.0000 0.0000
-3.1153 -0.1472 -8.2261 0.0000 0.0000 0.0000
-3.3349 0.3948 -7.7832 0.0000 0.0000 0.0000
-3.4967 0.3259 -7.7678 0.0000 0.0000 0.0000
-3.4619 0.1991 -8.2840 0.0000 0.0000 0.0000
-3.2417 -0.2417 -7.6321 0.0000 0.0000 0.0000
-3.3285 0.3711 -7.9552 0.0000 0.0000 0.0000
-3.3029 -0.1051 -7.9329 0.0000 0.0000 0.0000
-3.4527 -0.1569 -6.8257 0.0000 0.0000 0.0000
-3.8534 0.3780 -6.6835 0.0000 0.0000 0.0000
-3.8614 -0.3240 -7.1076 0.0000 0.0000 0.0000
-3.4770 -0.1908 -7.1909 0.0000 0.0000 0.0000
-3.3044 -0.3507 -6.6283 0.0000 0.0000 0.0000
-3.7423 -0.0420 -7.0826 0.0000 0.0000 0.0000
-3.3802 0.3756 -7.2684 0.0000 0.0000 0.0000
-3.2977 0.0339 -7.3501 0.0000 0.0000 0.0000
-3.1912 0.0917 -6.0663 0.0000 0.0000 0.0000
-3.8712 0.1436 -6.1156 0.0000 0.0000 0.0000
-3.7929 0.2473 -5.7099 0.0000 0.0000 0.0000
-3.1545 -0.3609 -6.0545 0.0000 0.0000 0.0000
-3.3807 0.1537 -6.2096 0.0000 0.0000 0.0000
-3.2326 -0.1644 -5.8161 0.0000 0.0000 0.0000
-3.7669 -0.0826 -6.3429 0.0000 0.0000 0.0000
-3.1057 0.2868 -6.1984 0.0000 0.0000 0.0000
-3.2399 -0.2657 -5.1946 0.0000 0.0000 0.0000
-3.7587 0.0037 -4.6547 0.0000 0.0000 0.0000
-3.7578 -0.2146 -5.0707 0.0000 0.0000 0.0000
-3.3956 0.0313 -4.7684 0.0000 0.0000 0.0000
-3.3787 0.2588 -4.8060 0.0000 0.0000 0.0000
-3.4993 0.2295 -4.9607 0.0000 0.0000 0.0000
-3.3812 0.0072 -5.2294 0.0000 0.0000 0.0000
-3.2537 -0.2415 -5.0516 0.0000 0.0000 0.0000
-3.4277 -0.0015 -3.9010 0.0000 0.0000 0.0000
-3.1329 0.0185 -3.9178 0.0000 0.0000 0.0000
-3.5712 -0.3308 -4.2845 0.0000 0.0000 0.0000
-3.1986 -0.3549 -3.8998 0.0000 0.0000 0.0000
-3.3207 -0.1134 -3.8556 0.0000 0.0000 0.0000
-3.8532 -0.3977 -4.3346 0.0000 0.0000 0.0000
-3.2157 -0.0488 -4.1123 0.0000 0.0000 0.0000
-3.4630 0.3012 -3.8380 0.0000 0.0000 0.0000
-3.2770 0.1581 -3.1074 0.0000 0.0000 0.0000
-3.5928 -0.2970 -2.9896 0.0000 0.0000 0.0000
-3.8214 0.0151 -3.2135 0.0000 0.0000 0.0000
-3.2935 -0.1530 -3.2557 0.0000 0.0000 0.0000
-3.1980 0.2447 -2.9473 0.0000 0.0000 0.0000
-3.2420 0.1153 -2.8266 0.0000 0.0000 0.0000
-3.3576 -0.0018 -3.3864 0.0000 0.0000 0.0000
-3.2420 0.1278 -3.0956 0.0000 0.0000 0.0000
-3.7119 1.1704 -11.7205 0.0000 0.0000 0.0000
-3.1830 0.9677 -11.8991 0.0000 0.0000 0.0000
-3.2759 1.1648 -11.6958 0.0000 0.0000 0.0000
-3.1656 1.1364 -12.2652 0.0000 0.0000 0.0000
-3.7870 1.2362 -12.0159 0.0000 0.0000 0.0000
-3.6067 1.2442 -11.7380 0.0000 0.0000 0.0000
-3.7965 1.0479 -11.6772 0.0000 0.0000 0.0000
-3.2911 1.3016 -12.1333 0.0000 0.0000 0.0000
-3.1907 1.3470 -11.1186 0.0000 0.0000 0.0000
-3.3249 1.3098 -10.8607 0.0000 0.0000 0.0000
-3.3195 0.7083 -10.6676 0.0000 0.0000 0.0000
-3.5907 0.8046 -10.8039 0.0000 0.0000 0.0000
-3.5546 0.6092 -10.9933 0.0000 0.0000 0.0000
-3.7079 1.3248 -10.9854 0.0000 0.0000 0.0000
-3.3398 0.8984 -11.1487 0.0000 0.0000 0.0000
-3.6274 1.3368 -11.1736 0.0000 0.0000 0.0000
-3.5431 0.7813 -9.9224 0.0000 0.0000 0.0000
-3.7699 1.1563 -9.9266 0.0000 0.0000 0.0000
-3.7703 0.9320 -9.6696 0.0000 0.0000 0.0000
-3.5331 0.9483 -9.9176 0.0000 0.0000 0.0000
-3.6172 0.7705 -9.6537 0.0000 0.0000 0.0000
-3.1635 1.0534 -9.9725 0.0000 0.0000 0.0000
-3.8410 0.9495 -9.7514 0.0000 0.0000 0.0000
-3.8838 1.2461 -10.3752 0.0000 0.0000 0.0000
-3.6414 1.0890 -9.0291 0.0000 0.0000 0.0000
-3.1435 1.1997 -8.8401 0.0000 0.0000 0.0000
-3.4018 0.9544 -9.3445 0.0000 0.0000 0.0000
-3.8620 1.2348 -9.2792 0.0000 0.0000 0.0000
-3.7257 1.3469 -8.8558 0.0000 0.0000 0.0000
-3.1821 1.0218 -9.1572 0.0000 0.0000 0.0000
-3.3906 0.8857 -9.0934 0.0000 0.0000 0.0000
-3.6130 0.9099 -8.9146 0.0000 0.0000 0.0000
-3.7051 0.6420 -8.1078 0.0000 0.0000 0.0000
-3.5120 0.6407 -8.1092 0.0000 0.0000 0.0000
-3.2280 1.0713 -7.9646 0.0000 0.0000 0.0000
-3.4945 1.0685 -8.1193 0.0000 0.0000 0.0000
-3.5543 0.9941 -7.9840 0.0000 0.0000 0.0000
-3.3304 0.7611 -7.8735 0.0000 0.0000 0.0000
-3.6323 0.7862 -7.9168 0.0000 0.0000 0.0000
-3.7385 1.2019 -7.6371 0.0000 0.0000 0.0000
-3.1281 1.0169 -7.3521 0.0000 0.0000 0.0000
-3.3040 1.2173 -6.9549 0.0000 0.0000 0.0000
-3.8926 0.8110 -6.6183 0.0000 0.0000 0.0000
-3.7697 1.0958 -6.9688 0.0000 0.0000 0.0000
-3.1859 1.1928 -7.2143 0.0000 0.0000 0.0000
-3.4060 0.7079 -7.2686 0.0000 0.0000 0.0000
-3.7381 1.0887 -6.8144 0.0000 0.0000 0.0000
-3.7169 1.0485 -7.1819 0.0000 0.0000 0.0000
-3.3886 0.7916 -5.9529 0.0000 0.0000 0.0000
-3.2363 0.6200 -6.0006 0.0000 0.0000 0.0000
-3.5932 0.6355 -6.1508 0.0000 0.0000 0.0000
-3.2689 0.8812 -5.7581 0.0000 0.0000 0.0000
-3.8244 0.7469 -5.9521 0.0000 0.0000 0.0000
-3.3343 0.8797 -6.2504 0.0000 0.0000 0.0000
-3.1527 0.7050 -5.6325 0.0000 0.0000 0.0000
-3.8019 0.6120 -6.3301 0.0000 0.0000 0.0000
-3.6433 1.2999 -4.7022 0.0000 0.0000 0.0000
-3.4042 0.7425 -4.6170 0.0000 0.0000 0.0000
-3.4350 1.0416 -5.3165 0.0000 0.0000 0.0000
-3.4096 1.2176 -4.6205 0.0000 0.0000 0.0000
-3.1889 0.9284 -4.8915 0.0000 0.0000 0.0000
-3.1137 1.0791 -4.6620 0.0000 0.0000 0.0000
-3.6860 1.3403 -5.3400 0.0000 0.0000 0.0000
-3.3178 0.9782 -5.1385 0.0000 0.0000 0.0000
-3.5814 1.3180 -4.0992 0.0000 0.0000 0.0000
-3.2867 0.9507 -4.0875 0.0000 0.0000 0.0000
-3.5014 0.7527 -3.8737 0.0000 0.0000 0.0000
-3.3439 1.3203 -4.2893 0.0000 0.0000 0.0000
-3.2071 0.9305 -3.7947 0.0000 0.0000 0.0000
-3.4941 1.1854 -4.1672 0.0000 0.0000 0.0000
-3.5519 0.9646 -3.8374 0.0000 0.0000 0.0000
-3.7399 0.7169 -3.9914 0.0000 0.0000 0.0000
-3.5460 0.6157 -3.3928 0.0000 0.0000 0.0000
-3.7606 0.6565 -2.7130 0.0000 0.0000 0.0000
-3.7010 1.0104 -2.9567 0.0000 0.0000 0.0000
-3.4087 0.9396 -2.7676 0.0000 0.0000 0.0000
-3.7808 1.3775 -2.6624 0.0000 0.0000 0.0000
-3.5400 1.1323 -3.1712 0.0000 0.0000 0.0000
-3.5300 1.3370 -2.8126 0.0000 0.0000 0.0000
-3.6141 0.6708 -2.6152 0.0000 0.0000 0.0000
-3.3476 2.0443 -12.1318 0.0000 0.0000 0.0000
-3.1203 1.7532 -12.2135 0.0000 0.0000 0.0000
-3.8081 2.1452 -12.3351 0.0000 0.0000 0.0000
-3.7975 2.3677 -12.3821 0.0000 0.0000 0.0000
-3.2361 1.6261 -12.2070 0.0000 0.0000 0.0000
-3.3013 2.1859 -12.1414 0.0000 0.0000 0.0000
-3.7724 2.0098 -12.1667 0.0000 0.0000 0.0000
-3.5674 1.6307 -12.3284 0.0000 0.0000 0.0000
-3.7747 1.7113 -11.0639 0.0000 0.0000 0.0000
-3.2333 1.9490 -10.6423 0.0000 0.0000 0.0000
-3.6865 2.1582 -11.3636 0.0000 0.0000 0.0000
-3.4495 2.3120 -11.1781 0.0000 0.0000 0.0000
-3.7524 2.0374 -11.3466 0.0000 0.0000 0.0000
-3.6991 1.6595 -11.2416 0.0000 0.0000 0.0000
-3.2686 2.0143 -11.0666 0.0000 0.0000 0.0000
-3.1759 2.3334 -11.3285 0.0000 0.0000 0.0000
-3.6106 1.7481 -9.9003 0.0000 0.0000 0.0000
-3.1558 1.7893 -10.1060 0.0000 0.0000 0.0000
-3.2944 1.7148 -10.0481 0.0000 0.0000 0.0000
-3.2313 2.0517 -10.0784 0.0000 0.0000 0.0000
-3.4312 1.8990 -10.0297 0.0000 0.0000 0.0000
-3.5254 2.0595 -10.0075 0.0000 0.0000 0.0000
-3.2214 1.9919 -9.9261 0.0000 0.0000 0.0000
-3.3982 1.9001 -9.9577 0.0000 0.0000 0.0000
-3.2442 1.7665 -8.6168 0.0000 0.0000 0.0000
-3.4954 1.6418 -8.6753 0.0000 0.0000 0.0000
-3.1046 2.3801 -9.3549 0.0000 0.0000 0.0000
-3.6895 2.2620 -9.3350 0.0000 0.0000 0.0000
-3.4706 1.7931 -9.2564 0.0000 0.0000 0.0000
-3.3344 1.7231 -8.8856 0.0000 0.0000 0.0000
-3.4320 1.8731 -8.9675 0.0000 0.0000 0.0000
-3.7495 2.0914 -9.0231 0.0000 0.0000 0.0000
-3.2777 1.9658 -8.0068 0.0000 0.0000 0.0000
-3.2213 2.0482 -7.8373 0.0000 0.0000 0.0000
-3.6301 1.8914 -8.3983 0.0000 0.0000 0.0000
-3.4014 1.6413 -8.1593 0.0000 0.0000 0.0000
-3.8745 2.3348 -7.6623 0.0000 0.0000 0.0000
-3.4838 1.7800 -8.0273 0.0000 0.0000 0.0000
-3.1070 2.2240 -8.3257 0.0000 0.0000 0.0000
-3.3522 2.3044 -7.7034 0.0000 0.0000 0.0000
-3.7758 1.7573 -6.7389 0.0000 0.0000 0.0000
-3.7507 1.7276 -6.9868 0.0000 0.0000 0.0000
-3.5695 1.6100 -7.3628 0.0000 0.0000 0.0000
-3.3182 2.1306 -6.8281 0.0000 0.0000 0.0000
-3.1601 1.8072 -7.1842 0.0000 0.0000 0.0000
-3.8410 1.6900 -6.6397 0.0000 0.0000 0.0000
-3.3832 1.7005 -6.7772 0.0000 0.0000 0.0000
-3.2180 2.0202 -6.6946 0.0000 0.0000 0.0000
-3.3177 1.8075 -6.3636 0.0000 0.0000 0.0000
-3.4241 2.3715 -5.7703 0.0000 0.0000 0.0000
-3.1039 2.0713 -6.2674 0.0000 0.0000 0.0000
-3.4241 1.9137 -5.6079 0.0000 0.0000 0.0000
-3.8190 2.1461 -5.8673 0.0000 0.0000 0.0000
-3.3499 2.3110 -6.3106 0.0000 0.0000 0.0000
-3.1779 1.6430 -5.9411 0.0000 0.0000 0.0000
-3.2386 1.9995 -6.1356 0.0000 0.0000 0.0000
-3.1732 2.0717 -4.7271 0.0000 0.0000 0.0000
-3.7792 1.9423 -4.6093 0.0000 0.0000 0.0000
-3.6967 1.6061 -4.7522 0.0000 0.0000 0.0000
-3.1436 1.8639 -4.9217 0.0000 0.0000 0.0000
-3.1989 1.9954 -4.7541 0.0000 0.0000 0.0000
-3.3618 2.0398 -5.0611 0.0000 0.0000 0.0000
-3.8137 2.1229 -5.2388 0.0000 0.0000 0.0000
-3.6048 2.3131 -4.6354 0.0000 0.0000 0.0000
-3.1617 2.2600 -4.1618 0.0000 0.0000 0.0000
-3.1349 1.6679 -4.0889 0.0000 0.0000 0.0000
-3.1285 1.9676 -3.8173 0.0000 0.0000 0.0000
-3.5412 1.9667 -3.7593 0.0000 0.0000 0.0000
-3.8241 2.1564 -3.6253 0.0000 0.0000 0.0000
-3.5642 1.8408 -3.7042 0.0000 0.0000 0.0000
-3.7566 1.6833 -4.1060 0.0000 0.0000 0.0000
-3.8695 2.3197 -3.9688 0.0000 0.0000 0.0000
-3.5445 2.1631 -3.1055 0.0000 0.0000 0.0000
-3.2007 1.8892 -2.7921 0.0000 0.0000 0.0000
-3.4266 2.2277 -3.0180 0.0000 0.0000 0.0000
-3.3459 1.6774 -3.2048 0.0000 0.0000 0.0000
-3.3202 2.0092 -2.7147 0.0000 0.0000 0.0000
-3.3165 1.6027 -3.0124 0.0000 0.0000 0.0000
-3.8873 1.8780 -2.9461 0.0000 0.0000 0.0000
-3.3926 2.2629 -2.9808 0.0000 0.0000 0.0000
-2.2796 -6.7957 -12.3767 0.0000 0.0000 0.0000
-2.3765 -6.9918 -11.6943 0.0000 0.0000 0.0000
-2.2927 -6.9372 -11.6337 0.0000 0.0000 0.0000
-2.2340 -6.9594 -11.8885 0.0000 0.0000 0.0000
-2.8319 -7.2816 -12.2687 0.0000 0.0000 0.0000
-2.5816 -6.6961 -12.1365 0.0000 0.0000 0.0000
-2.5026 -6.8101 -11.9671 0.0000 0.0000 0.0000
-2.6105 -6.6971 -11.7123 0.0000 0.0000 0.0000
-2.6370 -7.3393 -11.3029 0.0000 0.0000 0.0000
-2.6749 -6.6274 -10.6179 0.0000 0.0000 0.0000
-2.6006 -6.6278 -10.6821 0.0000 0.0000 0.0000
-2.1893 -6.8041 -11.3135 0.0000 0.0000 0.0000
-2.3612 -6.7200 -10.8165 0.0000 0.0000 0.0000
-2.5900 -7.2147 -10.7668 0.0000 0.0000 0.0000
-2.8228 -6.7265 -11.2435 0.0000 0.0000 0.0000
-2.1830 -6.7937 -11.2915 0.0000 0.0000 0.0000
-2.1888 -6.7834 -9.7697 0.0000 0.0000 0.0000
-2.5018 -7.1578 -10.0006 0.0000 0.0000 0.0000
-2.5950 -7.3075 -10.2114 0.0000 0.0000 0.0000
-2.1110 -7.1421 -10.2287 0.0000 0.0000 0.0000
-2.8986 -6.8217 -9.8309 0.0000 0.0000 0.0000
-2.8378 -6.9191 -10.3437 0.0000 0.0000 0.0000
-2.6480 -7.3695 -10.1261 0.0000 0.0000 0.0000
-2.8742 -7.2815 -9.7738 0.0000 0.0000 0.0000
-2.8079 -6.6170 -9.2083 0.0000 0.0000 0.0000
-2.6076 -6.7661 -8.9965 0.0000 0.0000 0.0000
-2.4160 -6.7418 -9.0498 0.0000 0.0000 0.0000
-2.8465 -6.9235 -9.0411 0.0000 0.0000 0.0000
-2.6103 -7.0022 -8.6140 0.0000 0.0000 0.0000
-2.1229 -7.2025 -8.7590 0.0000 0.0000 0.0000
-2.8552 -7.0226 -9.0399 0.0000 0.0000 0.0000
-2.4798 -6.8645 -8.9295 0.0000 0.0000 0.0000
-2.7465 -7.1981 -8.2948 0.0000 0.0000 0.0000
-2.7106 -6.7501 -8.2146 0.0000 0.0000 0.0000
-2.5402 -6.6152 -8.0839 0.0000 0.0000 0.0000
-2.2486 -6.6133 -8.3963 0.0000 0.0000 0.0000
-2.5790 -7.3912 -7.8356 0.0000 0.0000 0.0000
-2.7681 -7.2442 -8.3502 0.0000 0.0000 0.0000
-2.4366 -7.1570 -8.1233 0.0000 0.0000 0.0000
-2.3075 -6.8945 -7.6046 0.0000 0.0000 0.0000
-2.1357 -7.1304 -6.7993 0.0000 0.0000 0.0000
-2.3555 -6.9796 -6.8830 0.0000 0.0000 0.0000
-2.8142 -6.9617 -7.1506 0.0000 0.0000 0.0000
-2.5558 -6.8976 -6.6258 0.0000 0.0000 0.0000
-2.3146 -6.9896 -7.1682 0.0000 0.0000 0.0000
-2.3851 -6.7165 -7.0195 0.0000 0.0000 0.0000
-2.3461 -7.2887 -6.6127 0.0000 0.0000 0.0000
-2.7332 -6.9718 -7.3945 0.0000 0.0000 0.0000
-2.5463 -6.6488 -6.0282 0.0000 0.0000 0.0000
-2.8609 -7.0884 -5.9495 0.0000 0.0000 0.0000
-2.7928 -7.2126 -5.7141 0.0000 0.0000 0.0000
-2.6199 -7.1773 -5.7986 0.0000 0.0000 0.0000
-2.4702 -6.8902 -6.0004 0.0000 0.0000 0.0000
-2.6053 -6.8895 -6.2414 0.0000 0.0000 0.0000
-2.1613 -6.6400 -6.3469 0.0000 0.0000 0.0000
-2.5595 -7.2093 -6.1720 0.0000 0.0000 0.0000
-2.6277 -6.7555 -5.0251 0.0000 0.0000 0.0000
-2.5869 -7.0492 -4.8357 0.0000 0.0000 0.0000
-2.6012 -6.8280 -5.0003 0.0000 0.0000 0.0000
-2.3930 -6.9152 -4.9377 0.0000 0.0000 0.0000
-2.3628 -6.8193 -4.7537 0.0000 0.0000 0.0000
-2.2300 -7.3340 -4.8267 0.0000 0.0000 0.0000
-2.3656 -6.8354 -4.9535 0.0000 0.0000 0.0000
-2.6708 -7.1353 -5.3512 0.0000 0.0000 0.0000
-2.5541 -6.7881 -4.0608 0.0000 0.0000 0.0000
-2.8878 -7.1125 -4.1389 0.0000 0.0000 0.0000
-2.4587 -6.7190 -3.7505 0.0000 0.0000 0.0000
-2.3023 -6.8284 -3.6543 0.0000 0.0000 0.0000
-2.1150 -6.6363 -3.8692 0.0000 0.0000 0.0000
-2.6852 -7.2765 -4.0718 0.0000 0.0000 0.0000
-2.8209 -6.6528 -4.3842 0.0000 0.0000 0.0000
-2.5744 -7.3529 -4.3597 0.0000 0.0000 0.0000
-2.8806 -7.1083 -2.8523 0.0000 0.0000 0.0000
-2.2257 -6.7792 -3.3458 0.0000 0.0000 0.0000
-2.8600 -6.7933 -2.7482 0.0000 0.0000 0.0000
-2.8471 -7.2896 -3.3918 0.0000 0.0000 0.0000
-2.8392 -6.6615 -2.9442 0.0000 0.0000 0.0000
-2.4772 -6.9283 -2.9248 0.0000 0.0000 0.0000
-2.2613 -6.8153 -2.6277 0.0000 0.0000 0.0000
-2.1888 -6.7375 -2.7993 0.0000 0.0000 0.0000
-2.2885 -6.1632 -11.9050 0.0000 0.0000 0.0000
-2.5912 -6.0870 -12.2030 0.0000 0.0000 0.0000
-2.3798 -5.9523 -11.7770 0.0000 0.0000 0.0000
-2.5471 -6.0951 -11.7030 0.0000 0.0000 0.0000
-2.7553 -6.0324 -11.9525 0.0000 0.0000 0.0000
-2.8987 -5.8743 -12.3019 0.0000 0.0000 0.0000
-2.1704 -5.6958 -12.0502 0.0000 0.0000 0.0000
-2.8920 -6.1719 -11.7268 0.0000 0.0000 0.0000
-2.5937 -6.2311 -11.2433 0.0000 0.0000 0.0000
-2.7042 -5.6318 -11.1323 0.0000 0.0000 0.0000
-2.6925 -5.8979 -11.3549 0.0000 0.0000 0.0000
-2.8260 -5.7833 -11.1106 0.0000 0.0000 0.0000
-2.2384 -5.8059 -10.9023 0.0000 0.0000 0.0000
-2.3920 -6.2750 -11.2606 0.0000 0.0000 0.0000
-2.2072 -6.2751 -10.9883 0.0000 0.0000 0.0000
-2.6607 -6.0327 -10.9960 0.0000 0.0000 0.0000
-2.7060 -5.8538 -9.7170 0.0000 0.0000 0.0000
-2.7970 -6.0605 -10.2441 0.0000 0.0000 0.0000
-2.6795 -6.2453 -10.0554 0.0000 0.0000 0.0000
-2.1983 -5.9683 -9.9658 0.0000 0.0000 0.0000
-2.5613 -6.0162 -9.6163 0.0000 0.0000 0.0000
-2.1064 -5.6303 -10.0885 0.0000 0.0000 0.0000
-2.7321 -6.2933 -9.8483 0.0000 0.0000 0.0000
-2.6504 -5.8254 -9.8059 0.0000 0.0000 0.0000
-2.2097 -5.7759 -8.8348 0.0000 0.0000 0.0000
-2.6562 -6.1883 -9.3083 0.0000 0.0000 0.0000
-2.7046 -6.3337 -9.1868 0.0000 0.0000 0.0000
-2.7397 -6.1925 -9.0077 0.0000 0.0000 0.0000
-2.7510 -6.0376 -8.7943 0.0000 0.0000 0.0000
-2.8410 -6.3105 -9.0138 0.0000 0.0000 0.0000
-2.8370 -6.2369 -9.3383 0.0000 0.0000 0.0000
-2.2096 -5.9358 -8.9968 0.0000 0.0000 0.0000
-2.4784 -6.3051 -7.9421 0.0000 0.0000 0.0000
-2.2902 -5.7382 -8.1205 0.0000 0.0000 0.0000
-2.8084 -5.8020 -8.1275 0.0000 0.0000 0.0000
-2.6594 -5.7808 -7.9515 0.0000 0.0000 0.0000
-2.2633 -5.9128 -8.0886 0.0000 0.0000 0.0000
-2.6793 -5.8551 -8.2237 0.0000 0.0000 0.0000
-2.5804 -5.6909 -8.0804 0.0000 0.0000 0.0000
-2.7574 -6.3213 -8.0179 0.0000 0.0000 0.0000
-2.2186 -5.7746 -6.6682 0.0000 0.0000 0.0000
-2.7513 -5.8915 -7.2255 0.0000 0.0000 0.0000
-2.1997 -5.8404 -7.1661 0.0000 0.0000 0.0000
-2.3871 -5.7067 -6.7511 0.0000 0.0000 0.0000
-2.4631 -6.2983 -7.3025 0.0000 0.0000 0.0000
-2.5389 -6.0645 -7.1290 0.0000 0.0000 0.0000
-2.8352 -5.9855 -7.3297 0.0000 0.0000 0.0000
-2.7232 -5.7555 -6.9792 0.0000 0.0000 0.0000
-2.2498 -6.2862 -6.0424 0.0000 0.0000 0.0000
-2.4540 -6.1703 -5.9824 0.0000 0.0000 0.0000
-2.5379 -5.8460 -5.6514 0.0000 0.0000 0.0000
-2.1291 -6.3610 -6.3665 0.0000 0.0000 0.0000
-2.1401 -6.3122 -5.7622 0.0000 0.0000 0.0000
-2.1676 -5.7385 -6.1565 0.0000 0.0000 0.0000
-2.5408 -6.2077 -6.1060 0.0000 0.0000 0.0000
-2.6834 -5.7437 -6.3739 0.0000 0.0000 0.0000
-2.5424 -6.3066 -4.8630 0.0000 0.0000 0.0000
-2.6237 -5.8217 -5.2739 0.0000 0.0000 0.0000
-2.3317 -6.1554 -4.7568 0.0000 0.0000 0.0000
-2.5006 -5.6216 -5.1598 0.0000 0.0000 0.0000
-2.8000 -5.6187 -5.0293 0.0000 0.0000 0.0000
-2.1759 -6.0108 -5.0723 0.0000 0.0000 0.0000
-2.4403 -5.8593 -5.2504 0.0000 0.0000 0.0000
-2.2023 -5.8681 -4.6765 0.0000 0.0000 0.0000
-2.5325 -5.8199 -3.8177 0.0000 0.0000 0.0000
-2.2218 -6.3982 -3.9101 0.0000 0.0000 0.0000
-2.5249 -5.7966 -3.7023 0.0000 0.0000 0.0000
-2.5197 -6.1524 -3.6666 0.0000 0.0000 0.0000
-2.6693 -6.1363 -4.1550 0.0000 0.0000 0.0000
-2.6685 -6.3091 -4.2492 0.0000 0.0000 0.0000
-2.2565 -5.8400 -3.7442 0.0000 0.0000 0.0000
-2.1893 -5.7779 -4.3081 0.0000 0.0000 0.0000
-2.1833 -6.0248 -3.2304 0.0000 0.0000 0.0000
-2.3836 -6.0187 -3.0174 0.0000 0.0000 0.0000
-2.5675 -5.6129 -3.1860 0.0000 0.0000 0.0000
-2.7836 -6.2419 -3.1906 0.0000 0.0000 0.0000
-2.8272 -6.2807 -3.2090 0.0000 0.0000 0.0000
-2.8314 -5.6324 -3.2183 0.0000 0.0000 0.0000
-2.1647 -5.8930 -3.2045 0.0000 0.0000 0.0000
-2.3072 -6.2756 -3.0768 0.0000 0.0000 0.0000
-2.6455 -5.0053 -12.3820 0.0000 0.0000 0.0000
-2.8363 -4.7564 -12.2850 0.0000 0.0000 0.0000
-2.3985 -5.0943 -11.6535 0.0000 0.0000 0.0000
-2.8424 -5.3192 -11.6099 0.0000 0.0000 0.0000
-2.7655 -5.2497 -11.8443 0.0000 0.0000 0.0000
-2.6289 -4.8305 -12.1344 0.0000 0.0000 0.0000
-2.2122 -4.9344 -11.6562 0.0000 0.0000 0.0000
-2.6276 -5.3528 -11.9239 0.0000 0.0000 0.0000
-2.4314 -5.2778 -10.7464 0.0000 0.0000 0.0000
-2.3055 -4.6366 -11.2954 0.0000 0.0000 0.0000
-2.6924 -4.6428 -11.0762 0.0000 0.0000 0.0000
-2.4293 -5.2179 -11.1506 0.0000 0.0000 0.0000
-2.8990 -5.0130 -11.0782 0.0000 0.0000 0.0000
-2.3938 -4.7180 -10.7332 0.0000 0.0000 0.0000
-2.4518 -4.9719 -11.2820 0.0000 0.0000 0.0000
-2.4151 -4.7721 -11.0347 0.0000 0.0000 0.0000
-2.8583 -5.2818 -10.3277 0.0000 0.0000 0.0000
-2.3211 -4.8689 -9.6583 0.0000 0.0000 0.0000
-2.3284 -4.6250 -10.2724 0.0000 0.0000 0.0000
-2.4201 -5.0019 -9.7309 0.0000 0.0000 0.0000
-2.6460 -4.8044 -10.1976 0.0000 0.0000 0.0000
-2.5520 -4.7645 -10.2365 0.0000 0.0000 0.0000
-2.6210 -4.8418 -10.2520 0.0000 0.0000 0.0000
-2.1791 -4.9333 -9.6848 0.0000 0.0000 0.0000
-2.3683 -5.3100 -9.1856 0.0000 0.0000 0.0000
-2.3968 -4.6845 -8.8528 0.0000 0.0000 0.0000
-2.7964 -4.6132 -8.6649 0.0000 0.0000 0.0000
-2.5204 -4.6610 -8.9258 0.0000 0.0000 0.0000
-2.5016 -5.0937 -8.7262 0.0000 0.0000 0.0000
-2.5212 -5.1957 -8.6393 0.0000 0.0000 0.0000
-2.1737 -5.2932 -9.2059 0.0000 0.0000 0.0000
-2.1695 -4.8456 -8.9146 0.0000 0.0000 0.0000
-2.1223 -5.1130 -8.1268 0.0000 0.0000 0.0000
-2.4931 -5.3162 -8.0903 0.0000 0.0000 0.0000
-2.8853 -4.9609 -7.6769 0.0000 0.0000 0.0000
-2.3208 -5.0514 -8.3918 0.0000 0.0000 0.0000
-2.4913 -5.3196 -8.0644 0.0000 0.0000 0.0000
-2.5853 -5.3702 -8.1370 0.0000 0.0000 0.0000
-2.2249 -4.7579 -7.7893 0.0000 0.0000 0.0000
-2.6038 -4.6116 -7.8355 0.0000 0.0000 0.0000
-2.7330 -4.6781 -7.0929 0.0000 0.0000 0.0000
-2.2760 -4.9624 -6.8237 0.0000 0.0000 0.0000
-2.6070 -4.9382 -6.6557 0.0000 0.0000 0.0000
-2.5787 -4.8057 -7.1907 0.0000 0.0000 0.0000
-2.4219 -5.2548 -7.3388 0.0000 0.0000 0.0000
-2.2323 -4.9208 -7.3760 0.0000 0.0000 0.0000
-2.2536 -5.1197 -7.0601 0.0000 0.0000 0.0000
-2.7600 -5.3878 -6.9231 0.0000 0.0000 0.0000
-2.8963 -4.6012 -5.8608 0.0000 0.0000 0.0000
-2.2466 -4.7448 -5.7792 0.0000 0.0000 0.0000
-2.3709 -4.9717 -5.8683 0.0000 0.0000 0.0000
-2.4912 -4.6058 -6.2767 0.0000 0.0000 0.0000
-2.1807 -5.2026 -6.3720 0.0000 0.0000 0.0000
-2.1221 -5.0141 -5.7052 0.0000 0.0000 0.0000
-2.4964 -5.2501 -6.0549 0.0000 0.0000 0.0000
-2.7494 -5.0866 -5.9535 0.0000 0.0000 0.0000
-2.7454 -4.7900 -5.2706 0.0000 0.0000 0.0000
-2.6634 -5.1132 -4.6159 0.0000 0.0000 0.0000
-2.7057 -5.3010 -5.0475 0.0000 0.0000 0.0000
-2.2318 -4.7491 -4.9297 0.0000 0.0000 0.0000
-2.6615 -4.7255 -4.8213 0.0000 0.0000 0.0000
-2.2347 -4.9652 -5.3019 0.0000 0.0000 0.0000
-2.7411 -5.1765 -5.1911 0.0000 0.0000 0.0000
-2.6268 -5.0757 -5.3609 0.0000 0.0000 0.0000
-2.6366 -4.8109 -3.6380 0.0000 0.0000 0.0000
-2.5681 -5.1236 -4.2937 0.0000 0.0000 0.0000
-2.6652 -4.9925 -4.3431 0.0000 0.0000 0.0000
-2.3793 -5.0584 -3.7654 0.0000 0.0000 0.0000
-2.7279 -5.0399 -4.2218 0.0000 0.0000 0.0000
-2.5179 -5.2084 -4.2523 0.0000 0.0000 0.0000
-2.4207 -5.2799 -3.6788 0.0000 0.0000 0.0000
-2.2029 -4.7629 -3.8535 0.0000 0.0000 0.0000
-2.8186 -4.8842 -3.1577 0.0000 0.0000 0.0000
-2.2024 -5.1510 -2.9019 0.0000 0.0000 0.0000
-2.5829 -5.1401 -3.3153 0.0000 0.0000 0.0000
-2.8502 -5.0347 -2.8531 0.0000 0.0000 0.0000
-2.2606 -4.7511 -2.6373 0.0000 0.0000 0.0000
-2.4510 -4.9972 -3.3633 0.0000 0.0000 0.0000
-2.3242 -5.0551 -3.2909 0.0000 0.0000 0.0000
-2.6994 -4.8342 -2.9393 0.0000 0.0000 0.0000
-2.5144 -3.6563 -11.7663 0.0000 0.0000 0.0000
-2.8938 -4.3398 -11.7205 0.0000 0.0000 0.0000
-2.1490 -3.8382 -11.6122 0.0000 0.0000 0.0000
-2.5477 -3.8123 -11.6257 0.0000 0.0000 0.0000
-2.8750 -3.7954 -11.6205 0.0000 0.0000 0.0000
-2.3945 -4.0191 -12.0392 0.0000 0.0000 0.0000
-2.6466 -3.9154 -12.1078 0.0000 0.0000 0.0000
-2.8308 -4.0910 -12.0797 0.0000 0.0000 0.0000
-2.7338 -3.6337 -10.8556 0.0000 0.0000 0.0000
-2.8654 -3.9167 -11.1463 0.0000 0.0000 0.0000
-2.7306 -4.2869 -10.9437 0.0000 0.0000 0.0000
-2.7727 -3.6853 -10.6832 0.0000 0.0000 0.0000
-2.1482 -4.2560 -10.7491 0.0000 0.0000 0.0000
-2.8413 -3.9360 -10.6822 0.0000 0.0000 0.0000
-2.1818 -4.2353 -10.6416 0.0000 0.0000 0.0000
-2.8557 -3.8660 -11.1116 0.0000 0.0000 0.0000
-2.6076 -3.7178 -10.2343 0.0000 0.0000 0.0000
-2.4249 -4.1146 -9.6129 0.0000 0.0000 0.0000
-2.4398 -3.6811 -9.8286 0.0000 0.0000 0.0000
-2.5353 -3.8251 -10.3439 0.0000 0.0000 0.0000
-2.4177 -4.3420 -10.2117 0.0000 0.0000 0.0000
-2.7107 -3.9431 -9.8837 0.0000 0.0000 0.0000
-2.2397 -3.9243 -9.7050 0.0000 0.0000 0.0000
-2.8137 -3.9795 -9.6954 0.0000 0.0000 0.0000
-2.5512 -3.9642 -8.6737 0.0000 0.0000 0.0000
-2.3756 -4.3175 -9.2396 0.0000 0.0000 0.0000
-2.7702 -3.8320 -8.9916 0.0000 0.0000 0.0000
-2.6847 -3.6156 -9.0987 0.0000 0.0000 0.0000
-2.6022 -3.9642 -8.6151 0.0000 0.0000 0.0000
-2.6173 -3.9661 -9.2735 0.0000 0.0000 0.0000
-2.1871 -3.6889 -9.0902 0.0000 0.0000 0.0000
-2.8503 -3.7089 -9.0458 0.0000 0.0000 0.0000
-2.5338 -4.0363 -7.7774 0.0000 0.0000 0.0000
-2.3977 -4.2866 -8.0887 0.0000 0.0000 0.0000
-2.7999 -4.2669 -8.2973 0.0000 0.0000 0.0000
-2.7987 -3.7888 -7.8753 0.0000 0.0000 0.0000
-2.3592 -3.8093 -8.0107 0.0000 0.0000 0.0000
-2.6067 -4.1220 -7.7952 0.0000 0.0000 0.0000
-2.8097 -4.1365 -7.7361 0.0000 0.0000 0.0000
-2.6003 -4.3045 -7.6125 0.0000 0.0000 0.0000
-2.1758 -4.1024 -6.6594 0.0000 0.0000 0.0000
-2.7639 -3.8191 -6.6390 0.0000 0.0000 0.0000
-2.2348 -4.3954 -7.2180 0.0000 0.0000 0.0000
-2.5998 -4.3107 -6.8017 0.0000 0.0000 0.0000
-2.5710 -3.7635 -7.2273 0.0000 0.0000 0.0000
-2.7670 -3.6594 -7.3262 0.0000 0.0000 0.0000
-2.4119 -3.9572 -7.0306 0.0000 0.0000 0.0000
-2.8953 -3.7466 -7.2499 0.0000 0.0000 0.0000
-2.6518 -4.2424 -5.6649 0.0000 0.0000 0.0000
-2.3922 -4.1215 -6.1085 0.0000 0.0000 0.0000
-2.6576 -4.0807 -6.3699 0.0000 0.0000 0.0000
-2.8666 -3.6648 -6.3451 0.0000 0.0000 0.0000
-2.4059 -3.6309 -6.0921 0.0000 0.0000 0.0000
-2.2094 -4.1190 -6.2345 0.0000 0.0000 0.0000
-2.5851 -3.8309 -6.1485 0.0000 0.0000 0.0000
-2.3459 -3.9796 -6.0852 0.0000 0.0000 0.0000
-2.8381 -3.7051 -5.1043 0.0000 0.0000 0.0000
-2.8839 -4.0003 -5.2714 0.0000 0.0000 0.0000
-2.8022 -3.7414 -4.8944 0.0000 0.0000 0.0000
-2.4746 -3.7672 -5.3524 0.0000 0.0000 0.0000
-2.4440 -3.7741 -4.8775 0.0000 0.0000 0.0000
-2.4108 -3.7828 -5.0306 0.0000 0.0000 0.0000
-2.6251 -4.2221 -5.3299 0.0000 0.0000 0.0000
-2.7512 -3.7993 -4.9551 0.0000 0.0000 0.0000
-2.7668 -4.3270 -3.8422 0.0000 0.0000 0.0000
-2.4683 -4.1992 -3.7624 0.0000 0.0000 0.0000
-2.8160 -4.0762 -3.8035 0.0000 0.0000 0.0000
-2.1354 -3.8036 -3.7373 0.0000 0.0000 0.0000
-2.1973 -4.2863 -3.6478 0.0000 0.0000 0.0000
-2.3548 -4.2871 -4.3760 0.0000 0.0000 0.0000
-2.2733 -3.7245 -3.9016 0.0000 0.0000 0.0000
-2.2990 -3.8363 -3.9133 0.0000 0.0000 0.0000
-2.6867 -3.6397 -3.0489 0.0000 0.0000 0.0000
-2.4948 -4.3904 -3.2258 0.0000 0.0000 0.0000
-2.4586 -4.2535 -3.1460 0.0000 0.0000 0.0000
-2.3496 -3.8143 -3.2009 0.0000 0.0000 0.0000
-2.4097 -4.2486 -2.7953 0.0000 0.0000 0.0000
-2.5121 -4.2184 -2.7332 0.0000 0.0000 0.0000
-2.3211 -3.8196 -3.0542 0.0000 0.0000 0.0000
-2.4076 -4.3107 -3.3349 0.0000 0.0000 0.0000
-2.2570 -2.8713 -12.1463 0.0000 0.0000 0.0000
-2.4810 -3.1542 -12.1248 0.0000 0.0000 0.0000
-2.7125 -2.7272 -12.3874 0.0000 0.0000 0.0000
-2.8662 -3.2203 -12.2924 0.0000 0.0000 0.0000
-2.1553 -3.0193 -12.1220 0.0000 0.0000 0.0000
-2.1142 -3.3402 -11.9672 0.0000 0.0000 0.0000
-2.7442 -2.7133 -11.9719 0.0000 0.0000 0.0000
-2.7892 -2.8072 -11.8994 0.0000 0.0000 0.0000
-2.3669 -2.6230 -11.1966 0.0000 0.0000 0.0000
-2.7571 -3.3621 -11.3380 0.0000 0.0000 0.0000
-2.4460 -3.2702 -11.0885 0.0000 0.0000 0.0000
-2.8585 -3.0306 -11.2415 0.0000 0.0000 0.0000
-2.5941 -3.3227 -10.8717 0.0000 0.0000 0.0000
-2.7478 -2.6169 -11.2834 0.0000 0.0000 0.0000
-2.1243 -3.3345 -11.0917 0.0000 0.0000 0.0000
-2.5764 -2.9923 -10.8920 0.0000 0.0000 0.0000
-2.7454 -2.6384 -10.3827 0.0000 0.0000 0.0000
-2.4116 -3.2341 -10.3970 0.0000 0.0000 0.0000
-2.5221 -2.9918 -9.8044 0.0000 0.0000 0.0000
-2.6997 -3.2244 -9.8259 0.0000 0.0000 0.0000
-2.4854 -3.0907 -10.0141 0.0000 0.0000 0.0000
-2.5143 -3.3251 -9.9824 0.0000 0.0000 0.0000
-2.5631 -3.1157 -10.2456 0.0000 0.0000 0.0000
-2.5424 -2.9209 -10.0580 0.0000 0.0000 0.0000
-2.7685 -2.9580 -9.2443 0.0000 0.0000 0.0000
-2.7314 -2.8900 -8.7702 0.0000 0.0000 0.0000
-2.4037 -3.3441 -8.6200 0.0000 0.0000 0.0000
-2.1390 -2.8042 -8.9621 0.0000 0.0000 0.0000
-2.6580 -3.1777 -9.1863 0.0000 0.0000 0.0000
-2.4656 -2.6623 -8.6752 0.0000 0.0000 0.0000
-2.8749 -3.2259 -8.8228 0.0000 0.0000 0.0000
-2.3029 -3.1486 -9.0039 0.0000 0.0000 0.0000
-2.3412 -2.7078 -8.3499 0.0000 0.0000 0.0000
-2.3551 -3.0664 -7.7615 0.0000 0.0000 0.0000
-2.2242 -2.9896 -8.3047 0.0000 0.0000 0.0000
-2.4225 -3.1279 -8.2456 0.0000 0.0000 0.0000
-2.7344 -2.8727 -7.8580 0.0000 0.0000 0.0000
-2.3914 -2.8148 -8.2951 0.0000 0.0000 0.0000
-2.2448 -3.2162 -7.7603 0.0000 0.0000 0.0000
-2.2373 -2.8917 -7.8650 0.0000 0.0000 0.0000
-2.4272 -3.2576 -6.7249 0.0000 0.0000 0.0000
-2.1214 -3.1851 -6.9466 0.0000 0.0000 0.0000
-2.5051 -3.1489 -7.2629 0.0000 0.0000 0.0000
-2.5855 -2.9591 -6.6054 0.0000 0.0000 0.0000
-2.8751 -3.0852 -6.6868 0.0000 0.0000 0.0000
-2.2785 -2.6347 -6.8340 0.0000 0.0000 0.0000
-2.6322 -3.1037 -7.1685 0.0000 0.0000 0.0000
-2.8305 -2.9829 -6.9109 0.0000 0.0000 0.0000
-2.1992 -2.7808 -6.3417 0.0000 0.0000 0.0000
-2.4640 -2.7619 -5.7073 0.0000 0.0000 0.0000
-2.7623 -2.9761 -5.8161 0.0000 0.0000 0.0000
-2.3219 -3.0941 -5.6881 0.0000 0.0000 0.0000
-2.7471 -2.6441 -6.0153 0.0000 0.0000 0.0000
-2.8528 -3.2457 -5.6057 0.0000 0.0000 0.0000
-2.6705 -2.9352 -6.1028 0.0000 0.0000 0.0000
-2.1377 -3.3410 -5.7475 0.0000 0.0000 0.0000
-2.7510 -2.9263 -4.7299 0.0000 0.0000 0.0000
-2.3381 -2.9839 -4.9360 0.0000 0.0000 0.0000
-2.1254 -2.9559 -4.8100 0.0000 0.0000 0.0000
-2.6831 -3.0747 -4.6177 0.0000 0.0000 0.0000
-2.3401 -2.7822 -4.7890 0.0000 0.0000 0.0000
-2.6405 -2.9237 -4.7312 0.0000 0.0000 0.0000
-2.8070 -3.1300 -5.1921 0.0000 0.0000 0.0000
-2.3964 -2.8781 -5.0829 0.0000 0.0000 0.0000
-2.6225 -3.0710 -4.3950 0.0000 0.0000 0.0000
-2.6790 -2.7985 -4.2851 0.0000 0.0000 0.0000
-2.8571 -2.6251 -3.8620 0.0000 0.0000 0.0000
-2.3100 -2.6331 -4.3989 0.0000 0.0000 0.0000
-2.1202 -3.1348 -3.9744 0.0000 0.0000 0.0000
-2.8302 -2.8626 -4.3762 0.0000 0.0000 0.0000
-2.5900 -3.3958 -3.9822 0.0000 0.0000 0.0000
-2.7856 -3.3427 -4.0977 0.0000 0.0000 0.0000
-2.5749 -2.6450 -3.3698 0.0000 0.0000 0.0000
-2.1760 -3.1826 -2.7914 0.0000 0.0000 0.0000
-2.8745 -2.6564 -2.9061 0.0000 0.0000 0.0000
-2.1478 -2.8557 -2.6783 0.0000 0.0000 0.0000
-2.8476 -2.7342 -2.7744 0.0000 0.0000 0.0000
-2.8725 -3.1908 -2.6938 0.0000 0.0000 0.0000
-2.4932 -2.6140 -2.8884 0.0000 0.0000 0.0000
-2.6026 -3.0724 -3.3184 0.0000 0.0000 0.0000
-2.6861 -2.3201 -12.3827 0.0000 0.0000 0.0000
-2.8591 -2.2786 -12.0093 0.0000 0.0000 0.0000
-2.8718 -1.6374 -12.1707 0.0000 0.0000 0.0000
-2.2038 -2.2733 -11.8587 0.0000 0.0000 0.0000
-2.5919 -2.0100 -11.7997 0.0000 0.0000 0.0000
-2.1572 -1.9459 -12.2413 0.0000 0.0000 0.0000
-2.2601 -1.8185 -11.7431 0.0000 0.0000 0.0000
-2.8913 -1.7401 -11.7116 0.0000 0.0000 0.0000
-2.2062 -2.1159 -11.2589 0.0000 0.0000 0.0000
-2.5839 -2.0919 -11.0987 0.0000 0.0000 0.0000
-2.8380 -1.7420 -10.9142 0.0000 0.0000 0.0000
-2.4815 -2.1870 -11.0333 0.0000 0.0000 0.0000
-2.7657 -1.6021 -10.9345 0.0000 0.0000 0.0000
-2.1035 -1.6249 -10.7507 0.0000 0.0000 0.0000
-2.1520 -1.6478 -11.2925 0.0000 0.0000 0.0000
-2.5010 -1.9840 -11.3484 0.0000 0.0000 0.0000
-2.7028 -2.1927 -10.2010 0.0000 0.0000 0.0000
-2.2061 -1.9536 -10.1441 0.0000 0.0000 0.0000
-2.1492 -2.2974 -10.3735 0.0000 0.0000 0.0000
-2.5373 -1.8450 -9.9322 0.0000 0.0000 0.0000
-2.1707 -2.1894 -9.8595 0.0000 0.0000 0.0000
-2.6452 -2.0186 -9.8440 0.0000 0.0000 0.0000
-2.1383 -1.7872 -9.6156 0.0000 0.0000 0.0000
-2.1420 -2.3884 -10.1743 0.0000 0.0000 0.0000
-2.5095 -1.8981 -8.7892 0.0000 0.0000 0.0000
-2.2839 -2.3290 -8.8379 0.0000 0.0000 0.0000
-2.8865 -2.3715 -8.8653 0.0000 0.0000 0.0000
-2.1620 -2.2768 -8.9417 0.0000 0.0000 0.0000
-2.5069 -1.6942 -9.2944 0.0000 0.0000 0.0000
-2.1220 -1.9739 -9.0894 0.0000 0.0000 0.0000
-2.2601 -2.3137 -8.8699 0.0000 0.0000 0.0000
-2.2158 -2.3056 -9.0351 0.0000 0.0000 0.0000
-2.6598 -1.9938 -7.8075 0.0000 0.0000 0.0000
-2.4566 -1.9425 -8.3963 0.0000 0.0000 0.0000
-2.7283 -2.2606 -7.8104 0.0000 0.0000 0.0000
-2.3790 -2.1257 -7.9388 0.0000 0.0000 0.0000
-2.4426 -2.0529 -7.9878 0.0000 0.0000 0.0000
-2.3274 -1.8315 -8.1248 0.0000 0.0000 0.0000
-2.6630 -2.2187 -8.0979 0.0000 0.0000 0.0000
-2.6285 -1.7855 -7.6175 0.0000 0.0000 0.0000
-2.4606 -2.1840 -6.9161 0.0000 0.0000 0.0000
-2.1754 -1.6522 -6.9130 0.0000 0.0000 0.0000
-2.4609 -1.7279 -7.3488 0.0000 0.0000 0.0000
-2.4429 -1.8088 -7.1231 0.0000 0.0000 0.0000
-2.8677 -1.9233 -6.9329 0.0000 0.0000 0.0000
-2.3301 -2.3950 -6.6725 0.0000 0.0000 0.0000
-2.6523 -2.0518 -6.6812 0.0000 0.0000 0.0000
-2.7368 -1.9916 -7.0093 0.0000 0.0000 0.0000
-2.3159 -1.9882 -6.1932 0.0000 0.0000 0.0000
-2.8683 -1.8434 -5.6192 0.0000 0.0000 0.0000
-2.6193 -2.0399 -5.9211 0.0000 0.0000 0.0000
-2.8003 -1.8679 -6.3502 0.0000 0.0000 0.0000
-2.5147 -1.6848 -6.2585 0.0000 0.0000 0.0000
-2.3442 -2.0468 -5.8583 0.0000 0.0000 0.0000
-2.3453 -1.8427 -6.0071 0.0000 0.0000 0.0000
-2.4842 -2.2845 -6.1569 0.0000 0.0000 0.0000
-2.7044 -1.6593 -5.0231 0.0000 0.0000 0.0000
-2.1865 -1.6807 -5.0700 0.0000 0.0000 0.0000
-2.6132 -1.8874 -4.7120 0.0000 0.0000 0.0000
-2.5712 -1.6595 -5.3162 0.0000 0.0000 0.0000
-2.3816 -2.0167 -5.2478 0.0000 0.0000 0.0000
-2.3400 -2.1810 -4.9360 0.0000 0.0000 0.0000
-2.2776 -2.0913 -5.3198 0.0000 0.0000 0.0000
-2.7554 -1.8896 -5.3299 0.0000 0.0000 0.0000
-2.8519 -2.2728 -4.2147 0.0000 0.0000 0.0000
-2.3649 -2.2454 -4.3554 0.0000 0.0000 0.0000
-2.6208 -1.6082 -4.1324 0.0000 0.0000 0.0000
-2.5072 -2.1107 -4.1470 0.0000 0.0000 0.0000
-2.7069 -2.1560 -3.6536 0.0000 0.0000 0.0000
-2.6510 -1.7601 -4.3182 0.0000 0.0000 0.0000
-2.6859 -2.1493 -3.6222 0.0000 0.0000 0.0000
-2.5736 -1.9617 -4.0306 0.0000 0.0000 0.0000
-2.6873 -1.8241 -2.8627 0.0000 0.0000 0.0000
-2.4232 -2.0192 -3.3913 0.0000 0.0000 0.0000
-2.1572 -1.9404 -2.7489 0.0000 0.0000 0.0000
-2.7950 -1.7230 -3.1120 0.0000 0.0000 0.0000
-2.6532 -2.0330 -2.8673 0.0000 0.0000 0.0000
-2.2963 -1.8869 -3.3402 0.0000 0.0000 0.0000
-2.1660 -1.7221 -3.2763 0.0000 0.0000 0.0000
-2.8010 -2.0860 -3.3615 0.0000 0.0000 0.0000
-2.7623 -1.3305 -12.0853 0.0000 0.0000 0.0000
-2.3354 -0.8022 -12.2677 0.0000 0.0000 0.0000
-2.7569 -0.9992 -11.7707 0.0000 0.0000 0.0000
-2.8629 -1.3893 -11.6823 0.0000 0.0000 0.0000
-2.3855 -1.1681 -12.0170 0.0000 0.0000 0.0000
-2.3993 -1.2369 -11.6581 0.0000 0.0000 0.0000
-2.6430 -0.9955 -11.7870 0.0000 0.0000 0.0000
-2.6626 -1.0138 -12.1576 0.0000 0.0000 0.0000
-2.4041 -1.1382 -10.6421 0.0000 0.0000 0.0000
-2.5952 -0.7106 -10.6178 0.0000 0.0000 0.0000
-2.8593 -0.6978 -10.9459 0.0000 0.0000 0.0000
-2.6664 -1.3569 -11.3617 0.0000 0.0000 0.0000
-2.6585 -1.0879 -11.3743 0.0000 0.0000 0.0000
-2.8676 -0.7892 -10.9712 0.0000 0.0000 0.0000
-2.6234 -0.9994 -11.2535 0.0000 0.0000 0.0000
-2.2089 -0.9390 -11.3047 0.0000 0.0000 0.0000
-2.5081 -1.3030 -9.8027 0.0000 0.0000 0.0000
-2.3589 -1.3579 -9.6003 0.0000 0.0000 0.0000
-2.6870 -1.1842 -9.7350 0.0000 0.0000 0.0000
-2.3549 -0.6358 -10.3017 0.0000 0.0000 0.0000
-2.1373 -0.7059 -9.7445 0.0000 0.0000 0.0000
-2.2918 -0.9903 -9.9520 0.0000 0.0000 0.0000
-2.2285 -0.8115 -9.9808 0.0000 0.0000 0.0000
-2.7823 -0.9254 -10.2957 0.0000 0.0000 0.0000
-2.2664 -0.8063 -9.1752 0.0000 0.0000 0.0000
-2.5232 -1.3880 -8.7287 0.0000 0.0000 0.0000
-2.2461 -1.3277 -8.7001 0.0000 0.0000 0.0000
-2.7307 -1.1402 -8.7375 0.0000 0.0000 0.0000
-2.7326 -1.2530 -9.1400 0.0000 0.0000 0.0000
-2.6269 -1.3617 -8.7618 0.0000 0.0000 0.0000
-2.1647 -1.3376 -8.6257 0.0000 0.0000 0.0000
-2.3106 -1.0714 -9.1324 0.0000 0.0000 0.0000
-2.5367 -1.0746 -7.8489 0.0000 0.0000 0.0000
-2.1509 -1.0736 -7.7091 0.0000 0.0000 0.0000
-2.1308 -1.2434 -8.0726 0.0000 0.0000 0.0000
-2.3522 -0.7074 -8.2478 0.0000 0.0000 0.0000
-2.1898 -1.3710 -8.1131 0.0000 0.0000 0.0000
-2.5082 -1.3359 -7.7237 0.0000 0.0000 0.0000
-2.1323 -0.7817 -7.6634 0.0000 0.0000 0.0000
-2.2403 -1.2201 -8.2371 0.0000 0.0000 0.0000
-2.2141 -1.0701 -7.0772 0.0000 0.0000 0.0000
-2.8392 -1.0488 -6.6706 0.0000 0.0000 0.0000
-2.7219 -1.2040 -6.9588 0.0000 0.0000 0.0000
-2.7668 -1.3090 -7.0066 0.0000 0.0000 0.0000
-2.4676 -0.8996 -7.0528 0.0000 0.0000 0.0000
-2.7188 -0.6572 -7.0254 0.0000 0.0000 0.0000
-2.8517 -1.2522 -7.1888 0.0000 0.0000 0.0000
-2.7829 -0.6039 -6.6127 0.0000 0.0000 0.0000
-2.8008 -1.2550 -6.1054 0.0000 0.0000 0.0000
-2.1138 -1.2127 -6.3341 0.0000 0.0000 0.0000
-2.5973 -0.6535 -6.0910 0.0000 0.0000 0.0000
-2.2524 -1.3331 -5.9097 0.0000 0.0000 0.0000
-2.3796 -1.0416 -6.2548 0.0000 0.0000 0.0000
-2.6789 -0.6084 -5.7586 0.0000 0.0000 0.0000
-2.6465 -0.6978 -6.0581 0.0000 0.0000 0.0000
-2.4360 -0.6624 -5.6376 0.0000 0.0000 0.0000
-2.7650 -0.6825 -5.2048 0.0000 0.0000 0.0000
-2.2888 -1.0352 -4.7820 0.0000 0.0000 0.0000
-2.6721 -1.2095 -4.6065 0.0000 0.0000 0.0000
-2.7980 -1.2765 -5.0095 0.0000 0.0000 0.0000
-2.2815 -0.8929 -4.9422 0.0000 0.0000 0.0000
-2.2886 -0.8319 -4.8762 0.0000 0.0000 0.0000
-2.8902 -1.3568 -4.6523 0.0000 0.0000 0.0000
-2.6566 -0.6882 -5.3852 0.0000 0.0000 0.0000
-2.5182 -1.3584 -3.8938 0.0000 0.0000 0.0000
-2.6225 -0.9557 -4.3733 0.0000 0.0000 0.0000
-2.5546 -0.8013 -4.3856 0.0000 0.0000 0.0000
-2.3185 -0.7968 -3.9214 0.0000 0.0000 0.0000
-2.5606 -1.2864 -3.9027 0.0000 0.0000 0.0000
-2.1847 -1.1021 -3.8557 0.0000 0.0000 0.0000
-2.6474 -1.2847 -3.9410 0.0000 0.0000 0.0000
-2.3535 -0.6836 -3.8915 0.0000 0.0000 0.0000
-2.8369 -1.0737 -2.9932 0.0000 0.0000 0.0000
-2.2749 -0.6513 -3.2053 0.0000 0.0000 0.0000
-2.8376 -0.8285 -2.9117 0.0000 0.0000 0.0000
-2.4994 -1.2561 -2.9387 0.0000 0.0000 0.0000
-2.3938 -1.1643 -2.6874 0.0000 0.0000 0.0000
-2.8461 -1.3045 -3.2826 0.0000 0.0000 0.0000
-2.4561 -1.1432 -3.1647 0.0000 0.0000 0.0000
-2.5448 -1.0023 -2.8373 0.0000 0.0000 0.0000
-2.6393 -0.1689 -11.8995 0.0000 0.0000 0.0000
-2.4737 -0.1876 -11.7729 0.0000 0.0000 0.0000
-2.8688 -0.2247 -11.7995 0.0000 0.0000 0.0000
-2.1240 -0.2134 -12.1251 0.0000 0.0000 0.0000
-2.7965 0.1174 -11.7895 0.0000 0.0000 0.0000
-2.7966 -0.0326 -12.2989 0.0000 0.0000 0.0000
-2.8893 0.3056 -11.6857 0.0000 0.0000 0.0000
-2.5405 -0.1850 -11.7973 0.0000 0.0000 0.0000
-2.5352 0.0803 -10.9615 0.0000 0.0000 0.0000
-2.3840 -0.2467 -11.3847 0.0000 0.0000 0.0000
-2.7919 -0.1626 -10.7363 0.0000 0.0000 0.0000
-2.5055 -0.2548 -11.3891 0.0000 0.0000 0.0000
-2.6404 -0.0576 -11.2364 0.0000 0.0000 0.0000
-2.5698 0.2114 -11.1197 0.0000 0.0000 0.0000
-2.1406 -0.1126 -11.2178 0.0000 0.0000 0.0000
-2.7732 -0.2440 -11.1132 0.0000 0.0000 0.0000
-2.2433 0.2476 -10.1758 0.0000 0.0000 0.0000
-2.2947 0.3623 -9.8470 0.0000 0.0000 0.0000
-2.7327 -0.3238 -9.8828 0.0000 0.0000 0.0000
-2.2253 -0.2646 -10.1316 0.0000 0.0000 0.0000
-2.4554 0.2785 -9.8672 0.0000 0.0000 0.0000
-2.4162 -0.0371 -9.6668 0.0000 0.0000 0.0000
-2.6567 0.0692 -10.3623 0.0000 0.0000 0.0000
-2.6886 -0.0562 -10.1610 0.0000 0.0000 0.0000
-2.3341 0.3183 -8.7371 0.0000 0.0000 0.0000
-2.4904 0.3371 -9.3224 0.0000 0.0000 0.0000
-2.6026 0.3585 -8.8851 0.0000 0.0000 0.0000
-2.1133 0.0523 -9.3214 0.0000 0.0000 0.0000
-2.4051 -0.0893 -9.1379 0.0000 0.0000 0.0000
-2.6214 -0.0346 -8.6188 0.0000 0.0000 0.0000
-2.3053 -0.2215 -9.0773 0.0000 0.0000 0.0000
-2.7529 -0.0130 -8.9839 0.0000 0.0000 0.0000
-2.1496 0.1250 -7.7637 0.0000 0.0000 0.0000
-2.5992 0.2838 -8.1468 0.0000 0.0000 0.0000
-2.3367 0.3869 -8.3719 0.0000 0.0000 0.0000
-2.1349 -0.3568 -8.1533 0.0000 0.0000 0.0000
-2.6983 -0.1185 -8.3345 0.0000 0.0000 0.0000
-2.1592 -0.0179 -8.1258 0.0000 0.0000 0.0000
-2.1414 -0.0599 -7.8698 0.0000 0.0000 0.0000
-2.4359 0.1205 -8.1006 0.0000 0.0000 0.0000
-2.1496 -0.0792 -6.8345 0.0000 0.0000 0.0000
-2.1619 -0.2612 -6.9224 0.0000 0.0000 0.0000
-2.7401 -0.0542 -7.3340 0.0000 0.0000 0.0000
-2.8691 -0.2231 -6.7428 0.0000 0.0000 0.0000
-2.4616 -0.0201 -7.0488 0.0000 0.0000 0.0000
-2.3501 -0.3196 -7.0348 0.0000 0.0000 0.0000
-2.5245 -0.2933 -7.2269 0.0000 0.0000 0.0000
-2.3140 0.3022 -7.3041 0.0000 0.0000 0.0000
-2.5413 -0.3370 -6.0106 0.0000 0.0000 0.0000
-2.4786 0.1702 -5.8808 0.0000 0.0000 0.0000
-2.5965 -0.3349 -5.9840 0.0000 0.0000 0.0000
-2.5579 0.1487 -5.9267 0.0000 0.0000 0.0000
-2.4861 0.2882 -6.2712 0.0000 0.0000 0.0000
-2.8730 0.1140 -5.6389 0.0000 0.0000 0.0000
-2.6801 0.2073 -5.6193 0.0000 0.0000 0.0000
-2.7874 0.2858 -5.9103 0.0000 0.0000 0.0000
-2.8008 0.0761 -4.8109 0.0000 0.0000 0.0000
-2.5485 -0.2406 -4.6217 0.0000 0.0000 0.0000
-2.6447 -0.2365 -5.0976 0.0000 0.0000 0.0000
-2.3272 -0.1399 -4.6441 0.0000 0.0000 0.0000
-2.7333 -0.2259 -5.0053 0.0000 0.0000 0.0000
-2.4599 -0.0542 -4.9964 0.0000 0.0000 0.0000
-2.5879 0.2617 -5.0636 0.0000 0.0000 0.0000
-2.4514 0.0759 -4.8632 0.0000 0.0000 0.0000
-2.4349 -0.3425 -3.7405 0.0000 0.0000 0.0000
-2.7354 -0.3554 -3.6209 0.0000 0.0000 0.0000
-2.6624 -0.3960 -3.8812 0.0000 0.0000 0.0000
-2.7663 -0.2825 -3.7107 0.0000 0.0000 0.0000
-2.4573 0.1424 -4.2737 0.0000 0.0000 0.0000
-2.6775 0.2858 -3.8138 0.0000 0.0000 0.0000
-2.4084 -0.3770 -3.8543 0.0000 0.0000 0.0000
-2.1196 0.3163 -3.9504 0.0000 0.0000 0.0000
-2.2021 -0.1560 -3.3406 0.0000 0.0000 0.0000
-2.2770 0.2146 -2.6969 0.0000 0.0000 0.0000
-2.8870 -0.0216 -2.7309 0.0000 0.0000 0.0000
-2.5098 0.1120 -2.8369 0.0000 0.0000 0.0000
-2.2439 0.2605 -2.6213 0.0000 0.0000 0.0000
-2.5152 0.2807 -2.7024 0.0000 0.0000 0.0000
-2.4602 0.1982 -3.1017 0.0000 0.0000 0.0000
-2.2824 0.1476 -3.3152 0.0000 0.0000 0.0000
-2.5958 1.0304 -11.6210 0.0000 0.0000 0.0000
-2.4124 1.3175 -11.7058 0.0000 0.0000 0.0000
-2.5306 1.3272 -11.7860 0.0000 0.0000 0.0000
-2.1874 1.3751 -11.8233 0.0000 0.0000 0.0000
-2.2954 1.2316 -12.3181 0.0000 0.0000 0.0000
-2.3852 0.6897 -11.8838 0.0000 0.0000 0.0000
-2.2527 1.3620 -12.2991 0.0000 0.0000 0.0000
-2.2889 1.1984 -11.9638 0.0000 0.0000 0.0000
-2.5401 1.3031 -11.2988 0.0000 0.0000 0.0000
-2.7887 0.9502 -10.9791 0.0000 0.0000 0.0000
-2.1297 1.3536 -10.6657 0.0000 0.0000 0.0000
-2.8406 1.2408 -10.7336 0.0000 0.0000 0.0000
-2.8053 1.1123 -11.1115 0.0000 0.0000 0.0000
-2.8216 0.8850 -11.0865 0.0000 0.0000 0.0000
-2.6606 0.9889 -10.8416 0.0000 0.0000 0.0000
-2.2635 1.1907 -10.8468 0.0000 0.0000 0.0000
-2.8755 0.7340 -10.2791 0.0000 0.0000 0.0000
-2.6435 0.9624 -10.1787 0.0000 0.0000 0.0000
-2.8742 1.3766 -9.9315 0.0000 0.0000 0.0000
-2.2831 1.2126 -9.8401 0.0000 0.0000 0.0000
-2.7276 0.6161 -10.0664 0.0000 0.0000 0.0000
-2.1908 1.3928 -9.9114 0.0000 0.0000 0.0000
-2.1127 0.7660 -9.9437 0.0000 0.0000 0.0000
-2.2792 0.8485 -9.7536 0.0000 0.0000 0.0000
-2.4761 1.3549 -8.9133 0.0000 0.0000 0.0000
-2.8221 0.9605 -9.2778 0.0000 0.0000 0.0000
-2.6772 0.9720 -9.1105 0.0000 0.0000 0.0000
-2.5306 0.8216 -8.7109 0.0000 0.0000 0.0000
-2.4819 1.3097 -8.8159 0.0000 0.0000 0.0000
-2.3078 1.0468 -9.0508 0.0000 0.0000 0.0000
-2.1556 0.8084 -8.8803 0.0000 0.0000 0.0000
-2.4245 0.8950 -8.8099 0.0000 0.0000 0.0000
-2.2873 0.7347 -8.0457 0.0000 0.0000 0.0000
-2.4028 0.6431 -7.9995 0.0000 0.0000 0.0000
-2.8341 1.0051 -8.0836 0.0000 0.0000 0.0000
-2.1937 0.7871 -7.6300 0.0000 0.0000 0.0000
-2.4168 0.7192 -8.3968 0.0000 0.0000 0.0000
-2.6342 0.8145 -7.8032 0.0000 0.0000 0.0000
-2.3578 1.3706 -8.1235 0.0000 0.0000 0.0000
-2.5992 1.0748 -8.0919 0.0000 0.0000 0.0000
-2.7952 1.0806 -7.1146 0.0000 0.0000 0.0000
-2.5782 1.2380 -7.2889 0.0000 0.0000 0.0000
-2.5780 1.3406 -7.3897 0.0000 0.0000 0.0000
-2.6507 1.0889 -6.9172 0.0000 0.0000 0.0000
-2.5775 1.3011 -6.7371 0.0000 0.0000 0.0000
-2.2916 1.0572 -6.8336 0.0000 0.0000 0.0000
-2.8891 0.7219 -7.0661 0.0000 0.0000 0.0000
-2.5978 0.8249 -7.0612 0.0000 0.0000 0.0000
-2.4083 1.1415 -6.0916 0.0000 0.0000 0.0000
-2.8475 0.9800 -5.6727 0.0000 0.0000 0.0000
-2.6951 0.6929 -6.3991 0.0000 0.0000 0.0000
-2.7377 0.6511 -5.7494 0.0000 0.0000 0.0000
-2.2728 0.7893 -5.7999 0.0000 0.0000 0.0000
-2.8175 1.0683 -5.9604 0.0000 0.0000 0.0000
-2.6096 0.7509 -5.7769 0.0000 0.0000 0.0000
-2.7855 1.1924 -5.9158 0.0000 0.0000 0.0000
-2.5283 0.8784 -5.1821 0.0000 0.0000 0.0000
-2.8570 1.1379 -4.8962 0.0000 0.0000 0.0000
-2.2899 0.9959 -5.3429 0.0000 0.0000 0.0000
-2.4848 0.8375 -4.7918 0.0000 0.0000 0.0000
-2.8923 1.2975 -5.0311 0.0000 0.0000 0.0000
-2.3086 0.9331 -5.2503 0.0000 0.0000 0.0000
-2.4517 0.8821 -4.9616 0.0000 0.0000 0.0000
-2.6658 0.9800 -5.3846 0.0000 0.0000 0.0000
-2.3713 1.1983 -3.7603 0.0000 0.0000 0.0000
-2.4906 0.6510 -3.7513 0.0000 0.0000 0.0000
-2.5813 1.1473 -3.9310 0.0000 0.0000 0.0000
-2.8838 1.1552 -3.9310 0.0000 0.0000 0.0000
-2.5437 0.9158 -3.9459 0.0000 0.0000 0.0000
-2.7394 0.9749 -3.7572 0.0000 0.0000 0.0000
-2.1573 1.3734 -4.0344 0.0000 0.0000 0.0000
-2.7852 0.7491 -3.6129 0.0000 0.0000 0.0000
-2.6498 0.7987 -2.7929 0.0000 0.0000 0.0000
-2.8213 1.3850 -3.1869 0.0000 0.0000 0.0000
-2.5725 1.2342 -3.0162 0.0000 0.0000 0.0000
-2.8791 1.0974 -2.9650 0.0000 0.0000 0.0000
-2.8558 1.1829 -2.8600 0.0000 0.0000 0.0000
-2.7242 0.7427 -2.8681 0.0000 0.0000 0.0000
-2.5181 1.0492 -3.2438 0.0000 0.0000 0.0000
-2.1724 1.0585 -2.9150 0.0000 0.0000 0.0000
-2.6190 1.9550 -11.7769 0.0000 0.0000 0.0000
-2.5318 2.3198 -11.7425 0.0000 0.0000 0.0000
-2.3524 2.2388 -12.2503 0.0000 0.0000 0.0000
-2.4059 1.7387 -11.6745 0.0000 0.0000 0.0000
-2.6694 1.8797 -12.3626 0.0000 0.0000 0.0000
-2.7354 2.3486 -11.7127 0.0000 0.0000 0.0000
-2.5243 2.3958 -12.0316 0.0000 0.0000 0.0000
-2.1044 1.7845 -12.2495 0.0000 0.0000 0.0000
-2.6017 1.6635 -11.1944 0.0000 0.0000 0.0000
-2.6557 1.6506 -11.1813 0.0000 0.0000 0.0000
-2.1741 2.2006 -10.8651 0.0000 0.0000 0.0000
-2.2612 1.9226 -10.6672 0.0000 0.0000 0.0000
-2.1366 1.6605 -11.3886 0.0000 0.0000 0.0000
-2.4723 1.6490 -11.2404 0.0000 0.0000 0.0000
-2.5588 2.0319 -10.6562 0.0000 0.0000 0.0000
-2.6004 2.1600 -10.9192 0.0000 0.0000 0.0000
-2.7042 1.9607 -9.8401 0.0000 0.0000 0.0000
-2.5393 2.0013 -9.6958 0.0000 0.0000 0.0000
-2.6723 2.2725 -10.3772 0.0000 0.0000 0.0000
-2.5814 1.9429 -9.8518 0.0000 0.0000 0.0000
-2.1551 1.6182 -9.8423 0.0000 0.0000 0.0000
-2.8720 2.1155 -9.7893 0.0000 0.0000 0.0000
-2.2794 1.8292 -10.3682 0.0000 0.0000 0.0000
-2.2896 1.9871 -10.3302 0.0000 0.0000 0.0000
-2.2533 2.1308 -9.3203 0.0000 0.0000 0.0000
-2.4089 1.8669 -9.3083 0.0000 0.0000 0.0000
-2.2636 1.8249 -9.2874 0.0000 0.0000 0.0000
-2.8536 2.0632 -9.0258 0.0000 0.0000 0.0000
-2.5186 2.0777 -8.7768 0.0000 0.0000 0.0000
-2.8406 2.2309 -9.2392 0.0000 0.0000 0.0000
-2.3301 1.7236 -8.8354 0.0000 0.0000 0.0000
-2.2465 2.3264 -8.7656 0.0000 0.0000 0.0000
-2.8500 2.3251 -8.2668 0.0000 0.0000 0.0000
-2.7284 1.9669 -7.6780 0.0000 0.0000 0.0000
-2.1076 2.1402 -7.9182 0.0000 0.0000 0.0000
-2.4053 1.8497 -7.6170 0.0000 0.0000 0.0000
-2.6487 1.9315 -8.1134 0.0000 0.0000 0.0000
-2.6034 2.3278 -8.1772 0.0000 0.0000 0.0000
-2.1435 1.8475 -7.6850 0.0000 0.0000 0.0000
-2.8423 1.9152 -7.8313 0.0000 0.0000 0.0000
-2.1296 2.3140 -6.6743 0.0000 0.0000 0.0000
-2.5002 2.3932 -7.1604 0.0000 0.0000 0.0000
-2.5900 1.6212 -7.2241 0.0000 0.0000 0.0000
-2.1320 1.8054 -7.2159 0.0000 0.0000 0.0000
-2.8518 1.6719 -7.1223 0.0000 0.0000 0.0000
-2.8029 2.3360 -6.9833 0.0000 0.0000 0.0000
-2.5918 2.1610 -6.6538 0.0000 0.0000 0.0000
-2.4875 2.3528 -6.6044 0.0000 0.0000 0.0000
-2.1208 2.2186 -6.1986 0.0000 0.0000 0.0000
-2.4795 2.3113 -6.1369 0.0000 0.0000 0.0000
-2.2667 1.7599 -5.7849 0.0000 0.0000 0.0000
-2.6821 2.2380 -5.9645 0.0000 0.0000 0.0000
-2.7749 2.1117 -5.6776 0.0000 0.0000 0.0000
-2.3524 1.9995 -6.3770 0.0000 0.0000 0.0000
-2.4859 2.2589 -5.7830 0.0000 0.0000 0.0000
-2.4119 2.1156 -6.3642 0.0000 0.0000 0.0000
-2.2013 1.7747 -4.6940 0.0000 0.0000 0.0000
-2.1670 2.3706 -4.7415 0.0000 0.0000 0.0000
-2.4515 2.2822 -4.7499 0.0000 0.0000 0.0000
-2.8818 2.0339 -5.1619 0.0000 0.0000 0.0000
-2.2434 2.0395 -5.0632 0.0000 0.0000 0.0000
-2.5019 2.0363 -4.9110 0.0000 0.0000 0.0000
-2.5647 2.3441 -5.2849 0.0000 0.0000 0.0000
-2.3806 1.6353 -4.7627 0.0000 0.0000 0.0000
-2.5516 1.8163 -3.6844 0.0000 0.0000 0.0000
-2.4484 2.2112 -3.9394 0.0000 0.0000 0.0000
-2.3947 2.3855 -4.2073 0.0000 0.0000 0.0000
-2.1962 1.7876 -3.9464 0.0000 0.0000 0.0000
-2.8642 2.0191 -3.9603 0.0000 0.0000 0.0000
-2.4101 2.3605 -4.2353 0.0000 0.0000 0.0000
-2.3895 1.6179 -4.2831 0.0000 0.0000 0.0000
-2.6681 2.3044 -4.2016 0.0000 0.0000 0.0000
-2.2893 2.1283 -3.0755 0.0000 0.0000 0.0000
-2.1976 2.1455 -2.9422 0.0000 0.0000 0.0000
-2.2597 2.3491 -3.2609 0.0000 0.0000 0.0000
-2.8349 2.1327 -2.7946 0.0000 0.0000 0.0000
-2.3119 2.2441 -3.0447 0.0000 0.0000 0.0000
-2.7162 1.8038 -2.6241 0.0000 0.0000 0.0000
-2.7501 1.6176 -3.2255 0.0000 0.0000 0.0000
-2.3866 2.1365 -2.8885 0.0000 0.0000 0.0000
-1.3573 -6.6308 -12.3139 0.0000 0.0000 0.0000
-1.7321 -7.1751 -11.6997 0.0000 0.0000 0.0000
-1.4142 -7.1037 -11.7713 0.0000 0.0000 0.0000
-1.8896 -7.0700 -11.8227 0.0000 0.0000 0.0000
-1.8306 -7.1807 -11.8284 0.0000 0.0000 0.0000
-1.1901 -7.1400 -11.8571 0.0000 0.0000 0.0000
-1.3964 -7.0032 -12.0427 0.0000 0.0000 0.0000
-1.2059 -7.3411 -11.6518 0.0000 0.0000 0.0000
-1.5630 -6.8746 -10.6826 0.0000 0.0000 0.0000
-1.2367 -6.9490 -11.3821 0.0000 0.0000 0.0000
-1.3853 -7.0248 -10.8888 0.0000 0.0000 0.0000
-1.7129 -6.8843 -11.1139 0.0000 0.0000 0.0000
-1.3778 -7.3640 -11.0515 0.0000 0.0000 0.0000
-1.8775 -6.9933 -10.9237 0.0000 0.0000 0.0000
-1.3972 -6.8178 -11.1189 0.0000 0.0000 0.0000
-1.8616 -6.7759 -11.0031 0.0000 0.0000 0.0000
-1.7262 -6.9662 -10.0189 0.0000 0.0000 0.0000
-1.7696 -6.9333 -10.1898 0.0000 0.0000 0.0000
-1.4457 -6.7404 -9.6464 0.0000 0.0000 0.0000
-1.4503 -6.9352 -10.1257 0.0000 0.0000 0.0000
-1.5012 -6.8947 -10.0778 0.0000 0.0000 0.0000
-1.4418 -6.7706 -9.7274 0.0000 0.0000 0.0000
-1.7108 -7.2755 -10.0463 0.0000 0.0000 0.0000
-1.6718 -6.7046 -10.1170 0.0000 0.0000 0.0000
-1.8138 -7.1585 -9.3845 0.0000 0.0000 0.0000
-1.1738 -6.9424 -9.1750 0.0000 0.0000 0.0000
-1.5392 -6.7373 -9.0524 0.0000 0.0000 0.0000
-1.6028 -6.8164 -8.8869 0.0000 0.0000 0.0000
-1.1696 -6.6476 -8.6165 0.0000 0.0000 0.0000
-1.7507 -7.1723 -9.0451 0.0000 0.0000 0.0000
-1.4693 -7.1567 -8.9353 0.0000 0.0000 0.0000
-1.5562 -6.6223 -9.0630 0.0000 0.0000 0.0000
-1.5572 -6.7720 -7.6257 0.0000 0.0000 0.0000
-1.4741 -7.2140 -8.3493 0.0000 0.0000 0.0000
-1.3016 -7.1805 -7.9711 0.0000 0.0000 0.0000
-1.5471 -6.6147 -7.9999 0.0000 0.0000 0.0000
-1.4685 -7.1143 -8.3336 0.0000 0.0000 0.0000
-1.8055 -7.1548 -7.7322 0.0000 0.0000 0.0000
-1.8487 -7.3512 -7.7034 0.0000 0.0000 0.0000
-1.8784 -6.7391 -7.7249 0.0000 0.0000 0.0000
-1.4900 -7.2339 -6.6371 0.0000 0.0000 0.0000
-1.7744 -6.7611 -7.2122 0.0000 0.0000 0.0000
-1.1116 -7.0997 -7.3550 0.0000 0.0000 0.0000
-1.7682 -7.2637 -7.3842 0.0000 0.0000 0.0000
-1.2946 -6.6672 -7.2792 0.0000 0.0000 0.0000
-1.8182 -7.3229 -7.3996 0.0000 0.0000 0.0000
-1.4345 -7.1830 -6.7562 0.0000 0.0000 0.0000
-1.4920 -6.6650 -7.1488 0.0000 0.0000 0.0000
-1.4896 -6.7710 -5.6475 0.0000 0.0000 0.0000
-1.4407 -6.6805 -5.6059 0.0000 0.0000 0.0000
-1.4944 -7.1425 -5.7021 0.0000 0.0000 0.0000
-1.1528 -7.1363 -5.9009 0.0000 0.0000 0.0000
-1.2012 -6.7654 -5.6828 0.0000 0.0000 0.0000
-1.3334 -7.1232 -6.3584 0.0000 0.0000 0.0000
-1.6721 -6.8811 -6.0915 0.0000 0.0000 0.0000
-1.4926 -7.3891 -6.3532 0.0000 0.0000 0.0000
-1.7543 -6.8905 -5.1684 0.0000 0.0000 0.0000
-1.2582 -6.7901 -5.1932 0.0000 0.0000 0.0000
-1.2813 -7.3735 -5.0805 0.0000 0.0000 0.0000
-1.7652 -7.2925 -5.2652 0.0000 0.0000 0.0000
-1.1563 -7.3513 -4.6012 0.0000 0.0000 0.0000
-1.1660 -7.2498 -5.0112 0.0000 0.0000 0.0000
-1.2155 -6.9696 -5.2470 0.0000 0.0000 0.0000
-1.5591 -7.3206 -5.2429 0.0000 0.0000 0.0000
-1.4024 -7.0817 -4.2357 0.0000 0.0000 0.0000
-1.3590 -7.3710 -4.3079 0.0000 0.0000 0.0000
-1.4996 -6.8350 -4.1788 0.0000 0.0000 0.0000
-1.1602 -7.3368 -3.6461 0.0000 0.0000 0.0000
-1.4546 -6.6520 -4.0159 0.0000 0.0000 0.0000
-1.1266 -7.3650 -4.1803 0.0000 0.0000 0.0000
-1.2156 -7.0072 -3.7034 0.0000 0.0000 0.0000
-1.8949 -7.2592 -3.6768 0.0000 0.0000 0.0000
-1.7856 -6.9521 -2.8548 0.0000 0.0000 0.0000
-1.3731 -7.2560 -2.7971 0.0000 0.0000 0.0000
-1.6020 -6.7600 -3.3065 0.0000 0.0000 0.0000
-1.2167 -7.2742 -2.6628 0.0000 0.0000 0.0000
-1.8841 -7.3475 -3.0113 0.0000 0.0000 0.0000
-1.4105 -7.3472 -2.9089 0.0000 0.0000 0.0000
-1.6702 -6.6195 -2.6206 0.0000 0.0000 0.0000
-1.1393 -7.3101 -2.8150 0.0000 0.0000 0.0000
-1.3581 -6.3950 -12.2552 0.0000 0.0000 0.0000
-1.1222 -5.8588 -12.0780 0.0000 0.0000 0.0000
-1.5858 -5.9719 -11.6199 0.0000 0.0000 0.0000
-1.5516 -5.8878 -12.3091 0.0000 0.0000 0.0000
-1.5658 -5.6081 -12.3701 0.0000 0.0000 0.0000
-1.7574 -5.8986 -11.7351 0.0000 0.0000 0.0000
-1.3393 -6.2037 -12.3400 0.0000 0.0000 0.0000
-1.4479 -5.9680 -11.6508 0.0000 0.0000 0.0000
-1.4088 -6.2073 -10.9096 0.0000 0.0000 0.0000
-1.6499 -6.0208 -11.3915 0.0000 0.0000 0.0000
-1.2606 -6.1165 -11.0910 0.0000 0.0000 0.0000
-1.6783 -6.1267 -11.0420 0.0000 0.0000 0.0000
-1.5600 -6.1739 -10.9889 0.0000 0.0000 0.0000
-1.6051 -5.6450 -11.2920 0.0000 0.0000 0.0000
-1.5383 -6.1783 -11.2090 0.0000 0.0000 0.0000
-1.1379 -5.8648 -10.6781 0.0000 0.0000 0.0000
-1.2897 -5.7862 -10.3222 0.0000 0.0000 0.0000
-1.6637 -5.6952 -9.6299 0.0000 0.0000 0.0000
-1.3702 -6.3136 -10.0983 0.0000 0.0000 0.0000
-1.4974 -5.9458 -9.9827 0.0000 0.0000 0.0000
-1.6582 -5.8341 -9.9906 0.0000 0.0000 0.0000
-1.5425 -6.1845 -9.8015 0.0000 0.0000 0.0000
-1.3765 -5.9676 -9.7439 0.0000 0.0000 0.0000
-1.6230 -5.8703 -9.9206 0.0000 0.0000 0.0000
-1.8724 -5.6161 -8.6904 0.0000 0.0000 0.0000
-1.8888 -6.0988 -9.3850 0.0000 0.0000 0.0000
-1.5221 -6.0318 -8.8931 0.0000 0.0000 0.0000
-1.8792 -5.9052 -8.8405 0.0000 0.0000 0.0000
-1.8673 -6.1771 -8.7076 0.0000 0.0000 0.0000
-1.8621 -5.7699 -8.9117 0.0000 0.0000 0.0000
-1.3911 -5.7808 -8.6861 0.0000 0.0000 0.0000
-1.4945 -5.8720 -9.0949 0.0000 0.0000 0.0000
-1.1010 -6.1885 -8.0134 0.0000 0.0000 0.0000
-1.4703 -6.0132 -7.7946 0.0000 0.0000 0.0000
-1.3592 -6.1078 -8.3063 0.0000 0.0000 0.0000
-1.1358 -5.7489 -7.6701 0.0000 0.0000 0.0000
-1.2453 -6.0114 -8.1757 0.0000 0.0000 0.0000
-1.1463 -6.0023 -8.2560 0.0000 0.0000 0.0000
-1.4622 -6.3618 -7.9180 0.0000 0.0000 0.0000
-1.7724 -6.0729 -8.0002 0.0000 0.0000 0.0000
-1.5054 -5.7009 -7.1990 0.0000 0.0000 0.0000
-1.8961 -6.1047 -7.1134 0.0000 0.0000 0.0000
-1.2868 -5.7021 -6.6426 0.0000 0.0000 0.0000
-1.5677 -5.7772 -6.8469 0.0000 0.0000 0.0000
-1.3739 -5.6807 -6.7451 0.0000 0.0000 0.0000
-1.5783 -5.9293 -7.2845 0.0000 0.0000 0.0000
-1.6495 -5.8608 -6.7853 0.0000 0.0000 0.0000
-1.2750 -6.1567 -6.7676 0.0000 0.0000 0.0000
-1.5655 -5.6036 -6.2051 0.0000 0.0000 0.0000
-1.4833 -5.9891 -6.3218 0.0000 0.0000 0.0000
-1.5790 -6.0318 -6.1892 0.0000 0.0000 0.0000
-1.5720 -5.9949 -5.6513 0.0000 0.0000 0.0000
-1.5700 -5.9215 -6.3220 0.0000 0.0000 0.0000
-1.2125 -6.0456 -5.8657 0.0000 0.0000 0.0000
-1.5919 -6.3153 -5.9614 0.0000 0.0000 0.0000
-1.7345 -6.2229 -5.9909 0.0000 0.0000 0.0000
-1.5351 -6.3196 -4.6109 0.0000 0.0000 0.0000
-1.1790 -6.3223 -4.7928 0.0000 0.0000 0.0000
-1.3788 -6.2023 -4.6780 0.0000 0.0000 0.0000
-1.6901 -6.0573 -4.6763 0.0000 0.0000 0.0000
-1.6503 -6.3302 -5.2641 0.0000 0.0000 0.0000
-1.7046 -6.3993 -5.2164 0.0000 0.0000 0.0000
-1.2146 -6.0307 -4.8303 0.0000 0.0000 0.0000
-1.2308 -6.3038 -4.6295 0.0000 0.0000 0.0000
-1.5340 -5.8850 -4.0016 0.0000 0.0000 0.0000
-1.4517 -6.3473 -4.1368 0.0000 0.0000 0.0000
-1.8891 -6.3465 -4.0148 0.0000 0.0000 0.0000
-1.6078 -5.7045 -4.1901 0.0000 0.0000 0.0000
-1.7795 -5.8283 -4.1858 0.0000 0.0000 0.0000
-1.7678 -6.3768 -3.6330 0.0000 0.0000 0.0000
-1.5640 -5.7534 -4.2608 0.0000 0.0000 0.0000
-1.1191 -6.2078 -3.8706 0.0000 0.0000 0.0000
-1.2507 -5.8086 -2.8691 0.0000 0.0000 0.0000
-1.7224 -5.8190 -3.0047 0.0000 0.0000 0.0000
-1.6184 -5.9475 -3.1468 0.0000 0.0000 0.0000
-1.4817 -6.0350 -2.6728 0.0000 0.0000 0.0000
-1.2694 -6.0847 -2.9701 0.0000 0.0000 0.0000
-1.5703 -5.8100 -3.3069 0.0000 0.0000 0.0000
-1.4865 -6.1560 -3.0705 0.0000 0.0000 0.0000
-1.2678 -6.3158 -2.9052 0.0000 0.0000 0.0000
-1.6553 -4.7455 -12.0464 0.0000 0.0000 0.0000
-1.7609 -4.8729 -11.9580 0.0000 0.0000 0.0000
-1.6960 -4.9266 -11.6696 0.0000 0.0000 0.0000
-1.5350 -5.2682 -11.7802 0.0000 0.0000 0.0000
-1.7091 -5.0821 -11.7795 0.0000 0.0000 0.0000
-1.2558 -5.1485 -12.0639 0.0000 0.0000 0.0000
-1.2217 -4.6547 -11.8127 0.0000 0.0000 0.0000
-1.3216 -4.6330 -12.1164 0.0000 0.0000 0.0000
-1.1160 -4.6755 -11.1772 0.0000 0.0000 0.0000
-1.1075 -4.9697 -10.9778 0.0000 0.0000 0.0000
-1.2007 -4.6683 -11.3347 0.0000 0.0000 0.0000
-1.8943 -4.9585 -10.6818 0.0000 0.0000 0.0000
-1.3339 -4.9887 -11.3311 0.0000 0.0000 0.0000
-1.1270 -5.0393 -11.2235 0.0000 0.0000 0.0000
-1.2870 -4.7974 -10.7632 0.0000 0.0000 0.0000
-1.5208 -5.1348 -10.7372 0.0000 0.0000 0.0000
-1.5254 -4.8708 -10.1247 0.0000 0.0000 0.0000
-1.6933 -5.1309 -9.8016 0.0000 0.0000 0.0000
-1.7722 -4.6392 -9.7081 0.0000 0.0000 0.0000
-1.2400 -5.0590 -10.0954 0.0000 0.0000 0.0000
-1.6199 -4.8107 -10.0692 0.0000 0.0000 0.0000
-1.4570 -4.6913 -10.0120 0.0000 0.0000 0.0000
-1.3245 -5.3263 -10.2055 0.0000 0.0000 0.0000
-1.4945 -5.1143 -9.9972 0.0000 0.0000 0.0000
-1.6861 -4.7574 -9.0337 0.0000 0.0000 0.0000
-1.8726 -5.2873 -8.9802 0.0000 0.0000 0.0000
-1.6889 -5.0005 -9.3972 0.0000 0.0000 0.0000
-1.3091 -4.8431 -9.2036 0.0000 0.0000 0.0000
-1.2183 -5.2490 -8.9589 0.0000 0.0000 0.0000
-1.8916 -4.6383 -8.9281 0.0000 0.0000 0.0000
-1.1152 -5.2053 -9.3550 0.0000 0.0000 0.0000
-1.3997 -4.8599 -9.1619 0.0000 0.0000 0.0000
-1.5893 -4.6490 -7.7155 0.0000 0.0000 0.0000
-1.5398 -4.6413 -7.6566 0.0000 0.0000 0.0000
-1.1957 -4.7907 -7.9752 0.0000 0.0000 0.0000
-1.8464 -4.9763 -8.2531 0.0000 0.0000 0.0000
-1.1440 -5.2123 -7.8374 0.0000 0.0000 0.0000
-1.6902 -5.2381 -8.0285 0.0000 0.0000 0.0000
-1.5061 -4.9416 -7.7036 0.0000 0.0000 0.0000
-1.6465 -4.7720 -7.8048 0.0000 0.0000 0.0000
-1.1869 -4.8982 -6.6687 0.0000 0.0000 0.0000
-1.3058 -5.0616 -6.9316 0.0000 0.0000 0.0000
-1.2560 -5.2257 -7.3625 0.0000 0.0000 0.0000
-1.8605 -5.2343 -6.6975 0.0000 0.0000 0.0000
-1.7768 -5.0478 -7.0685 0.0000 0.0000 0.0000
-1.1426 -4.6344 -7.3568 0.0000 0.0000 0.0000
-1.2932 -5.1646 -7.3419 0.0000 0.0000 0.0000
-1.4192 -4.6974 -7.3008 0.0000 0.0000 0.0000
-1.6419 -4.7831 -6.3517 0.0000 0.0000 0.0000
-1.1807 -4.7010 -5.9317 0.0000 0.0000 0.0000
-1.6509 -4.9177 -5.7608 0.0000 0.0000 0.0000
-1.2031 -4.6349 -5.6988 0.0000 0.0000 0.0000
-1.1607 -5.1009 -6.2521 0.0000 0.0000 0.0000
-1.8860 -4.9951 -6.3446 0.0000 0.0000 0.0000
-1.5140 -4.6361 -6.3575 0.0000 0.0000 0.0000
-1.6462 -5.2602 -5.7689 0.0000 0.0000 0.0000
-1.7536 -4.8895 -4.9443 0.0000 0.0000 0.0000
-1.1278 -5.2569 -5.3411 0.0000 0.0000 0.0000
-1.6024 -5.2255 -4.6883 0.0000 0.0000 0.0000
-1.1283 -4.8992 -4.9646 0.0000 0.0000 0.0000
-1.3232 -5.2348 -5.0205 0.0000 0.0000 0.0000
-1.4702 -5.1821 -4.7797 0.0000 0.0000 0.0000
-1.4940 -4.7896 -5.0327 0.0000 0.0000 0.0000
-1.1477 -5.2450 -4.9102 0.0000 0.0000 0.0000
-1.5254 -5.1432 -3.8819 0.0000 0.0000 0.0000
-1.3479 -4.8081 -3.9234 0.0000 0.0000 0.0000
-1.5853 -5.2715 -4.2003 0.0000 0.0000 0.0000
-1.7671 -5.1943 -4.3465 0.0000 0.0000 0.0000
-1.1806 -5.1040 -4.3174 0.0000 0.0000 0.0000
-1.7759 -4.8015 -4.0875 0.0000 0.0000 0.0000
-1.7805 -4.8775 -4.0090 0.0000 0.0000 0.0000
-1.7009 -4.8142 -3.6672 0.0000 0.0000 0.0000
-1.2867 -5.2411 -3.0209 0.0000 0.0000 0.0000
-1.4683 -4.7034 -2.6893 0.0000 0.0000 0.0000
-1.7956 -5.1493 -3.3943 0.0000 0.0000 0.0000
-1.1837 -4.9527 -3.2562 0.0000 0.0000 0.0000
-1.6873 -4.7187 -2.6296 0.0000 0.0000 0.0000
-1.8794 -4.6867 -2.7342 0.0000 0.0000 0.0000
-1.7849 -4.6145 -2.9985 0.0000 0.0000 0.0000
-1.7866 -5.0622 -3.0758 0.0000 0.0000 0.0000
-1.4829 -4.3057 -11.6466 0.0000 0.0000 0.0000
-1.2987 -3.7887 -12.2814 0.0000 0.0000 0.0000
-1.6277 -3.6786 -11.9570 0.0000 0.0000 0.0000
-1.5045 -4.2056 -11.6973 0.0000 0.0000 0.0000
-1.4628 -4.3268 -12.0052 0.0000 0.0000 0.0000
-1.6389 -3.7007 -12.2671 0.0000 0.0000 0.0000
-1.6557 -3.9922 -11.9746 0.0000 0.0000 0.0000
-1.2250 -3.7487 -12.1123 0.0000 0.0000 0.0000
-1.7265 -3.8132 -10.8828 0.0000 0.0000 0.0000
-1.3249 -4.0245 -10.7245 0.0000 0.0000 0.0000
-1.6339 -3.9981 -11.1493 0.0000 0.0000 0.0000
-1.1816 -4.1377 -11.3183 0.0000 0.0000 0.0000
-1.8090 -3.7503 -10.7193 0.0000 0.0000 0.0000
-1.8749 -3.7196 -11.2416 0.0000 0.0000 0.0000
-1.5722 -4.3895 -11.2065 0.0000 0.0000 0.0000
-1.4064 -4.3222 -10.6783 0.0000 0.0000 0.0000
-1.3844 -4.3178 -9.8623 0.0000 0.0000 0.0000
-1.8489 -4.3456 -9.6069 0.0000 0.0000 0.0000
-1.7408 -3.9548 -9.9063 0.0000 0.0000 0.0000
-1.6928 -3.6828 -9.7169 0.0000 0.0000 0.0000
-1.3121 -3.6680 -9.8129 0.0000 0.0000 0.0000
-1.2208 -4.2574 -10.2404 0.0000 0.0000 0.0000
-1.1195 -4.2910 -10.2295 0.0000 0.0000 0.0000
-1.4562 -3.9512 -9.7933 0.0000 0.0000 0.0000
-1.6200 -4.0896 -9.1314 0.0000 0.0000 0.0000
-1.2230 -3.9449 -8.9588 0.0000 0.0000 0.0000
-1.4289 -3.7881 -9.0083 0.0000 0.0000 0.0000
-1.3252 -4.1766 -8.7229 0.0000 0.0000 0.0000
-1.8455 -3.7583 -8.8943 0.0000 0.0000 0.0000
-1.8989 -4.2707 -9.1469 0.0000 0.0000 0.0000
-1.6399 -3.8123 -8.9755 0.0000 0.0000 0.0000
-1.6919 -4.1792 -8.7692 0.0000 0.0000 0.0000
-1.4181 -4.1682 -8.2022 0.0000 0.0000 0.0000
-1.8515 -3.6871 -8.3641 0.0000 0.0000 0.0000
-1.2995 -3.7494 -7.9277 0.0000 0.0000 0.0000
-1.8269 -4.3674 -8.3532 0.0000 0.0000 0.0000
-1.2487 -4.2207 -8.2901 0.0000 0.0000 0.0000
-1.2864 -3.7425 -8.2773 0.0000 0.0000 0.0000
-1.1605 -4.0116 -8.2578 0.0000 0.0000 0.0000
-1.6876 -4.2245 -7.7147 0.0000 0.0000 0.0000
-1.4767 -3.8113 -7.0240 0.0000 0.0000 0.0000
-1.8034 -3.7268 -7.2668 0.0000 0.0000 0.0000
-1.2618 -4.1458 -6.7645 0.0000 0.0000 0.0000
-1.8040 -4.0559 -7.1506 0.0000 0.0000 0.0000
-1.4520 -4.2305 -7.1366 0.0000 0.0000 0.0000
-1.1034 -3.8168 -6.6181 0.0000 0.0000 0.0000
-1.6340 -3.8216 -6.7112 0.0000 0.0000 0.0000
-1.2344 -4.1121 -6.7486 0.0000 0.0000 0.0000
-1.7327 -4.1411 -5.6332 0.0000 0.0000 0.0000
-1.1418 -4.3986 -6.2792 0.0000 0.0000 0.0000
-1.3248 -3.8463 -5.8598 0.0000 0.0000 0.0000
-1.8213 -3.8367 -6.0778 0.0000 0.0000 0.0000
-1.3118 -3.8694 -6.0216 0.0000 0.0000 0.0000
-1.1867 -3.8086 -6.2558 0.0000 0.0000 0.0000
-1.3213 -4.2813 -5.6929 0.0000 0.0000 0.0000
-1.3866 -3.9023 -5.8972 0.0000 0.0000 0.0000
-1.2512 -3.6224 -5.1671 0.0000 0.0000 0.0000
-1.3235 -4.2188 -4.7288 0.0000 0.0000 0.0000
-1.4442 -3.8187 -4.6691 0.0000 0.0000 0.0000
-1.7596 -4.0022 -4.7748 0.0000 0.0000 0.0000
-1.6097 -4.0720 -5.3887 0.0000 0.0000 0.0000
-1.5819 -4.0564 -4.8615 0.0000 0.0000 0.0000
-1.6898 -4.1009 -5.1571 0.0000 0.0000 0.0000
-1.8885 -4.2977 -5.3825 0.0000 0.0000 0.0000
-1.5666 -3.8885 -4.0522 0.0000 0.0000 0.0000
-1.7247 -4.2212 -3.6720 0.0000 0.0000 0.0000
-1.6647 -3.7260 -4.2347 0.0000 0.0000 0.0000
-1.6605 -4.1454 -3.7359 0.0000 0.0000 0.0000
-1.3261 -4.3539 -4.2289 0.0000 0.0000 0.0000
-1.7043 -4.2664 -4.0458 0.0000 0.0000 0.0000
-1.4124 -4.2951 -3.6686 0.0000 0.0000 0.0000
-1.1657 -4.3938 -4.0956 0.0000 0.0000 0.0000
-1.6099 -3.9644 -2.9229 0.0000 0.0000 0.0000
-1.6290 -3.9449 -2.9012 0.0000 0.0000 0.0000
-1.3360 -3.7215 -2.9583 0.0000 0.0000 0.0000
-1.2344 -3.6247 -3.2230 0.0000 0.0000 0.0000
-1.1663 -3.7490 -2.7008 0.0000 0.0000 0.0000
-1.5082 -4.0073 -2.9628 0.0000 0.0000 0.0000
-1.7928 -4.0296 -3.2272 0.0000 0.0000 0.0000
-1.3857 -3.6579 -3.0257 0.0000 0.0000 0.0000
-1.7197 -2.7647 -11.9498 0.0000 0.0000 0.0000
-1.3157 -2.8754 -11.6142 0.0000 0.0000 0.0000
-1.3130 -2.9558 -12.3272 0.0000 0.0000 0.0000
-1.8363 -2.6678 -11.8045 0.0000 0.0000 0.0000
-1.3494 -3.0732 -11.8150 0.0000 0.0000 0.0000
-1.3285 -2.9028 -11.6090 0.0000 0.0000 0.0000
-1.8419 -3.1762 -11.6018 0.0000 0.0000 0.0000
-1.4792 -2.7412 -11.7834 0.0000 0.0000 0.0000
-1.5826 -2.7859 -10.8203 0.0000 0.0000 0.0000
-1.1739 -3.3187 -11.3338 0.0000 0.0000 0.0000
-1.7328 -2.8606 -11.0357 0.0000 0.0000 0.0000
-1.4545 -2.7804 -11.3883 0.0000 0.0000 0.0000
-1.2839 -3.0916 -10.6700 0.0000 0.0000 0.0000
-1.4386 -3.0602 -10.7115 0.0000 0.0000 0.0000
-1.3782 -3.0016 -10.6216 0.0000 0.0000 0.0000
-1.2669 -3.1060 -10.9378 0.0000 0.0000 0.0000
-1.7502 -2.7635 -9.7284 0.0000 0.0000 0.0000
-1.2848 -3.1029 -9.7358 0.0000 0.0000 0.0000
-1.6181 -2.9236 -9.6634 0.0000 0.0000 0.0000
-1.8307 -2.8687 -9.7136 0.0000 0.0000 0.0000
-1.4214 -2.8663 -9.8081 0.0000 0.0000 0.0000
-1.7679 -3.2286 -10.1917 0.0000 0.0000 0.0000
-1.7897 -2.6327 -10.0215 0.0000 0.0000 0.0000
-1.6762 -3.0438 -10.2141 0.0000 0.0000 0.0000
-1.1320 -2.6638 -8.9127 0.0000 0.0000 0.0000
-1.3094 -2.8238 -9.2529 0.0000 0.0000 0.0000
-1.1298 -3.0390 -8.6498 0.0000 0.0000 0.0000
-1.3504 -3.1541 -8.9212 0.0000 0.0000 0.0000
-1.3813 -2.9921 -8.9016 0.0000 0.0000 0.0000
-1.7720 -2.6242 -8.9917 0.0000 0.0000 0.0000
-1.2018 -3.2722 -9.3599 0.0000 0.0000 0.0000
-1.4725 -3.2744 -9.2636 0.0000 0.0000 0.0000
-1.4278 -3.0751 -8.2152 0.0000 0.0000 0.0000
-1.3753 -2.9835 -8.3008 0.0000 0.0000 0.0000
-1.5011 -3.1587 -7.9073 0.0000 0.0000 0.0000
-1.3767 -2.9601 -8.2373 0.0000 0.0000 0.0000
-1.5764 -2.9319 -7.6529 0.0000 0.0000 0.0000
-1.4216 -3.0546 -8.2155 0.0000 0.0000 0.0000
-1.2497 -3.1639 -8.1836 0.0000 0.0000 0.0000
-1.5908 -3.0905 -8.0055 0.0000 0.0000 0.0000
-1.8827 -3.2007 -6.7736 0.0000 0.0000 0.0000
-1.4834 -2.7611 -7.3423 0.0000 0.0000 0.0000
-1.5677 -2.9507 -7.3698 0.0000 0.0000 0.0000
-1.6815 -3.3600 -7.3757 0.0000 0.0000 0.0000
-1.3413 -2.7444 -6.6423 0.0000 0.0000 0.0000
-1.3431 -2.8731 -7.2969 0.0000 0.0000 0.0000
-1.2745 -3.0836 -6.9762 0.0000 0.0000 0.0000
-1.7748 -2.9806 -7.3083 0.0000 0.0000 0.0000
-1.5600 -2.9454 -5.9836 0.0000 0.0000 0.0000
-1.8091 -3.1884 -6.2354 0.0000 0.0000 0.0000
-1.7395 -2.7376 -6.0884 0.0000 0.0000 0.0000
-1.6568 -3.0548 -6.3428 0.0000 0.0000 0.0000
-1.5466 -3.2911 -6.1269 0.0000 0.0000 0.0000
-1.3076 -2.8034 -6.0632 0.0000 0.0000 0.0000
-1.4688 -3.0555 -6.1964 0.0000 0.0000 0.0000
-1.3304 -3.2432 -5.7765 0.0000 0.0000 0.0000
-1.6849 -3.1657 -5.0171 0.0000 0.0000 0.0000
-1.8875 -2.9995 -4.9224 0.0000 0.0000 0.0000
-1.3116 -3.2532 -4.8043 0.0000 0.0000 0.0000
-1.8515 -2.8618 -5.2451 0.0000 0.0000 0.0000
-1.5402 -2.8546 -4.9186 0.0000 0.0000 0.0000
-1.6709 -2.8710 -5.2931 0.0000 0.0000 0.0000
-1.1177 -2.8102 -5.3810 0.0000 0.0000 0.0000
-1.5222 -3.2137 -4.6504 0.0000 0.0000 0.0000
-1.4525 -3.0928 -4.1668 0.0000 0.0000 0.0000
-1.7022 -2.8563 -4.3273 0.0000 0.0000 0.0000
-1.7498 -3.1837 -3.8929 0.0000 0.0000 0.0000
-1.3724 -3.3097 -4.1653 0.0000 0.0000 0.0000
-1.4005 -3.0851 -3.6887 0.0000 0.0000 0.0000
-1.1750 -3.2557 -4.3201 0.0000 0.0000 0.0000
-1.5672 -3.3415 -3.7393 0.0000 0.0000 0.0000
-1.2724 -3.3821 -4.0841 0.0000 0.0000 0.0000
-1.1593 -2.6435 -3.2426 0.0000 0.0000 0.0000
-1.1320 -3.2671 -2.8818 0.0000 0.0000 0.0000
-1.1364 -2.6625 -3.2711 0.0000 0.0000 0.0000
-1.6186 -2.8085 -3.1196 0.0000 0.0000 0.0000
-1.6234 -3.3017 -2.9711 0.0000 0.0000 0.0000
-1.5863 -2.6957 -3.0825 0.0000 0.0000 0.0000
-1.4886 -3.3338 -3.3774 0.0000 0.0000 0.0000
-1.2247 -2.7150 -3.3092 0.0000 0.0000 0.0000
-1.2608 -2.0567 -11.8088 0.0000 0.0000 0.0000
-1.3175 -2.3462 -11.7130 0.0000 0.0000 0.0000
-1.2741 -1.8678 -11.7350 0.0000 0.0000 0.0000
-1.3165 -2.0214 -12.3887 0.0000 0.0000 0.0000
-1.2037 -1.7575 -12.3448 0.0000 0.0000 0.0000
-1.4743 -1.9280 -11.6988 0.0000 0.0000 0.0000
-1.2027 -2.2806 -11.9305 0.0000 0.0000 0.0000
-1.1816 -2.3704 -12.3494 0.0000 0.0000 0.0000
-1.4032 -2.2714 -11.0497 0.0000 0.0000 0.0000
-1.7729 -2.1860 -10.8369 0.0000 0.0000 0.0000
-1.4717 -2.2559 -11.3158 0.0000 0.0000 0.0000
-1.3518 -1.7782 -11.2397 0.0000 0.0000 0.0000
-1.6984 -1.9352 -10.9430 0.0000 0.0000 0.0000
-1.2485 -2.1049 -10.9886 0.0000 0.0000 0.0000
-1.1777 -1.6684 -11.2863 0.0000 0.0000 0.0000
-1.6060 -2.0546 -10.8961 0.0000 0.0000 0.0000
-1.1007 -1.9725 -9.7098 0.0000 0.0000 0.0000
-1.5962 -2.3106 -10.0480 0.0000 0.0000 0.0000
-1.6452 -1.7548 -10.3531 0.0000 0.0000 0.0000
-1.3976 -1.8373 -10.3686 0.0000 0.0000 0.0000
-1.8607 -1.6985 -9.9208 0.0000 0.0000 0.0000
-1.2771 -2.3855 -10.3350 0.0000 0.0000 0.0000
-1.2790 -1.7741 -10.2249 0.0000 0.0000 0.0000
-1.2312 -1.8087 -9.8795 0.0000 0.0000 0.0000
-1.1128 -1.6540 -8.8333 0.0000 0.0000 0.0000
-1.8739 -2.0948 -9.3369 0.0000 0.0000 0.0000
-1.6824 -1.6217 -9.1795 0.0000 0.0000 0.0000
-1.7645 -2.1581 -8.6272 0.0000 0.0000 0.0000
-1.8956 -2.3890 -8.7541 0.0000 0.0000 0.0000
-1.7200 -1.8934 -8.8648 0.0000 0.0000 0.0000
-1.2792 -2.2091 -9.1700 0.0000 0.0000 0.0000
-1.8143 -1.6281 -9.0251 0.0000 0.0000 0.0000
-1.2514 -2.2120 -8.0035 0.0000 0.0000 0.0000
-1.3627 -1.9668 -7.7320 0.0000 0.0000 0.0000
-1.5304 -2.0723 -7.8059 0.0000 0.0000 0.0000
-1.2164 -2.0827 -8.0717 0.0000 0.0000 0.0000
-1.4558 -1.7146 -8.0979 0.0000 0.0000 0.0000
-1.5844 -2.3068 -8.1523 0.0000 0.0000 0.0000
-1.5448 -1.9814 -7.6246 0.0000 0.0000 0.0000
-1.5353 -1.8801 -8.0017 0.0000 0.0000 0.0000
-1.4167 -1.8410 -7.3759 0.0000 0.0000 0.0000
-1.4429 -1.9280 -6.7367 0.0000 0.0000 0.0000
-1.3868 -2.0107 -7.3888 0.0000 0.0000 0.0000
-1.1722 -1.6953 -7.1982 0.0000 0.0000 0.0000
-1.5697 -1.9354 -6.7878 0.0000 0.0000 0.0000
-1.1909 -1.7743 -6.8417 0.0000 0.0000 0.0000
-1.8925 -2.0763 -6.8377 0.0000 0.0000 0.0000
-1.7585 -2.2736 -6.9100 0.0000 0.0000 0.0000
-1.3081 -2.0328 -5.9695 0.0000 0.0000 0.0000
-1.8258 -2.2040 -5.8056 0.0000 0.0000 0.0000
-1.6046 -1.9268 -6.0503 0.0000 0.0000 0.0000
-1.4404 -2.0892 -5.9314 0.0000 0.0000 0.0000
-1.2153 -1.6409 -5.7448 0.0000 0.0000 0.0000
-1.7595 -1.7047 -6.0687 0.0000 0.0000 0.0000
-1.4005 -1.7354 -6.3507 0.0000 0.0000 0.0000
-1.3513 -2.0233 -6.1388 0.0000 0.0000 0.0000
-1.6599 -1.7512 -4.7937 0.0000 0.0000 0.0000
-1.5866 -1.8593 -5.3119 0.0000 0.0000 0.0000
-1.8232 -1.7364 -4.7378 0.0000 0.0000 0.0000
-1.4912 -1.9775 -5.3501 0.0000 0.0000 0.0000
-1.5340 -1.6970 -5.0088 0.0000 0.0000 0.0000
-1.1386 -1.6461 -5.3334 0.0000 0.0000 0.0000
-1.3628 -1.6399 -5.1475 0.0000 0.0000 0.0000
-1.1880 -2.2899 -5.0828 0.0000 0.0000 0.0000
-1.1134 -2.3257 -4.1912 0.0000 0.0000 0.0000
-1.7392 -2.1085 -3.6254 0.0000 0.0000 0.0000
-1.4066 -1.8521 -3.8414 0.0000 0.0000 0.0000
-1.3330 -1.8298 -4.0960 0.0000 0.0000 0.0000
-1.7476 -1.8037 -4.0846 0.0000 0.0000 0.0000
-1.4196 -2.0504 -3.6930 0.0000 0.0000 0.0000
-1.1458 -2.0274 -3.9616 0.0000 0.0000 0.0000
-1.3012 -1.7471 -4.1087 0.0000 0.0000 0.0000
-1.7286 -2.0626 -3.1209 0.0000 0.0000 0.0000
-1.5721 -2.0168 -3.2535 0.0000 0.0000 0.0000
-1.8631 -2.0563 -3.3174 0.0000 0.0000 0.0000
-1.7261 -2.1703 -3.0876 0.0000 0.0000 0.0000
-1.8449 -1.9973 -2.8305 0.0000 0.0000 0.0000
-1.7484 -2.3769 -3.1018 0.0000 0.0000 0.0000
-1.8331 -2.1216 -2.8080 0.0000 0.0000 0.0000
-1.1211 -2.3764 -2.9375 0.0000 0.0000 0.0000
-1.6937 -1.2903 -11.8269 0.0000 0.0000 0.0000
-1.2562 -0.8371 -11.7351 0.0000 0.0000 0.0000
-1.2922 -0.6388 -12.3796 0.0000 0.0000 0.0000
-1.2684 -0.7245 -11.9959 0.0000 0.0000 0.0000
-1.4752 -1.2174 -11.8190 0.0000 0.0000 0.0000
-1.5786 -0.9757 -12.1747 0.0000 0.0000 0.0000
-1.7266 -0.8214 -11.7159 0.0000 0.0000 0.0000
-1.2509 -1.3715 -11.7928 0.0000 0.0000 0.0000
-1.3172 -0.6717 -10.8779 0.0000 0.0000 0.0000
-1.6536 -1.2647 -11.0002 0.0000 0.0000 0.0000
-1.6223 -1.0354 -10.6901 0.0000 0.0000 0.0000
-1.1795 -1.3729 -11.1426 0.0000 0.0000 0.0000
-1.1157 -0.9397 -10.9913 0.0000 0.0000 0.0000
-1.5542 -1.3605 -11.0881 0.0000 0.0000 0.0000
-1.6636 -0.7471 -11.0618 0.0000 0.0000 0.0000
-1.4399 -0.8399 -10.8077 0.0000 0.0000 0.0000
-1.3159 -1.1007 -10.1367 0.0000 0.0000 0.0000
-1.5359 -1.3318 -10.3449 0.0000 0.0000 0.0000
-1.1119 -1.3437 -10.2240 0.0000 0.0000 0.0000
-1.5229 -1.0722 -10.1873 0.0000 0.0000 0.0000
-1.1526 -0.7145 -9.6175 0.0000 0.0000 0.0000
-1.1112 -0.9859 -9.6663 0.0000 0.0000 0.0000
-1.2378 -0.9242 -10.1299 0.0000 0.0000 0.0000
-1.6867 -0.7175 -10.0650 0.0000 0.0000 0.0000
-1.2057 -1.2509 -8.9380 0.0000 0.0000 0.0000
-1.1545 -1.3427 -8.9094 0.0000 0.0000 0.0000
-1.8966 -1.1741 -8.9454 0.0000 0.0000 0.0000
-1.6419 -1.1396 -8.6870 0.0000 0.0000 0.0000
-1.3216 -1.0829 -8.9586 0.0000 0.0000 0.0000
-1.5059 -0.7206 -9.3924 0.0000 0.0000 0.0000
-1.6929 -0.6740 -9.3548 0.0000 0.0000 0.0000
-1.2209 -1.0489 -8.8692 0.0000 0.0000 0.0000
-1.3147 -1.0579 -7.8406 0.0000 0.0000 0.0000
-1.2125 -1.1595 -7.8789 0.0000 0.0000 0.0000
-1.8487 -1.0336 -8.1116 0.0000 0.0000 0.0000
-1.6101 -1.2858 -7.9086 0.0000 0.0000 0.0000
-1.3154 -1.2665 -7.8206 0.0000 0.0000 0.0000
-1.2392 -1.3014 -8.1415 0.0000 0.0000 0.0000
-1.7936 -0.6004 -8.2224 0.0000 0.0000 0.0000
-1.3787 -0.9189 -7.7616 0.0000 0.0000 0.0000
-1.1967 -0.6547 -7.3677 0.0000 0.0000 0.0000
-1.2937 -0.7398 -6.9597 0.0000 0.0000 0.0000
-1.1993 -1.3966 -6.8954 0.0000 0.0000 0.0000
-1.6019 -1.2662 -7.0725 0.0000 0.0000 0.0000
-1.8014 -1.3500 -6.8141 0.0000 0.0000 0.0000
-1.6271 -1.3220 -6.6791 0.0000 0.0000 0.0000
-1.7195 -0.7796 -7.0983 0.0000 0.0000 0.0000
-1.2879 -1.2405 -6.6698 0.0000 0.0000 0.0000
-1.7697 -0.6254 -6.2061 0.0000 0.0000 0.0000
-1.7840 -0.7488 -5.6259 0.0000 0.0000 0.0000
-1.3732 -1.2376 -6.3264 0.0000 0.0000 0.0000
-1.4261 -1.1776 -6.0078 0.0000 0.0000 0.0000
-1.2364 -1.1486 -5.8639 0.0000 0.0000 0.0000
-1.1729 -0.6245 -5.8196 0.0000 0.0000 0.0000
-1.5954 -1.2446 -6.1013 0.0000 0.0000 0.0000
-1.1705 -1.1764 -6.2745 0.0000 0.0000 0.0000
-1.2860 -1.2753 -5.3946 0.0000 0.0000 0.0000
-1.8833 -1.0538 -4.7811 0.0000 0.0000 0.0000
-1.6401 -1.1834 -5.1002 0.0000 0.0000 0.0000
-1.8537 -0.8675 -4.9189 0.0000 0.0000 0.0000
-1.1297 -1.2839 -4.6907 0.0000 0.0000 0.0000
-1.4227 -0.7526 -4.9641 0.0000 0.0000 0.0000
-1.3962 -0.8801 -5.3696 0.0000 0.0000 0.0000
-1.6274 -0.9621 -4.7275 0.0000 0.0000 0.0000
-1.8437 -1.1922 -4.0540 0.0000 0.0000 0.0000
-1.4897 -0.7063 -4.1533 0.0000 0.0000 0.0000
-1.8332 -0.7428 -4.3179 0.0000 0.0000 0.0000
-1.4039 -1.0613 -4.3926 0.0000 0.0000 0.0000
-1.4543 -0.9183 -4.1821 0.0000 0.0000 0.0000
-1.3595 -0.9208 -4.3238 0.0000 0.0000 0.0000
-1.8167 -0.6952 -3.8739 0.0000 0.0000 0.0000
-1.1099 -0.9625 -4.1019 0.0000 0.0000 0.0000
-1.8332 -1.0806 -3.0793 0.0000 0.0000 0.0000
-1.6821 -0.9060 -3.3996 0.0000 0.0000 0.0000
-1.7954 -1.1411 -2.8540 0.0000 0.0000 0.0000
-1.2169 -1.1590 -2.9006 0.0000 0.0000 0.0000
-1.6283 -0.8111 -3.0824 0.0000 0.0000 0.0000
-1.3217 -0.9979 -3.2845 0.0000 0.0000 0.0000
-1.1499 -0.9216 -2.8501 0.0000 0.0000 0.0000
-1.2118 -0.6194 -2.6610 0.0000 0.0000 0.0000
-1.1430 0.0480 -11.6181 0.0000 0.0000 0.0000
-1.7791 0.2858 -11.9158 0.0000 0.0000 0.0000
-1.6361 -0.3617 -11.7309 0.0000 0.0000 0.0000
-1.2347 0.1895 -11.6314 0.0000 0.0000 0.0000
-1.8935 -0.2002 -12.0600 0.0000 0.0000 0.0000
-1.5992 0.3275 -12.0988 0.0000 0.0000 0.0000
-1.8219 0.1952 -11.7869 0.0000 0.0000 0.0000
-1.7177 -0.2516 -12.0334 0.0000 0.0000 0.0000
-1.7801 0.3422 -10.9221 0.0000 0.0000 0.0000
-1.3469 0.1051 -10.6406 0.0000 0.0000 0.0000
-1.2658 0.0917 -11.1116 0.0000 0.0000 0.0000
-1.3938 -0.3485 -11.1869 0.0000 0.0000 0.0000
-1.3388 0.0037 -10.8178 0.0000 0.0000 0.0000
-1.7323 -0.0229 -11.1432 0.0000 0.0000 0.0000
-1.1163 -0.1280 -11.0185 0.0000 0.0000 0.0000
-1.4868 0.1440 -11.1945 0.0000 0.0000 0.0000
-1.6548 0.3781 -10.1518 0.0000 0.0000 0.0000
-1.6178 -0.1051 -9.8920 0.0000 0.0000 0.0000
-1.4714 0.3350 -10.0789 0.0000 0.0000 0.0000
-1.3692 -0.1697 -9.8937 0.0000 0.0000 0.0000
-1.5027 -0.0745 -9.7151 0.0000 0.0000 0.0000
-1.7500 -0.3003 -9.7640 0.0000 0.0000 0.0000
-1.6886 -0.0807 -9.6157 0.0000 0.0000 0.0000
-1.3697 -0.0075 -9.6404 0.0000 0.0000 0.0000
-1.4026 0.2712 -8.9308 0.0000 0.0000 0.0000
-1.5447 -0.3440 -9.1113 0.0000 0.0000 0.0000
-1.3278 0.0740 -9.2249 0.0000 0.0000 0.0000
-1.4941 -0.2826 -9.3711 0.0000 0.0000 0.0000
-1.2779 0.0620 -9.1523 0.0000 0.0000 0.0000
-1.2926 -0.3718 -8.6790 0.0000 0.0000 0.0000
-1.7825 -0.1101 -8.7095 0.0000 0.0000 0.0000
-1.5136 -0.0249 -9.3029 0.0000 0.0000 0.0000
-1.3233 -0.0267 -7.6059 0.0000 0.0000 0.0000
-1.7543 -0.3664 -7.8621 0.0000 0.0000 0.0000
-1.1688 -0.1503 -7.9480 0.0000 0.0000 0.0000
-1.5033 0.2349 -8.0909 0.0000 0.0000 0.0000
-1.3237 0.3589 -7.9352 0.0000 0.0000 0.0000
-1.6725 -0.3795 -8.2012 0.0000 0.0000 0.0000
-1.6558 -0.1360 -8.3636 0.0000 0.0000 0.0000
-1.7799 -0.2105 -7.9910 0.0000 0.0000 0.0000
-1.8954 -0.3054 -6.8713 0.0000 0.0000 0.0000
-1.7841 0.2892 -6.7547 0.0000 0.0000 0.0000
-1.3619 0.3160 -6.6336 0.0000 0.0000 0.0000
-1.3218 -0.0687 -7.0819 0.0000 0.0000 0.0000
-1.2619 0.3132 -7.1348 0.0000 0.0000 0.0000
-1.5782 0.3371 -6.7540 0.0000 0.0000 0.0000
-1.4286 0.2488 -6.6429 0.0000 0.0000 0.0000
-1.8479 0.3506 -6.6939 0.0000 0.0000 0.0000
-1.7084 -0.1618 -5.8334 0.0000 0.0000 0.0000
-1.4809 0.0292 -6.3639 0.0000 0.0000 0.0000
-1.2606 0.2850 -6.0574 0.0000 0.0000 0.0000
-1.4380 -0.1639 -6.2802 0.0000 0.0000 0.0000
-1.6269 0.1707 -6.1810 0.0000 0.0000 0.0000
-1.2872 -0.3074 -6.2780 0.0000 0.0000 0.0000
-1.3815 -0.2403 -5.7502 0.0000 0.0000 0.0000
-1.5120 0.3276 -5.6714 0.0000 0.0000 0.0000
-1.2069 0.1131 -5.0887 0.0000 0.0000 0.0000
-1.4814 0.1255 -5.0742 0.0000 0.0000 0.0000
-1.2324 -0.1828 -5.0529 0.0000 0.0000 0.0000
-1.2444 0.1289 -5.3792 0.0000 0.0000 0.0000
-1.4521 0.0031 -4.7795 0.0000 0.0000 0.0000
-1.3800 -0.3577 -4.6602 0.0000 0.0000 0.0000
-1.1301 0.1549 -4.9957 0.0000 0.0000 0.0000
-1.2117 -0.1189 -5.0401 0.0000 0.0000 0.0000
-1.1741 0.3066 -4.3396 0.0000 0.0000 0.0000
-1.2145 -0.2649 -4.1498 0.0000 0.0000 0.0000
-1.8638 0.0476 -3.8322 0.0000 0.0000 0.0000
-1.3826 0.2703 -3.8848 0.0000 0.0000 0.0000
-1.8063 -0.0136 -4.1977 0.0000 0.0000 0.0000
-1.7378 -0.3011 -3.7349 0.0000 0.0000 0.0000
-1.3194 -0.3639 -4.3008 0.0000 0.0000 0.0000
-1.1684 0.2545 -3.9414 0.0000 0.0000 0.0000
-1.3857 0.3749 -2.9674 0.0000 0.0000 0.0000
-1.3659 -0.0109 -3.3862 0.0000 0.0000 0.0000
-1.4377 -0.3126 -2.6955 0.0000 0.0000 0.0000
-1.2582 -0.1290 -2.9538 0.0000 0.0000 0.0000
-1.6761 -0.3156 -2.6609 0.0000 0.0000 0.0000
-1.1955 -0.0806 -3.2477 0.0000 0.0000 0.0000
-1.7382 0.0814 -2.6185 0.0000 0.0000 0.0000
-1.5131 -0.1646 -3.1543 0.0000 0.0000 0.0000
-1.8428 0.9593 -11.8762 0.0000 0.0000 0.0000
-1.3058 0.8583 -11.6459 0.0000 0.0000 0.0000
-1.4676 0.8851 -11.7440 0.0000 0.0000 0.0000
-1.8699 1.1489 -12.3542 0.0000 0.0000 0.0000
-1.3362 1.2743 -11.6389 0.0000 0.0000 0.0000
-1.8661 1.1005 -12.3329 0.0000 0.0000 0.0000
-1.2707 0.6476 -11.6293 0.0000 0.0000 0.0000
-1.5607 0.8605 -11.8446 0.0000 0.0000 0.0000
-1.8166 0.6207 -11.0633 0.0000 0.0000 0.0000
-1.7926 0.8402 -11.3610 0.0000 0.0000 0.0000
-1.6321 0.7781 -10.7520 0.0000 0.0000 0.0000
-1.4762 0.7717 -10.8412 0.0000 0.0000 0.0000
-1.5042 0.6806 -10.9498 0.0000 0.0000 0.0000
-1.3645 1.0408 -11.2384 0.0000 0.0000 0.0000
-1.6770 0.9788 -11.1791 0.0000 0.0000 0.0000
-1.2340 1.2532 -10.8787 0.0000 0.0000 0.0000
-1.4645 1.1734 -10.3783 0.0000 0.0000 0.0000
-1.1637 1.1084 -10.2354 0.0000 0.0000 0.0000
-1.1249 0.9852 -9.9603 0.0000 0.0000 0.0000
-1.6966 0.9807 -9.9202 0.0000 0.0000 0.0000
-1.6074 0.6398 -9.7154 0.0000 0.0000 0.0000
-1.8288 0.8909 -10.3463 0.0000 0.0000 0.0000
-1.5281 0.9124 -10.2826 0.0000 0.0000 0.0000
-1.7532 0.6894 -10.2478 0.0000 0.0000 0.0000
-1.2360 1.2861 -8.7079 0.0000 0.0000 0.0000
-1.4285 0.6600 -9.1454 0.0000 0.0000 0.0000
-1.2539 1.3055 -9.0248 0.0000 0.0000 0.0000
-1.4167 0.9777 -9.0024 0.0000 0.0000 0.0000
-1.2184 1.3478 -9.3997 0.0000 0.0000 0.0000
-1.6134 0.7989 -9.2934 0.0000 0.0000 0.0000
-1.5424 0.8587 -9.1050 0.0000 0.0000 0.0000
-1.7925 0.8274 -8.9196 0.0000 0.0000 0.0000
-1.1469 1.0876 -8.2948 0.0000 0.0000 0.0000
-1.3195 1.3930 -7.7158 0.0000 0.0000 0.0000
-1.1064 1.2715 -7.8651 0.0000 0.0000 0.0000
-1.4055 1.1523 -8.1157 0.0000 0.0000 0.0000
-1.2870 1.0128 -7.8115 0.0000 0.0000 0.0000
-1.7735 0.7763 -7.9611 0.0000 0.0000 0.0000
-1.3129 1.2393 -7.6401 0.0000 0.0000 0.0000
-1.7770 0.7253 -7.9287 0.0000 0.0000 0.0000
-1.5787 1.3635 -6.8704 0.0000 0.0000 0.0000
-1.3497 1.2419 -6.6916 0.0000 0.0000 0.0000
-1.6451 0.6168 -6.7848 0.0000 0.0000 0.0000
-1.4573 0.8505 -6.9483 0.0000 0.0000 0.0000
-1.1157 0.6856 -7.0922 0.0000 0.0000 0.0000
-1.1963 0.6750 -6.7964 0.0000 0.0000 0.0000
-1.3029 0.7229 -6.6205 0.0000 0.0000 0.0000
-1.3864 1.3891 -6.8693 0.0000 0.0000 0.0000
-1.2433 0.7641 -5.6092 0.0000 0.0000 0.0000
-1.8699 0.8747 -5.7924 0.0000 0.0000 0.0000
-1.2575 0.8670 -5.6415 0.0000 0.0000 0.0000
-1.4587 1.1340 -6.2352 0.0000 0.0000 0.0000
-1.1249 1.3789 -6.1272 0.0000 0.0000 0.0000
-1.3593 0.6766 -5.7616 0.0000 0.0000 0.0000
-1.4740 1.3874 -5.9231 0.0000 0.0000 0.0000
-1.7965 1.3924 -6.1741 0.0000 0.0000 0.0000
-1.4463 0.6258 -4.9839 0.0000 0.0000 0.0000
-1.4533 0.6069 -5.2605 0.0000 0.0000 0.0000
-1.6607 0.8619 -5.2555 0.0000 0.0000 0.0000
-1.7005 1.0047 -5.0292 0.0000 0.0000 0.0000
-1.7555 0.6465 -5.3412 0.0000 0.0000 0.0000
-1.8623 1.3296 -4.6154 0.0000 0.0000 0.0000
-1.1744 0.9591 -5.3974 0.0000 0.0000 0.0000
-1.8428 0.8257 -4.8182 0.0000 0.0000 0.0000
-1.1477 0.8636 -4.3710 0.0000 0.0000 0.0000
-1.2160 1.1167 -3.8791 0.0000 0.0000 0.0000
-1.4078 1.2686 -4.3233 0.0000 0.0000 0.0000
-1.3604 0.6016 -3.6732 0.0000 0.0000 0.0000
-1.5368 1.1964 -4.0540 0.0000 0.0000 0.0000
-1.4558 0.7274 -3.9734 0.0000 0.0000 0.0000
-1.8513 0.6553 -3.9799 0.0000 0.0000 0.0000
-1.6978 1.0385 -4.0835 0.0000 0.0000 0.0000
-1.2489 1.2527 -3.2153 0.0000 0.0000 0.0000
-1.5246 1.1229 -2.6441 0.0000 0.0000 0.0000
-1.6914 0.7871 -3.3827 0.0000 0.0000 0.0000
-1.7501 1.2196 -2.6208 0.0000 0.0000 0.0000
-1.6052 1.0407 -2.8452 0.0000 0.0000 0.0000
-1.6342 1.0675 -2.6919 0.0000 0.0000 0.0000
-1.3477 1.3707 -2.6911 0.0000 0.0000 0.0000
-1.4567 1.0224 -2.7263 0.0000 0.0000 0.0000
-1.1663 2.3624 -12.2330 0.0000 0.0000 0.0000
-1.5898 1.9622 -12.1231 0.0000 0.0000 0.0000
-1.7330 2.0346 -11.7016 0.0000 0.0000 0.0000
-1.6893 2.3623 -11.7211 0.0000 0.0000 0.0000
-1.6824 1.8793 -11.8415 0.0000 0.0000 0.0000
-1.2248 1.6422 -11.7303 0.0000 0.0000 0.0000
-1.7926 2.1034 -11.8200 0.0000 0.0000 0.0000
-1.3524 2.2971 -11.9756 0.0000 0.0000 0.0000
-1.2940 1.6213 -10.8869 0.0000 0.0000 0.0000
-1.1107 2.0155 -11.3137 0.0000 0.0000 0.0000
-1.1247 2.2312 -11.2711 0.0000 0.0000 0.0000
-1.8670 1.8092 -11.3793 0.0000 0.0000 0.0000
-1.6325 2.2864 -10.6728 0.0000 0.0000 0.0000
-1.5743 2.2725 -10.8875 0.0000 0.0000 0.0000
-1.5120 2.3348 -10.9392 0.0000 0.0000 0.0000
-1.3931 1.8788 -10.6914 0.0000 0.0000 0.0000
-1.8404 1.7826 -9.6333 0.0000 0.0000 0.0000
-1.6709 1.7850 -9.7753 0.0000 0.0000 0.0000
-1.4487 1.8245 -9.8912 0.0000 0.0000 0.0000
-1.5315 2.2389 -10.2050 0.0000 0.0000 0.0000
-1.8627 1.7174 -10.3190 0.0000 0.0000 0.0000
-1.4075 2.0769 -9.8703 0.0000 0.0000 0.0000
-1.4713 2.1778 -9.7547 0.0000 0.0000 0.0000
-1.1891 2.3097 -10.1436 0.0000 0.0000 0.0000
-1.6433 2.2206 -9.1284 0.0000 0.0000 0.0000
-1.4808 1.7581 -8.7536 0.0000 0.0000 0.0000
-1.1626 1.7375 -8.9381 0.0000 0.0000 0.0000
-1.3289 2.2385 -8.7598 0.0000 0.0000 0.0000
-1.7614 2.2679 -8.8853 0.0000 0.0000 0.0000
-1.2978 1.8497 -9.3384 0.0000 0.0000 0.0000
-1.6818 1.6737 -9.2312 0.0000 0.0000 0.0000
-1.5963 1.9479 -8.6528 0.0000 0.0000 0.0000
-1.5655 1.8005 -7.8514 0.0000 0.0000 0.0000
-1.1124 2.0965 -8.1169 0.0000 0.0000 0.0000
-1.4456 1.8043 -7.6821 0.0000 0.0000 0.0000
-1.4698 2.2573 -7.8300 0.0000 0.0000 0.0000
-1.1706 1.8350 -7.9308 0.0000 0.0000 0.0000
-1.8573 1.8632 -8.1478 0.0000 0.0000 0.0000
-1.3787 1.9047 -7.6795 0.0000 0.0000 0.0000
-1.4463 1.6753 -7.7331 0.0000 0.0000 0.0000
-1.7088 2.3027 -6.8429 0.0000 0.0000 0.0000
-1.3241 2.1149 -7.0263 0.0000 0.0000 0.0000
-1.2357 1.6686 -6.8510 0.0000 0.0000 0.0000
-1.7651 2.0095 -7.3426 0.0000 0.0000 0.0000
-1.3640 1.8914 -6.6635 0.0000 0.0000 0.0000
-1.8874 1.9042 -6.8442 0.0000 0.0000 0.0000
-1.3465 1.7288 -6.9432 0.0000 0.0000 0.0000
-1.3432 1.6390 -7.0342 0.0000 0.0000 0.0000
-1.2556 1.8814 -6.1773 0.0000 0.0000 0.0000
-1.6053 2.0719 -6.2305 0.0000 0.0000 0.0000
-1.3448 1.7765 -5.9293 0.0000 0.0000 0.0000
-1.6844 1.8847 -6.1007 0.0000 0.0000 0.0000
-1.5420 2.3869 -5.8237 0.0000 0.0000 0.0000
-1.1674 2.3657 -6.3750 0.0000 0.0000 0.0000
-1.7744 2.3161 -5.9699 0.0000 0.0000 0.0000
-1.3651 2.3868 -6.3261 0.0000 0.0000 0.0000
-1.8258 1.8908 -4.6636 0.0000 0.0000 0.0000
-1.2759 1.9490 -4.6067 0.0000 0.0000 0.0000
-1.2216 2.2041 -4.9478 0.0000 0.0000 0.0000
-1.1106 2.2242 -4.6606 0.0000 0.0000 0.0000
-1.3833 1.6657 -4.7728 0.0000 0.0000 0.0000
-1.8646 1.6688 -5.0898 0.0000 0.0000 0.0000
-1.7602 1.6677 -5.3423 0.0000 0.0000 0.0000
-1.3128 1.7961 -4.6963 0.0000 0.0000 0.0000
-1.6218 2.0987 -3.8058 0.0000 0.0000 0.0000
-1.5364 2.2224 -4.2468 0.0000 0.0000 0.0000
-1.4633 1.8092 -4.1653 0.0000 0.0000 0.0000
-1.7626 2.1620 -3.9540 0.0000 0.0000 0.0000
-1.8808 2.2235 -3.9700 0.0000 0.0000 0.0000
-1.3104 2.3008 -3.6931 0.0000 0.0000 0.0000
-1.4791 2.3697 -3.9062 0.0000 0.0000 0.0000
-1.2748 2.1506 -3.9311 0.0000 0.0000 0.0000
-1.3342 2.3486 -2.6793 0.0000 0.0000 0.0000
-1.8750 2.3357 -2.9227 0.0000 0.0000 0.0000
-1.3000 1.7604 -2.6433 0.0000 0.0000 0.0000
-1.6702 1.7801 -2.8035 0.0000 0.0000 0.0000
-1.5042 2.1705 -2.7854 0.0000 0.0000 0.0000
-1.7437 2.2593 -2.8009 0.0000 0.0000 0.0000
-1.6185 1.6153 -2.9698 0.0000 0.0000 0.0000
-1.8219 2.3550 -2.9931 0.0000 0.0000 0.0000
-0.7224 -6.6575 -12.3124 0.0000 0.0000 0.0000
-0.7457 -7.1856 -11.8115 0.0000 0.0000 0.0000
-0.4942 -6.8432 -11.6872 0.0000 0.0000 0.0000
-0.4298 -7.1410 -12.2034 0.0000 0.0000 0.0000
-0.7854 -6.6398 -11.9708 0.0000 0.0000 0.0000
-0.4666 -6.7085 -12.2257 0.0000 0.0000 0.0000
-0.3693 -7.3148 -11.6540 0.0000 0.0000 0.0000
-0.5700 -6.6102 -11.6566 0.0000 0.0000 0.0000
-0.1159 -6.9694 -10.7121 0.0000 0.0000 0.0000
-0.5457 -6.6304 -10.7319 0.0000 0.0000 0.0000
-0.6641 -7.1824 -11.3448 0.0000 0.0000 0.0000
-0.2771 -6.8873 -11.0439 0.0000 0.0000 0.0000
-0.4020 -7.0519 -11.1497 0.0000 0.0000 0.0000
-0.2849 -7.2602 -11.2351 0.0000 0.0000 0.0000
-0.4600 -7.2066 -11.3127 0.0000 0.0000 0.0000
-0.7912 -6.7021 -11.2555 0.0000 0.0000 0.0000
-0.5828 -6.8591 -10.1277 0.0000 0.0000 0.0000
-0.2157 -6.9862 -10.2562 0.0000 0.0000 0.0000
-0.7431 -6.9411 -9.9483 0.0000 0.0000 0.0000
-0.3931 -6.9555 -9.7121 0.0000 0.0000 0.0000
-0.8680 -7.0488 -9.8980 0.0000 0.0000 0.0000
-0.1003 -7.2546 -9.6801 0.0000 0.0000 0.0000
-0.2393 -6.8096 -10.2859 0.0000 0.0000 0.0000
-0.1042 -6.7810 -10.3929 0.0000 0.0000 0.0000
-0.5603 -7.1149 -9.1415 0.0000 0.0000 0.0000
-0.7603 -6.8980 -9.0865 0.0000 0.0000 0.0000
-0.7750 -6.6022 -9.3258 0.0000 0.0000 0.0000
-0.6686 -7.3641 -8.9442 0.0000 0.0000 0.0000
-0.8871 -6.9863 -9.1334 0.0000 0.0000 0.0000
-0.8495 -7.2648 -8.6907 0.0000 0.0000 0.0000
-0.6411 -7.2447 -9.1836 0.0000 0.0000 0.0000
-0.6045 -7.1834 -8.8976 0.0000 0.0000 0.0000
-0.2089 -6.9638 -8.2893 0.0000 0.0000 0.0000
-0.1373 -6.7104 -8.2624 0.0000 0.0000 0.0000
-0.4479 -6.6242 -8.2411 0.0000 0.0000 0.0000
-0.2299 -6.8775 -7.7831 0.0000 0.0000 0.0000
-0.2476 -6.8641 -8.2284 0.0000 0.0000 0.0000
-0.7886 -6.9400 -8.1739 0.0000 0.0000 0.0000
-0.8314 -6.8438 -7.8456 0.0000 0.0000 0.0000
-0.3004 -7.2785 -8.1808 0.0000 0.0000 0.0000
-0.6985 -7.2895 -6.8481 0.0000 0.0000 0.0000
-0.2429 -6.6473 -7.0889 0.0000 0.0000 0.0000
-0.6215 -6.6039 -6.7732 0.0000 0.0000 0.0000
-0.4460 -6.8224 -7.1425 0.0000 0.0000 0.0000
-0.4155 -7.0027 -6.6405 0.0000 0.0000 0.0000
-0.1247 -6.8416 -6.9383 0.0000 0.0000 0.0000
-0.7799 -6.7953 -6.6685 0.0000 0.0000 0.0000
-0.8727 -6.6317 -6.6705 0.0000 0.0000 0.0000
-0.7610 -6.6252 -5.7774 0.0000 0.0000 0.0000
-0.4253 -6.9881 -6.2295 0.0000 0.0000 0.0000
-0.6326 -7.1062 -5.7565 0.0000 0.0000 0.0000
-0.8676 -6.9873 -6.1255 0.0000 0.0000 0.0000
-0.1892 -7.1362 -6.2305 0.0000 0.0000 0.0000
-0.3688 -6.6265 -6.3536 0.0000 0.0000 0.0000
-0.4880 -6.6505 -6.3934 0.0000 0.0000 0.0000
-0.5096 -6.7950 -6.1194 0.0000 0.0000 0.0000
-0.5595 -7.3314 -5.1430 0.0000 0.0000 0.0000
-0.2204 -7.0200 -4.6627 0.0000 0.0000 0.0000
-0.7737 -7.1935 -4.9950 0.0000 0.0000 0.0000
-0.6125 -6.8528 -5.2283 0.0000 0.0000 0.0000
-0.5560 -7.1778 -4.8213 0.0000 0.0000 0.0000
-0.3228 -6.6621 -4.9130 0.0000 0.0000 0.0000
-0.5191 -7.2583 -4.6244 0.0000 0.0000 0.0000
-0.2073 -7.2736 -4.6788 0.0000 0.0000 0.0000
-0.6572 -7.2642 -4.0441 0.0000 0.0000 0.0000
-0.4726 -7.1720 -4.3365 0.0000 0.0000 0.0000
-0.7205 -6.7350 -4.0465 0.0000 0.0000 0.0000
-0.8808 -6.8673 -3.7787 0.0000 0.0000 0.0000
-0.1866 -7.3903 -4.1746 0.0000 0.0000 0.0000
-0.4226 -7.1983 -3.8426 0.0000 0.0000 0.0000
-0.7403 -6.6533 -3.9433 0.0000 0.0000 0.0000
-0.4756 -7.1417 -3.6644 0.0000 0.0000 0.0000
-0.6060 -7.3559 -3.1611 0.0000 0.0000 0.0000
-0.5399 -7.3642 -2.7578 0.0000 0.0000 0.0000
-0.4557 -6.8649 -3.3684 0.0000 0.0000 0.0000
-0.8176 -6.7599 -3.1439 0.0000 0.0000 0.0000
-0.7030 -6.9383 -3.1436 0.0000 0.0000 0.0000
-0.8777 -6.7237 -3.0299 0.0000 0.0000 0.0000
-0.3674 -6.8419 -3.2272 0.0000 0.0000 0.0000
-0.4911 -6.6093 -3.2477 0.0000 0.0000 0.0000
-0.4216 -5.7168 -12.3971 0.0000 0.0000 0.0000
-0.3173 -5.6874 -11.7771 0.0000 0.0000 0.0000
-0.3002 -6.3463 -11.8669 0.0000 0.0000 0.0000
-0.3121 -6.3678 -12.1989 0.0000 0.0000 0.0000
-0.8699 -6.3464 -12.3898 0.0000 0.0000 0.0000
-0.3558 -5.8512 -11.7756 0.0000 0.0000 0.0000
-0.7095 -5.6463 -11.8041 0.0000 0.0000 0.0000
-0.5342 -5.9301 -12.2379 0.0000 0.0000 0.0000
-0.4559 -5.8668 -11.1355 0.0000 0.0000 0.0000
-0.4232 -6.3248 -11.0977 0.0000 0.0000 0.0000
-0.5274 -6.2551 -10.7530 0.0000 0.0000 0.0000
-0.4330 -6.3028 -10.8583 0.0000 0.0000 0.0000
-0.7243 -5.6450 -11.1871 0.0000 0.0000 0.0000
-0.8227 -5.8632 -10.7020 0.0000 0.0000 0.0000
-0.5433 -5.7640 -10.8273 0.0000 0.0000 0.0000
-0.3708 -5.7821 -10.6866 0.0000 0.0000 0.0000
-0.7050 -5.8478 -10.1795 0.0000 0.0000 0.0000
-0.2927 -6.2042 -9.9681 0.0000 0.0000 0.0000
-0.5553 -6.3257 -10.3182 0.0000 0.0000 0.0000
-0.2288 -5.9427 -10.2918 0.0000 0.0000 0.0000
-0.1275 -6.1833 -9.9277 0.0000 0.0000 0.0000
-0.8564 -6.0584 -10.0274 0.0000 0.0000 0.0000
-0.1917 -5.8180 -10.3586 0.0000 0.0000 0.0000
-0.1372 -6.2977 -9.6524 0.0000 0.0000 0.0000
-0.8980 -6.0076 -8.7284 0.0000 0.0000 0.0000
-0.4503 -5.8453 -9.3170 0.0000 0.0000 0.0000
-0.3489 -5.6075 -9.2567 0.0000 0.0000 0.0000
-0.3888 -6.1108 -9.2184 0.0000 0.0000 0.0000
-0.2898 -6.2977 -9.2901 0.0000 0.0000 0.0000
-0.1060 -5.8610 -8.7624 0.0000 0.0000 0.0000
-0.8086 -5.8605 -9.0165 0.0000 0.0000 0.0000
-0.8546 -5.7775 -8.6531 0.0000 0.0000 0.0000
-0.4964 -6.1098 -7.8137 0.0000 0.0000 0.0000
-0.5567 -6.1092 -8.1569 0.0000 0.0000 0.0000
-0.6635 -5.6637 -7.8604 0.0000 0.0000 0.0000
-0.8878 -6.1089 -7.9933 0.0000 0.0000 0.0000
-0.7772 -5.7851 -8.0253 0.0000 0.0000 0.0000
-0.1287 -6.0240 -8.1703 0.0000 0.0000 0.0000
-0.7526 -6.3220 -8.0224 0.0000 0.0000 0.0000
-0.7316 -5.9061 -8.2162 0.0000 0.0000 0.0000
-0.3030 -6.3826 -7.3172 0.0000 0.0000 0.0000
-0.2058 -6.2559 -6.9645 0.0000 0.0000 0.0000
-0.6205 -6.0913 -7.0438 0.0000 0.0000 0.0000
-0.6376 -6.0392 -6.8728 0.0000 0.0000 0.0000
-0.8130 -6.2607 -7.3425 0.0000 0.0000 0.0000
-0.1232 -5.7358 -7.1345 0.0000 0.0000 0.0000
-0.4731 -5.6822 -7.3013 0.0000 0.0000 0.0000
-0.1701 -6.0218 -7.2311 0.0000 0.0000 0.0000
-0.7918 -6.2405 -5.7453 0.0000 0.0000 0.0000
-0.7636 -6.0288 -6.0162 0.0000 0.0000 0.0000
-0.4540 -6.0329 -6.1880 0.0000 0.0000 0.0000
-0.8700 -5.9864 -6.3028 0.0000 0.0000 0.0000
-0.5172 -6.1898 -6.3138 0.0000 0.0000 0.0000
-0.6839 -6.0187 -5.6067 0.0000 0.0000 0.0000
-0.1292 -6.2115 -5.9451 0.0000 0.0000 0.0000
-0.1111 -5.9319 -6.0827 0.0000 0.0000 0.0000
-0.1045 -6.3391 -5.1244 0.0000 0.0000 0.0000
-0.4388 -5.7324 -5.1928 0.0000 0.0000 0.0000
-0.4281 -5.9959 -4.8482 0.0000 0.0000 0.0000
-0.1329 -5.8672 -4.9633 0.0000 0.0000 0.0000
-0.1839 -5.9503 -5.2098 0.0000 0.0000 0.0000
-0.6874 -6.3526 -4.9031 0.0000 0.0000 0.0000
-0.8820 -5.7262 -5.3168 0.0000 0.0000 0.0000
-0.8374 -5.6344 -5.0219 0.0000 0.0000 0.0000
-0.2068 -6.1594 -3.6136 0.0000 0.0000 0.0000
-0.4453 -5.6388 -4.2152 0.0000 0.0000 0.0000
-0.7719 -6.0467 -3.6967 0.0000 0.0000 0.0000
-0.8265 -6.0885 -3.6839 0.0000 0.0000 0.0000
-0.1959 -6.0753 -4.3148 0.0000 0.0000 0.0000
-0.7662 -5.7725 -3.7221 0.0000 0.0000 0.0000
-0.6562 -6.1203 -3.9679 0.0000 0.0000 0.0000
-0.8644 -5.7512 -4.2880 0.0000 0.0000 0.0000
-0.1034 -6.3142 -2.7654 0.0000 0.0000 0.0000
-0.8787 -6.3276 -3.1031 0.0000 0.0000 0.0000
-0.6984 -5.8653 -2.9220 0.0000 0.0000 0.0000
-0.7961 -6.1756 -2.8105 0.0000 0.0000 0.0000
-0.4663 -5.6627 -2.9095 0.0000 0.0000 0.0000
-0.1456 -6.2798 -2.7768 0.0000 0.0000 0.0000
-0.6616 -6.0088 -2.8000 0.0000 0.0000 0.0000
-0.2424 -5.8861 -3.2232 0.0000 0.0000 0.0000
-0.1879 -4.9733 -11.9157 0.0000 0.0000 0.0000
-0.2393 -4.6489 -12.2874 0.0000 0.0000 0.0000
-0.5317 -5.3345 -11.7858 0.0000 0.0000 0.0000
-0.2935 -5.0199 -12.1434 0.0000 0.0000 0.0000
-0.2877 -4.8315 -12.2200 0.0000 0.0000 0.0000
-0.3795 -5.3105 -12.1568 0.0000 0.0000 0.0000
-0.5946 -4.6028 -11.7099 0.0000 0.0000 0.0000
-0.2134 -5.0452 -12.3438 0.0000 0.0000 0.0000
-0.7909 -4.7906 -10.7814 0.0000 0.0000 0.0000
-0.8731 -4.9494 -10.7890 0.0000 0.0000 0.0000
-0.5237 -5.2233 -11.2462 0.0000 0.0000 0.0000
-0.1569 -5.3801 -10.6854 0.0000 0.0000 0.0000
-0.8219 -5.0350 -10.7557 0.0000 0.0000 0.0000
-0.2200 -4.9191 -10.8672 0.0000 0.0000 0.0000
-0.8950 -4.8222 -11.1659 0.0000 0.0000 0.0000
-0.1348 -4.9878 -10.9033 0.0000 0.0000 0.0000
-0.1830 -5.2582 -9.8855 0.0000 0.0000 0.0000
-0.2326 -5.1773 -9.9240 0.0000 0.0000 0.0000
-0.4979 -4.7154 -9.6002 0.0000 0.0000 0.0000
-0.8709 -5.0901 -10.0695 0.0000 0.0000 0.0000
-0.6415 -5.2628 -9.7949 0.0000 0.0000 0.0000
-0.2462 -5.1189 -9.7665 0.0000 0.0000 0.0000
-0.2485 -5.1642 -9.7808 0.0000 0.0000 0.0000
-0.6500 -4.6999 -9.7373 0.0000 0.0000 0.0000
-0.3092 -4.8849 -8.6910 0.0000 0.0000 0.0000
-0.4691 -4.6753 -8.9067 0.0000 0.0000 0.0000
-0.7928 -4.9965 -9.2319 0.0000 0.0000 0.0000
-0.5328 -4.7445 -8.9938 0.0000 0.0000 0.0000
-0.6547 -4.8025 -9.0708 0.0000 0.0000 0.0000
-0.5637 -4.7327 -9.3291 0.0000 0.0000 0.0000
-0.2614 -4.6690 -9.2178 0.0000 0.0000 0.0000
-0.5208 -5.0113 -8.7894 0.0000 0.0000 0.0000
-0.7114 -4.6003 -8.1054 0.0000 0.0000 0.0000
-0.5170 -4.6742 -8.1314 0.0000 0.0000 0.0000
-0.7898 -4.8504 -7.9049 0.0000 0.0000 0.0000
-0.1893 -5.3519 -7.9896 0.0000 0.0000 0.0000
-0.7388 -4.9927 -8.1354 0.0000 0.0000 0.0000
-0.1187 -4.6383 -7.6681 0.0000 0.0000 0.0000
-0.8698 -5.1066 -8.0733 0.0000 0.0000 0.0000
-0.6553 -4.7630 -8.2155 0.0000 0.0000 0.0000
-0.6899 -4.6729 -7.3300 0.0000 0.0000 0.0000
-0.5377 -5.1938 -6.9620 0.0000 0.0000 0.0000
-0.6919 -4.7545 -7.1168 0.0000 0.0000 0.0000
-0.4094 -5.2164 -7.1689 0.0000 0.0000 0.0000
-0.8998 -4.6486 -7.1953 0.0000 0.0000 0.0000
-0.2843 -5.1298 -7.0363 0.0000 0.0000 0.0000
-0.6660 -4.8019 -7.0157 0.0000 0.0000 0.0000
-0.4083 -5.0897 -6.7797 0.0000 0.0000 0.0000
-0.2974 -4.8370 -6.3441 0.0000 0.0000 0.0000
-0.1045 -4.7093 -6.2076 0.0000 0.0000 0.0000
-0.4648 -4.9962 -5.7858 0.0000 0.0000 0.0000
-0.2878 -5.2488 -6.0173 0.0000 0.0000 0.0000
-0.1130 -5.1479 -5.6538 0.0000 0.0000 0.0000
-0.1598 -4.8920 -6.1474 0.0000 0.0000 0.0000
-0.6427 -5.1862 -5.8044 0.0000 0.0000 0.0000
-0.5031 -4.7429 -5.8275 0.0000 0.0000 0.0000
-0.6442 -4.8834 -5.1199 0.0000 0.0000 0.0000
-0.6445 -5.3412 -5.0894 0.0000 0.0000 0.0000
-0.6826 -4.6194 -5.1541 0.0000 0.0000 0.0000
-0.8089 -5.3686 -4.9827 0.0000 0.0000 0.0000
-0.4164 -4.7539 -5.3775 0.0000 0.0000 0.0000
-0.5753 -5.1456 -4.7534 0.0000 0.0000 0.0000
-0.1772 -4.8653 -5.0364 0.0000 0.0000 0.0000
-0.6520 -4.8219 -5.3129 0.0000 0.0000 0.0000
-0.8065 -5.1085 -4.3685 0.0000 0.0000 0.0000
-0.6713 -4.9460 -4.3137 0.0000 0.0000 0.0000
-0.6843 -4.9947 -3.7354 0.0000 0.0000 0.0000
-0.2513 -5.2691 -4.3388 0.0000 0.0000 0.0000
-0.6705 -5.0745 -4.3809 0.0000 0.0000 0.0000
-0.4423 -4.8472 -4.1398 0.0000 0.0000 0.0000
-0.4069 -5.0054 -4.0371 0.0000 0.0000 0.0000
-0.2314 -5.1462 -3.6712 0.0000 0.0000 0.0000
-0.5255 -4.8851 -2.6062 0.0000 0.0000 0.0000
-0.4492 -5.1886 -2.9139 0.0000 0.0000 0.0000
-0.8315 -5.1922 -2.6578 0.0000 0.0000 0.0000
-0.8123 -5.1303 -3.1529 0.0000 0.0000 0.0000
-0.2518 -5.3492 -2.8139 0.0000 0.0000 0.0000
-0.8666 -5.2310 -3.0946 0.0000 0.0000 0.0000
-0.1991 -4.7064 -3.3713 0.0000 0.0000 0.0000
-0.2654 -5.0505 -2.7932 0.0000 0.0000 0.0000
-0.4182 -4.0515 -12.3080 0.0000 0.0000 0.0000
-0.8794 -4.3674 -11.7686 0.0000 0.0000 0.0000
-0.1791 -3.6203 -12.1839 0.0000 0.0000 0.0000
-0.2089 -4.1340 -12.2638 0.0000 0.0000 0.0000
-0.5904 -4.2513 -12.2474 0.0000 0.0000 0.0000
-0.1163 -3.8273 -11.8451 0.0000 0.0000 0.0000
-0.8180 -4.0972 -11.6614 0.0000 0.0000 0.0000
-0.1938 -4.0177 -12.0825 0.0000 0.0000 0.0000
-0.3616 -4.0216 -10.7678 0.0000 0.0000 0.0000
-0.5757 -3.9385 -10.6539 0.0000 0.0000 0.0000
-0.2216 -4.0997 -11.3326 0.0000 0.0000 0.0000
-0.3175 -4.0726 -11.0355 0.0000 0.0000 0.0000
-0.3382 -4.0573 -10.6811 0.0000 0.0000 0.0000
-0.2420 -4.3679 -10.8718 0.0000 0.0000 0.0000
-0.8727 -3.6532 -11.1170 0.0000 0.0000 0.0000
-0.1418 -3.7476 -11.0100 0.0000 0.0000 0.0000
-0.4898 -3.8649 -9.8022 0.0000 0.0000 0.0000
-0.6566 -4.2377 -9.9278 0.0000 0.0000 0.0000
-0.6476 -3.9134 -9.9223 0.0000 0.0000 0.0000
-0.3776 -3.7599 -9.6369 0.0000 0.0000 0.0000
-0.3719 -3.7364 -9.6914 0.0000 0.0000 0.0000
-0.3973 -4.2646 -10.3973 0.0000 0.0000 0.0000
-0.4939 -3.9983 -10.1769 0.0000 0.0000 0.0000
-0.5780 -4.0375 -10.3006 0.0000 0.0000 0.0000
-0.4623 -3.8536 -8.7446 0.0000 0.0000 0.0000
-0.8974 -4.0942 -9.0758 0.0000 0.0000 0.0000
-0.6174 -4.1116 -8.9855 0.0000 0.0000 0.0000
-0.7141 -3.6763 -9.2588 0.0000 0.0000 0.0000
-0.4062 -4.3937 -9.0125 0.0000 0.0000 0.0000
-0.8688 -3.6408 -8.8766 0.0000 0.0000 0.0000
-0.5875 -4.1444 -8.8599 0.0000 0.0000 0.0000
-0.4512 -3.8374 -8.8090 0.0000 0.0000 0.0000
-0.8049 -3.7939 -7.7530 0.0000 0.0000 0.0000
-0.6163 -4.2180 -7.7575 0.0000 0.0000 0.0000
-0.1271 -4.0642 -7.6505 0.0000 0.0000 0.0000
-0.8674 -3.9321 -7.9256 0.0000 0.0000 0.0000
-0.7730 -4.0326 -8.2007 0.0000 0.0000 0.0000
-0.3140 -4.0339 -7.7344 0.0000 0.0000 0.0000
-0.4086 -3.9448 -8.1836 0.0000 0.0000 0.0000
-0.1741 -3.7793 -8.1155 0.0000 0.0000 0.0000
-0.8124 -4.3524 -6.6795 0.0000 0.0000 0.0000
-0.7818 -4.0181 -6.6090 0.0000 0.0000 0.0000
-0.6106 -3.7264 -6.8920 0.0000 0.0000 0.0000
-0.6583 -4.1532 -7.1867 0.0000 0.0000 0.0000
-0.6824 -3.7314 -6.8904 0.0000 0.0000 0.0000
-0.4691 -3.7373 -7.0835 0.0000 0.0000 0.0000
-0.8332 -4.0451 -7.1736 0.0000 0.0000 0.0000
-0.1075 -3.7900 -7.2730 0.0000 0.0000 0.0000
-0.6313 -4.3857 -5.7318 0.0000 0.0000 0.0000
-0.2692 -3.7325 -5.8506 0.0000 0.0000 0.0000
-0.1185 -3.8806 -5.7909 0.0000 0.0000 0.0000
-0.4169 -3.6723 -6.2629 0.0000 0.0000 0.0000
-0.4103 -3.6222 -6.2580 0.0000 0.0000 0.0000
-0.3681 -3.8357 -5.8932 0.0000 0.0000 0.0000
-0.5117 -3.6907 -5.9195 0.0000 0.0000 0.0000
-0.5798 -4.0124 -6.2065 0.0000 0.0000 0.0000
-0.5405 -3.6066 -5.3204 0.0000 0.0000 0.0000
-0.5827 -3.8261 -5.1337 0.0000 0.0000 0.0000
-0.5415 -3.8084 -5.2548 0.0000 0.0000 0.0000
-0.1860 -3.7742 -4.9157 0.0000 0.0000 0.0000
-0.6816 -4.3375 -4.6903 0.0000 0.0000 0.0000
-0.7530 -4.1735 -5.2904 0.0000 0.0000 0.0000
-0.7679 -4.2301 -4.8978 0.0000 0.0000 0.0000
-0.6376 -3.9619 -4.9247 0.0000 0.0000 0.0000
-0.3570 -3.9889 -3.8198 0.0000 0.0000 0.0000
-0.5794 -4.2613 -3.6366 0.0000 0.0000 0.0000
-0.4241 -4.1180 -4.1325 0.0000 0.0000 0.0000
-0.2715 -3.9647 -3.7936 0.0000 0.0000 0.0000
-0.6118 -4.2581 -4.1455 0.0000 0.0000 0.0000
-0.6462 -4.0163 -4.1903 0.0000 0.0000 0.0000
-0.7439 -3.6996 -4.3945 0.0000 0.0000 0.0000
-0.5702 -3.8762 -3.9810 0.0000 0.0000 0.0000
-0.6259 -4.1504 -3.1170 0.0000 0.0000 0.0000
-0.8257 -3.9608 -2.9589 0.0000 0.0000 0.0000
-0.6664 -3.9265 -3.0915 0.0000 0.0000 0.0000
-0.8192 -4.0951 -3.1591 0.0000 0.0000 0.0000
-0.5657 -4.1182 -3.0611 0.0000 0.0000 0.0000
-0.1992 -4.0531 -3.0726 0.0000 0.0000 0.0000
-0.3441 -3.8703 -2.7763 0.0000 0.0000 0.0000
-0.1387 -3.8601 -3.0656 0.0000 0.0000 0.0000
-0.1862 -3.3795 -11.9673 0.0000 0.0000 0.0000
-0.8870 -3.3322 -11.8886 0.0000 0.0000 0.0000
-0.2282 -2.6833 -12.0182 0.0000 0.0000 0.0000
-0.2417 -3.1565 -12.0797 0.0000 0.0000 0.0000
-0.1499 -3.3213 -12.1426 0.0000 0.0000 0.0000
-0.7806 -2.8238 -12.0877 0.0000 0.0000 0.0000
-0.5662 -3.0224 -11.9886 0.0000 0.0000 0.0000
-0.5664 -3.1340 -12.1324 0.0000 0.0000 0.0000
-0.6745 -3.3646 -10.8963 0.0000 0.0000 0.0000
-0.4272 -2.8350 -10.9448 0.0000 0.0000 0.0000
-0.4489 -2.7878 -11.0522 0.0000 0.0000 0.0000
-0.1344 -3.3745 -11.3297 0.0000 0.0000 0.0000
-0.6410 -3.2442 -11.3269 0.0000 0.0000 0.0000
-0.8160 -2.7527 -11.0666 0.0000 0.0000 0.0000
-0.1778 -2.9342 -11.0274 0.0000 0.0000 0.0000
-0.3663 -2.9578 -10.9488 0.0000 0.0000 0.0000
-0.8831 -3.1176 -10.0091 0.0000 0.0000 0.0000
-0.7434 -3.2273 -10.2345 0.0000 0.0000 0.0000
-0.3908 -3.0130 -10.2448 0.0000 0.0000 0.0000
-0.2829 -3.2514 -9.9775 0.0000 0.0000 0.0000
-0.5039 -2.6774 -10.0508 0.0000 0.0000 0.0000
-0.1405 -3.1602 -10.0649 0.0000 0.0000 0.0000
-0.2012 -2.9967 -10.3003 0.0000 0.0000 0.0000
-0.4849 -2.8355 -9.6712 0.0000 0.0000 0.0000
-0.5535 -3.3864 -9.3744 0.0000 0.0000 0.0000
-0.8910 -3.2750 -9.3325 0.0000 0.0000 0.0000
-0.6303 -2.6187 -8.6194 0.0000 0.0000 0.0000
-0.7282 -3.0049 -9.3805 0.0000 0.0000 0.0000
-0.4294 -2.7044 -9.2892 0.0000 0.0000 0.0000
-0.5239 -3.0498 -8.9621 0.0000 0.0000 0.0000
-0.5586 -3.3677 -8.6813 0.0000 0.0000 0.0000
-0.7618 -3.2151 -8.9993 0.0000 0.0000 0.0000
-0.2275 -3.3268 -8.1981 0.0000 0.0000 0.0000
-0.5714 -3.1643 -7.8104 0.0000 0.0000 0.0000
-0.2707 -3.0218 -7.6810 0.0000 0.0000 0.0000
-0.8716 -3.0788 -7.9024 0.0000 0.0000 0.0000
-0.2352 -3.1821 -8.2735 0.0000 0.0000 0.0000
-0.5432 -3.3922 -7.6773 0.0000 0.0000 0.0000
-0.5913 -3.1244 -7.9483 0.0000 0.0000 0.0000
-0.8870 -2.9892 -8.2481 0.0000 0.0000 0.0000
-0.4353 -3.1038 -7.0112 0.0000 0.0000 0.0000
-0.4352 -3.1685 -6.6971 0.0000 0.0000 0.0000
-0.4559 -3.0760 -6.8474 0.0000 0.0000 0.0000
-0.2435 -2.6105 -6.8369 0.0000 0.0000 0.0000
-0.8139 -3.2187 -7.3989 0.0000 0.0000 0.0000
-0.7716 -3.1158 -6.8557 0.0000 0.0000 0.0000
-0.3149 -3.3197 -7.0005 0.0000 0.0000 0.0000
-0.5484 -2.8153 -7.2115 0.0000 0.0000 0.0000
-0.7349 -2.6096 -5.6792 0.0000 0.0000 0.0000
-0.3267 -2.6131 -6.1330 0.0000 0.0000 0.0000
-0.1896 -2.7304 -6.1439 0.0000 0.0000 0.0000
-0.8658 -2.9352 -5.6936 0.0000 0.0000 0.0000
-0.1476 -2.6755 -6.3119 0.0000 0.0000 0.0000
-0.1642 -2.7388 -5.6544 0.0000 0.0000 0.0000
-0.6232 -3.0189 -5.7523 0.0000 0.0000 0.0000
-0.3129 -3.2769 -5.6090 0.0000 0.0000 0.0000
-0.1188 -2.6852 -5.2503 0.0000 0.0000 0.0000
-0.4983 -2.6003 -4.6556 0.0000 0.0000 0.0000
-0.8521 -3.2324 -5.0224 0.0000 0.0000 0.0000
-0.7967 -3.3194 -4.8064 0.0000 0.0000 0.0000
-0.6548 -3.1911 -5.3675 0.0000 0.0000 0.0000
-0.6260 -3.2596 -5.1959 0.0000 0.0000 0.0000
-0.5160 -2.8648 -4.7937 0.0000 0.0000 0.0000
-0.7825 -3.3724 -4.6198 0.0000 0.0000 0.0000
-0.4338 -2.7970 -4.0974 0.0000 0.0000 0.0000
-0.6864 -2.7086 -3.7749 0.0000 0.0000 0.0000
-0.8571 -2.9212 -4.2294 0.0000 0.0000 0.0000
-0.3409 -3.2252 -4.0601 0.0000 0.0000 0.0000
-0.1030 -3.3735 -4.0677 0.0000 0.0000 0.0000
-0.2128 -3.0947 -4.2837 0.0000 0.0000 0.0000
-0.1323 -2.9349 -3.6602 0.0000 0.0000 0.0000
-0.1276 -2.7335 -3.7943 0.0000 0.0000 0.0000
-0.6433 -3.0915 -2.7760 0.0000 0.0000 0.0000
-0.7524 -2.7923 -3.0900 0.0000 0.0000 0.0000
-0.1270 -3.3941 -3.1615 0.0000 0.0000 0.0000
-0.5455 -3.2810 -3.0488 0.0000 0.0000 0.0000
-0.6628 -3.0837 -2.7252 0.0000 0.0000 0.0000
-0.6663 -2.9936 -3.3490 0.0000 0.0000 0.0000
-0.6166 -3.2453 -2.7283 0.0000 0.0000 0.0000
-0.3005 -3.0083 -3.0907 0.0000 0.0000 0.0000
-0.3033 -2.1837 -11.9343 0.0000 0.0000 0.0000
-0.2149 -2.3648 -11.9374 0.0000 0.0000 0.0000
-0.3775 -2.1674 -11.7964 0.0000 0.0000 0.0000
-0.4984 -2.0915 -11.8433 0.0000 0.0000 0.0000
-0.4669 -1.7778 -11.8609 0.0000 0.0000 0.0000
-0.6595 -2.0779 -12.3640 0.0000 0.0000 0.0000
-0.3547 -2.2685 -12.3388 0.0000 0.0000 0.0000
-0.5515 -2.3206 -11.6868 0.0000 0.0000 0.0000
-0.6635 -2.0379 -10.9886 0.0000 0.0000 0.0000
-0.8889 -1.8524 -10.8503 0.0000 0.0000 0.0000
-0.5141 -1.6424 -11.1328 0.0000 0.0000 0.0000
-0.2444 -1.8831 -10.6044 0.0000 0.0000 0.0000
-0.2710 -1.8638 -11.2891 0.0000 0.0000 0.0000
-0.3905 -1.6874 -10.6291 0.0000 0.0000 0.0000
-0.1318 -1.9111 -11.0658 0.0000 0.0000 0.0000
-0.6744 -1.6430 -11.0106 0.0000 0.0000 0.0000
-0.7960 -2.3707 -10.1283 0.0000 0.0000 0.0000
-0.3426 -1.6011 -10.2574 0.0000 0.0000 0.0000
-0.2854 -1.7515 -9.9202 0.0000 0.0000 0.0000
-0.7710 -2.2749 -9.6918 0.0000 0.0000 0.0000
-0.8926 -1.9744 -9.6582 0.0000 0.0000 0.0000
-0.5189 -1.9686 -9.9917 0.0000 0.0000 0.0000
-0.2683 -1.9118 -9.8626 0.0000 0.0000 0.0000
-0.5002 -2.1484 -10.3211 0.0000 0.0000 0.0000
-0.2310 -1.6860 -8.6630 0.0000 0.0000 0.0000
-0.2776 -1.9697 -8.7772 0.0000 0.0000 0.0000
-0.5131 -1.6818 -8.6300 0.0000 0.0000 0.0000
-0.5611 -2.0955 -9.3177 0.0000 0.0000 0.0000
-0.7646 -1.6447 -9.0657 0.0000 0.0000 0.0000
-0.2356 -1.9713 -8.9711 0.0000 0.0000 0.0000
-0.2551 -1.6965 -8.9436 0.0000 0.0000 0.0000
-0.8969 -2.3369 -8.6026 0.0000 0.0000 0.0000
-0.1852 -2.3154 -8.2328 0.0000 0.0000 0.0000
-0.3402 -2.1799 -8.2713 0.0000 0.0000 0.0000
-0.6220 -1.9937 -7.8486 0.0000 0.0000 0.0000
-0.6652 -2.3003 -7.6064 0.0000 0.0000 0.0000
-0.5602 -2.0226 -8.0074 0.0000 0.0000 0.0000
-0.4809 -1.9173 -8.2480 0.0000 0.0000 0.0000
-0.5050 -2.3280 -8.1055 0.0000 0.0000 0.0000
-0.5597 -2.0835 -7.9321 0.0000 0.0000 0.0000
-0.1897 -2.2261 -6.9815 0.0000 0.0000 0.0000
-0.6024 -1.7867 -7.1322 0.0000 0.0000 0.0000
-0.8207 -1.7485 -7.3138 0.0000 0.0000 0.0000
-0.1987 -2.1915 -6.8190 0.0000 0.0000 0.0000
-0.5686 -1.8833 -7.2238 0.0000 0.0000 0.0000
-0.6929 -1.9437 -7.0500 0.0000 0.0000 0.0000
-0.6680 -2.3093 -7.2397 0.0000 0.0000 0.0000
-0.6693 -2.2374 -6.8804 0.0000 0.0000 0.0000
-0.6192 -2.1813 -5.7253 0.0000 0.0000 0.0000
-0.2733 -1.7736 -5.7418 0.0000 0.0000 0.0000
-0.2229 -1.9585 -6.2506 0.0000 0.0000 0.0000
-0.5060 -1.8028 -5.6214 0.0000 0.0000 0.0000
-0.4299 -2.0971 -5.7128 0.0000 0.0000 0.0000
-0.4397 -2.2703 -5.6444 0.0000 0.0000 0.0000
-0.4167 -1.6923 -6.1871 0.0000 0.0000 0.0000
-0.4681 -2.3608 -6.0943 0.0000 0.0000 0.0000
-0.6235 -2.1477 -5.0270 0.0000 0.0000 0.0000
-0.2132 -2.0684 -5.0404 0.0000 0.0000 0.0000
-0.2618 -1.9103 -5.0882 0.0000 0.0000 0.0000
-0.1601 -2.2877 -4.9377 0.0000 0.0000 0.0000
-0.2673 -2.1393 -5.3326 0.0000 0.0000 0.0000
-0.3801 -2.3311 -5.3580 0.0000 0.0000 0.0000
-0.6749 -2.2652 -4.7109 0.0000 0.0000 0.0000
-0.7386 -1.8343 -4.8256 0.0000 0.0000 0.0000
-0.1427 -2.0348 -3.6369 0.0000 0.0000 0.0000
-0.6921 -2.2147 -4.2487 0.0000 0.0000 0.0000
-0.8147 -2.0928 -3.8786 0.0000 0.0000 0.0000
-0.7579 -1.8917 -3.8381 0.0000 0.0000 0.0000
-0.2931 -1.8015 -4.0953 0.0000 0.0000 0.0000
-0.7701 -2.0749 -3.7151 0.0000 0.0000 0.0000
-0.5328 -1.7704 -3.7673 0.0000 0.0000 0.0000
-0.8984 -1.9177 -4.2065 0.0000 0.0000 0.0000
-0.4890 -2.0411 -3.0340 0.0000 0.0000 0.0000
-0.6465 -2.2162 -3.3984 0.0000 0.0000 0.0000
-0.1362 -1.6419 -3.3275 0.0000 0.0000 0.0000
-0.5195 -2.0048 -3.2020 0.0000 0.0000 0.0000
-0.8435 -2.0675 -3.1963 0.0000 0.0000 0.0000
-0.4173 -2.2848 -2.7983 0.0000 0.0000 0.0000
-0.3540 -1.8439 -2.6307 0.0000 0.0000 0.0000
-0.1084 -1.6698 -2.8823 0.0000 0.0000 0.0000
-0.2113 -0.7198 -11.6610 0.0000 0.0000 0.0000
-0.1544 -0.6406 -12.1434 0.0000 0.0000 0.0000
-0.8222 -0.7204 -11.6512 0.0000 0.0000 0.0000
-0.2168 -0.8019 -11.7608 0.0000 0.0000 0.0000
-0.7234 -0.7267 -11.9756 0.0000 0.0000 0.0000
-0.6637 -0.8668 -12.2203 0.0000 0.0000 0.0000
-0.5271 -0.7542 -12.1706 0.0000 0.0000 0.0000
-0.7219 -0.7886 -12.1635 0.0000 0.0000 0.0000
-0.5815 -1.0281 -10.9519 0.0000 0.0000 0.0000
-0.7469 -1.2138 -10.9478 0.0000 0.0000 0.0000
-0.7251 -0.6731 -10.7740 0.0000 0.0000 0.0000
-0.2443 -1.2567 -11.0886 0.0000 0.0000 0.0000
-0.8680 -1.0862 -10.9141 0.0000 0.0000 0.0000
-0.2073 -0.8621 -10.9280 0.0000 0.0000 0.0000
-0.8649 -0.6251 -11.0504 0.0000 0.0000 0.0000
-0.1667 -1.2854 -11.0884 0.0000 0.0000 0.0000
-0.7541 -1.1851 -10.1991 0.0000 0.0000 0.0000
-0.5461 -0.8989 -9.7362 0.0000 0.0000 0.0000
-0.1786 -1.1149 -9.6663 0.0000 0.0000 0.0000
-0.3506 -0.9000 -10.2490 0.0000 0.0000 0.0000
-0.8020 -0.9112 -9.6785 0.0000 0.0000 0.0000
-0.7721 -0.7321 -10.0549 0.0000 0.0000 0.0000
-0.5743 -0.7389 -9.9743 0.0000 0.0000 0.0000
-0.4777 -1.2775 -10.0267 0.0000 0.0000 0.0000
-0.2106 -0.8646 -8.9492 0.0000 0.0000 0.0000
-0.3115 -0.8359 -9.1620 0.0000 0.0000 0.0000
-0.4117 -0.9931 -8.7525 0.0000 0.0000 0.0000
-0.1912 -1.3793 -8.7207 0.0000 0.0000 0.0000
-0.7429 -1.1249 -8.9627 0.0000 0.0000 0.0000
-0.7437 -0.7737 -8.8295 0.0000 0.0000 0.0000
-0.2383 -0.8699 -8.8587 0.0000 0.0000 0.0000
-0.3144 -1.0252 -9.3868 0.0000 0.0000 0.0000
-0.5585 -0.6032 -7.6870 0.0000 0.0000 0.0000
-0.8880 -1.3415 -8.3879 0.0000 0.0000 0.0000
-0.4126 -0.8034 -7.7841 0.0000 0.0000 0.0000
-0.8850 -1.2156 -8.1428 0.0000 0.0000 0.0000
-0.3334 -1.3401 -7.6221 0.0000 0.0000 0.0000
-0.1557 -0.6708 -8.0759 0.0000 0.0000 0.0000
-0.8110 -0.7921 -7.8454 0.0000 0.0000 0.0000
-0.3602 -0.8043 -7.6570 0.0000 0.0000 0.0000
-0.6899 -1.3879 -6.9311 0.0000 0.0000 0.0000
-0.7491 -1.1564 -6.7141 0.0000 0.0000 0.0000
-0.1492 -0.7151 -6.7049 0.0000 0.0000 0.0000
-0.8989 -1.0672 -7.1403 0.0000 0.0000 0.0000
-0.4861 -1.0786 -6.9661 0.0000 0.0000 0.0000
-0.2801 -1.3913 -6.8146 0.0000 0.0000 0.0000
-0.5219 -1.0381 -7.2581 0.0000 0.0000 0.0000
-0.2345 -1.2393 -7.2826 0.0000 0.0000 0.0000
-0.8386 -1.1267 -6.2850 0.0000 0.0000 0.0000
-0.1485 -1.3202 -5.9794 0.0000 0.0000 0.0000
-0.2418 -0.8889 -5.8796 0.0000 0.0000 0.0000
-0.5647 -1.1369 -6.2066 0.0000 0.0000 0.0000
-0.5655 -0.8244 -5.6413 0.0000 0.0000 0.0000
-0.4671 -0.9540 -6.0493 0.0000 0.0000 0.0000
-0.1321 -1.1119 -5.9532 0.0000 0.0000 0.0000
-0.6079 -0.6907 -5.7512 0.0000 0.0000 0.0000
-0.7468 -1.3532 -4.6867 0.0000 0.0000 0.0000
-0.3310 -0.8025 -4.6490 0.0000 0.0000 0.0000
-0.6953 -1.3960 -5.0333 0.0000 0.0000 0.0000
-0.7254 -0.9609 -4.6710 0.0000 0.0000 0.0000
-0.2130 -1.3439 -5.3801 0.0000 0.0000 0.0000
-0.7538 -0.6289 -5.1361 0.0000 0.0000 0.0000
-0.8331 -0.8496 -5.3751 0.0000 0.0000 0.0000
-0.2753 -0.7206 -4.8873 0.0000 0.0000 0.0000
-0.6180 -0.9898 -4.0348 0.0000 0.0000 0.0000
-0.2052 -0.6012 -4.2718 0.0000 0.0000 0.0000
-0.7586 -0.6709 -4.0543 0.0000 0.0000 0.0000
-0.4601 -0.7237 -3.6549 0.0000 0.0000 0.0000
-0.5475 -1.0068 -4.1835 0.0000 0.0000 0.0000
-0.8479 -1.2787 -3.7047 0.0000 0.0000 0.0000
-0.2994 -0.8089 -4.0973 0.0000 0.0000 0.0000
-0.4198 -0.9651 -4.3854 0.0000 0.0000 0.0000
-0.3128 -0.8126 -2.6846 0.0000 0.0000 0.0000
-0.1556 -0.8094 -2.6377 0.0000 0.0000 0.0000
-0.8475 -0.8582 -3.1206 0.0000 0.0000 0.0000
-0.5170 -0.9149 -2.8481 0.0000 0.0000 0.0000
-0.1207 -0.9686 -2.7817 0.0000 0.0000 0.0000
-0.4579 -0.7019 -3.2886 0.0000 0.0000 0.0000
-0.4533 -0.8629 -2.8629 0.0000 0.0000 0.0000
-0.5436 -1.1477 -3.3749 0.0000 0.0000 0.0000
-0.5081 -0.1452 -12.1559 0.0000 0.0000 0.0000
-0.2384 -0.3077 -11.7820 0.0000 0.0000 0.0000
-0.3533 0.1416 -11.8096 0.0000 0.0000 0.0000
-0.6278 0.2760 -11.6672 0.0000 0.0000 0.0000
-0.3761 0.2635 -12.1119 0.0000 0.0000 0.0000
-0.2389 0.3418 -12.3765 0.0000 0.0000 0.0000
-0.7367 -0.3324 -12.3171 0.0000 0.0000 0.0000
-0.2944 0.3836 -12.2758 0.0000 0.0000 0.0000
-0.7394 -0.0887 -11.2775 0.0000 0.0000 0.0000
-0.4341 -0.0274 -11.1428 0.0000 0.0000 0.0000
-0.3052 -0.2779 -11.0341 0.0000 0.0000 0.0000
-0.2590 -0.0836 -11.2259 0.0000 0.0000 0.0000
-0.6306 0.0397 -10.7475 0.0000 0.0000 0.0000
-0.4786 0.2377 -10.7130 0.0000 0.0000 0.0000
-0.6587 -0.3422 -10.8832 0.0000 0.0000 0.0000
-0.2470 -0.0448 -10.7971 0.0000 0.0000 0.0000
-0.4645 0.0889 -10.0607 0.0000 0.0000 0.0000
-0.2371 0.0111 -10.1259 0.0000 0.0000 0.0000
-0.1123 0.1102 -10.3889 0.0000 0.0000 0.0000
-0.7845 0.3765 -10.3042 0.0000 0.0000 0.0000
-0.1191 -0.3139 -10.1581 0.0000 0.0000 0.0000
-0.5799 0.2413 -10.0218 0.0000 0.0000 0.0000
-0.7772 -0.2443 -9.8049 0.0000 0.0000 0.0000
-0.1897 -0.3529 -9.9242 0.0000 0.0000 0.0000
-0.8712 0.3301 -8.7646 0.0000 0.0000 0.0000
-0.7504 0.1796 -9.0156 0.0000 0.0000 0.0000
-0.4331 -0.2706 -8.9812 0.0000 0.0000 0.0000
-0.2705 0.0281 -9.2365 0.0000 0.0000 0.0000
-0.2426 -0.2494 -8.6955 0.0000 0.0000 0.0000
-0.7260 0.1633 -9.1934 0.0000 0.0000 0.0000
-0.4877 0.3678 -9.0474 0.0000 0.0000 0.0000
-0.1857 0.3334 -8.6942 0.0000 0.0000 0.0000
-0.8792 0.2497 -8.0974 0.0000 0.0000 0.0000
-0.1437 -0.2144 -7.9712 0.0000 0.0000 0.0000
-0.6766 0.3111 -8.0485 0.0000 0.0000 0.0000
-0.8654 0.3366 -8.0444 0.0000 0.0000 0.0000
-0.8650 0.1922 -7.6036 0.0000 0.0000 0.0000
-0.6129 -0.2759 -7.8216 0.0000 0.0000 0.0000
-0.3578 -0.2190 -7.9688 0.0000 0.0000 0.0000
-0.3983 0.0613 -8.1801 0.0000 0.0000 0.0000
-0.4090 -0.3517 -6.8264 0.0000 0.0000 0.0000
-0.7662 -0.3356 -6.7209 0.0000 0.0000 0.0000
-0.8437 -0.3170 -7.2879 0.0000 0.0000 0.0000
-0.3186 -0.1405 -6.6676 0.0000 0.0000 0.0000
-0.4049 -0.0948 -7.1588 0.0000 0.0000 0.0000
-0.1664 -0.0837 -6.9788 0.0000 0.0000 0.0000
-0.6023 -0.0533 -7.1028 0.0000 0.0000 0.0000
-0.1249 -0.2121 -6.6551 0.0000 0.0000 0.0000
-0.3167 -0.0319 -5.8613 0.0000 0.0000 0.0000
-0.3020 -0.3230 -6.0664 0.0000 0.0000 0.0000
-0.6074 0.0637 -6.2000 0.0000 0.0000 0.0000
-0.4930 0.1570 -6.0359 0.0000 0.0000 0.0000
-0.2630 0.3799 -5.8112 0.0000 0.0000 0.0000
-0.6514 -0.1950 -5.8012 0.0000 0.0000 0.0000
-0.2774 -0.3356 -5.8503 0.0000 0.0000 0.0000
-0.2360 0.3265 -5.7168 0.0000 0.0000 0.0000
-0.5072 -0.1300 -5.2877 0.0000 0.0000 0.0000
-0.7951 -0.0497 -5.0249 0.0000 0.0000 0.0000
-0.5255 0.1671 -4.7777 0.0000 0.0000 0.0000
-0.5533 0.0154 -4.7838 0.0000 0.0000 0.0000
-0.1546 0.3971 -5.1756 0.0000 0.0000 0.0000
-0.4592 -0.0021 -4.6444 0.0000 0.0000 0.0000
-0.4198 0.0706 -4.8443 0.0000 0.0000 0.0000
-0.5228 -0.1338 -4.7128 0.0000 0.0000 0.0000
-0.6072 -0.1980 -3.7400 0.0000 0.0000 0.0000
-0.4591 -0.2163 -4.0990 0.0000 0.0000 0.0000
-0.8237 0.1054 -3.8123 0.0000 0.0000 0.0000
-0.5041 -0.1974 -3.7175 0.0000 0.0000 0.0000
-0.2375 0.3577 -4.0578 0.0000 0.0000 0.0000
-0.3138 0.1916 -4.0893 0.0000 0.0000 0.0000
-0.7412 0.1510 -3.9450 0.0000 0.0000 0.0000
-0.1181 -0.0899 -3.8012 0.0000 0.0000 0.0000
-0.1847 0.1354 -2.9980 0.0000 0.0000 0.0000
-0.1829 -0.2127 -3.3430 0.0000 0.0000 0.0000
-0.6230 0.1391 -2.8474 0.0000 0.0000 0.0000
-0.5728 0.0754 -3.3173 0.0000 0.0000 0.0000
-0.2942 0.0226 -3.3782 0.0000 0.0000 0.0000
-0.4617 -0.1821 -2.6740 0.0000 0.0000 0.0000
-0.5262 -0.1382 -3.0251 0.0000 0.0000 0.0000
-0.2939 -0.1061 -2.6942 0.0000 0.0000 0.0000
-0.6783 0.9832 -11.8140 0.0000 0.0000 0.0000
-0.5025 0.8073 -11.8216 0.0000 0.0000 0.0000
-0.6735 0.7118 -11.9901 0.0000 0.0000 0.0000
-0.4287 0.9972 -12.2659 0.0000 0.0000 0.0000
-0.6456 1.1599 -11.6494 0.0000 0.0000 0.0000
-0.7294 1.1164 -12.2112 0.0000 0.0000 0.0000
-0.7699 0.6127 -12.1456 0.0000 0.0000 0.0000
-0.5109 0.9698 -11.7414 0.0000 0.0000 0.0000
-0.6542 1.0646 -10.6621 0.0000 0.0000 0.0000
-0.8845 1.1630 -10.8854 0.0000 0.0000 0.0000
-0.7393 0.8633 -10.9184 0.0000 0.0000 0.0000
-0.3964 0.7184 -11.2733 0.0000 0.0000 0.0000
-0.2612 1.1857 -11.0319 0.0000 0.0000 0.0000
-0.8658 0.9633 -10.6937 0.0000 0.0000 0.0000
-0.6839 1.0941 -10.8978 0.0000 0.0000 0.0000
-0.3389 0.6661 -11.3814 0.0000 0.0000 0.0000
-0.4261 0.6621 -10.2752 0.0000 0.0000 0.0000
-0.7010 1.2160 -10.1197 0.0000 0.0000 0.0000
-0.8834 1.3692 -9.8392 0.0000 0.0000 0.0000
-0.6113 0.7890 -10.0103 0.0000 0.0000 0.0000
-0.2520 1.0189 -9.7176 0.0000 0.0000 0.0000
-0.6794 0.6653 -9.8480 0.0000 0.0000 0.0000
-0.7563 1.1041 -9.8026 0.0000 0.0000 0.0000
-0.8479 0.6311 -10.2748 0.0000 0.0000 0.0000
-0.4746 0.6468 -8.8486 0.0000 0.0000 0.0000
-0.8525 1.3689 -8.8468 0.0000 0.0000 0.0000
-0.8923 1.0440 -8.6339 0.0000 0.0000 0.0000
-0.5944 1.3467 -9.1235 0.0000 0.0000 0.0000
-0.2790 1.3934 -8.8927 0.0000 0.0000 0.0000
-0.8237 1.1095 -8.6055 0.0000 0.0000 0.0000
-0.5368 0.6750 -8.6946 0.0000 0.0000 0.0000
-0.2037 1.3187 -9.2118 0.0000 0.0000 0.0000
-0.5223 1.0580 -7.9722 0.0000 0.0000 0.0000
-0.4870 0.8282 -7.7554 0.0000 0.0000 0.0000
-0.2036 1.3314 -7.8410 0.0000 0.0000 0.0000
-0.3358 1.2824 -8.0638 0.0000 0.0000 0.0000
-0.3993 0.9619 -7.7963 0.0000 0.0000 0.0000
-0.1909 0.8755 -8.2191 0.0000 0.0000 0.0000
-0.6801 1.2564 -8.1942 0.0000 0.0000 0.0000
-0.4277 0.9270 -8.1223 0.0000 0.0000 0.0000
-0.7469 0.9708 -6.6580 0.0000 0.0000 0.0000
-0.7350 0.7583 -7.1705 0.0000 0.0000 0.0000
-0.8829 0.9618 -7.1811 0.0000 0.0000 0.0000
-0.6775 0.9058 -7.0199 0.0000 0.0000 0.0000
-0.2648 1.2959 -6.7740 0.0000 0.0000 0.0000
-0.5232 0.9106 -6.8435 0.0000 0.0000 0.0000
-0.1454 0.8251 -6.6442 0.0000 0.0000 0.0000
-0.6987 1.2965 -6.7862 0.0000 0.0000 0.0000
-0.3732 0.6247 -5.7964 0.0000 0.0000 0.0000
-0.8264 0.9320 -5.8760 0.0000 0.0000 0.0000
-0.7089 1.2193 -5.7822 0.0000 0.0000 0.0000
-0.1062 1.0681 -5.6140 0.0000 0.0000 0.0000
-0.4681 1.2632 -6.2024 0.0000 0.0000 0.0000
-0.1347 1.0971 -5.6189 0.0000 0.0000 0.0000
-0.1562 1.0133 -6.3914 0.0000 0.0000 0.0000
-0.6731 1.0537 -5.6999 0.0000 0.0000 0.0000
-0.3891 1.2396 -4.6449 0.0000 0.0000 0.0000
-0.2531 1.2893 -4.9875 0.0000 0.0000 0.0000
-0.4918 0.9336 -5.2467 0.0000 0.0000 0.0000
-0.3310 1.1933 -5.1381 0.0000 0.0000 0.0000
-0.8813 0.7302 -4.9579 0.0000 0.0000 0.0000
-0.2607 0.6896 -5.2369 0.0000 0.0000 0.0000
-0.4697 1.1144 -4.8206 0.0000 0.0000 0.0000
-0.4452 0.8039 -5.3364 0.0000 0.0000 0.0000
-0.1512 1.2081 -4.1791 0.0000 0.0000 0.0000
-0.7101 1.3858 -3.7330 0.0000 0.0000 0.0000
-0.7076 1.1292 -3.9085 0.0000 0.0000 0.0000
-0.2626 1.2811 -3.6134 0.0000 0.0000 0.0000
-0.7795 0.9066 -4.1330 0.0000 0.0000 0.0000
-0.4367 1.3994 -4.2196 0.0000 0.0000 0.0000
-0.7136 1.3515 -3.6819 0.0000 0.0000 0.0000
-0.8390 0.8632 -3.7109 0.0000 0.0000 0.0000
-0.5464 1.2364 -2.8922 0.0000 0.0000 0.0000
-0.5654 1.2204 -2.6202 0.0000 0.0000 0.0000
-0.3765 1.1648 -3.2956 0.0000 0.0000 0.0000
-0.2082 0.6388 -2.6845 0.0000 0.0000 0.0000
-0.8604 0.6451 -3.3569 0.0000 0.0000 0.0000
-0.2396 1.2113 -2.7180 0.0000 0.0000 0.0000
-0.8698 0.8551 -2.9842 0.0000 0.0000 0.0000
-0.6349 0.8465 -3.1538 0.0000 0.0000 0.0000
-0.4749 1.7186 -12.1527 0.0000 0.0000 0.0000
-0.6510 2.0178 -11.9758 0.0000 0.0000 0.0000
-0.5685 1.9781 -12.2136 0.0000 0.0000 0.0000
-0.3757 1.9121 -11.6665 0.0000 0.0000 0.0000
-0.6075 1.6095 -11.7909 0.0000 0.0000 0.0000
-0.7305 1.8061 -12.0509 0.0000 0.0000 0.0000
-0.6185 2.3141 -11.9141 0.0000 0.0000 0.0000
-0.7922 2.3328 -12.1546 0.0000 0.0000 0.0000
-0.6584 1.9621 -11.3271 0.0000 0.0000 0.0000
-0.6476 2.3830 -10.8069 0.0000 0.0000 0.0000
-0.2608 2.3652 -11.0726 0.0000 0.0000 0.0000
-0.8426 2.1100 -10.6720 0.0000 0.0000 0.0000
-0.7207 1.8150 -10.8637 0.0000 0.0000 0.0000
-0.8954 1.6821 -11.2943 0.0000 0.0000 0.0000
-0.5737 2.2788 -10.8664 0.0000 0.0000 0.0000
-0.4679 1.9990 -11.1185 0.0000 0.0000 0.0000
-0.7316 2.2241 -9.7499 0.0000 0.0000 0.0000
-0.8528 1.8075 -9.8602 0.0000 0.0000 0.0000
-0.7116 1.8830 -10.3213 0.0000 0.0000 0.0000
-0.2812 1.8786 -9.7594 0.0000 0.0000 0.0000
-0.2527 2.0306 -10.0529 0.0000 0.0000 0.0000
-0.2288 2.2686 -10.0524 0.0000 0.0000 0.0000
-0.6756 2.3130 -10.2670 0.0000 0.0000 0.0000
-0.3827 2.0685 -9.8956 0.0000 0.0000 0.0000
-0.4836 1.7133 -8.8323 0.0000 0.0000 0.0000
-0.6562 1.7031 -9.3880 0.0000 0.0000 0.0000
-0.8902 2.3086 -9.0560 0.0000 0.0000 0.0000
-0.1627 1.6982 -9.2544 0.0000 0.0000 0.0000
-0.7690 2.1695 -8.6371 0.0000 0.0000 0.0000
-0.1052 1.9295 -8.6363 0.0000 0.0000 0.0000
-0.5079 2.1104 -8.7142 0.0000 0.0000 0.0000
-0.2460 2.3077 -9.1655 0.0000 0.0000 0.0000
-0.8132 1.6893 -8.2192 0.0000 0.0000 0.0000
-0.6468 1.9138 -7.8432 0.0000 0.0000 0.0000
-0.1396 1.7393 -8.0071 0.0000 0.0000 0.0000
-0.4619 2.0832 -8.1099 0.0000 0.0000 0.0000
-0.8081 1.6356 -7.9622 0.0000 0.0000 0.0000
-0.3973 1.9882 -7.6970 0.0000 0.0000 0.0000
-0.2856 1.6818 -8.1133 0.0000 0.0000 0.0000
-0.4151 1.6375 -8.1638 0.0000 0.0000 0.0000
-0.5889 1.8136 -6.6229 0.0000 0.0000 0.0000
-0.6275 2.1662 -7.2908 0.0000 0.0000 0.0000
-0.5834 1.6990 -6.8613 0.0000 0.0000 0.0000
-0.1782 2.3282 -7.2562 0.0000 0.0000 0.0000
-0.3146 1.7834 -6.8920 0.0000 0.0000 0.0000
-0.4795 2.2727 -7.0458 0.0000 0.0000 0.0000
-0.8057 2.0921 -7.3269 0.0000 0.0000 0.0000
-0.6378 1.9920 -6.9930 0.0000 0.0000 0.0000
-0.4663 2.3910 -6.3169 0.0000 0.0000 0.0000
-0.6291 1.9661 -6.2299 0.0000 0.0000 0.0000
-0.5554 2.3303 -5.8023 0.0000 0.0000 0.0000
-0.6478 1.6531 -5.7850 0.0000 0.0000 0.0000
-0.6179 2.3339 -6.2147 0.0000 0.0000 0.0000
-0.6191 1.9746 -6.0625 0.0000 0.0000 0.0000
-0.7518 2.3878 -6.1798 0.0000 0.0000 0.0000
-0.5116 2.0541 -5.6406 0.0000 0.0000 0.0000
-0.7990 2.2946 -5.1165 0.0000 0.0000 0.0000
-0.1172 2.0263 -4.7168 0.0000 0.0000 0.0000
-0.3424 1.7413 -4.9735 0.0000 0.0000 0.0000
-0.3233 2.1452 -4.7085 0.0000 0.0000 0.0000
-0.2954 2.3120 -4.7011 0.0000 0.0000 0.0000
-0.8401 1.8517 -4.9579 0.0000 0.0000 0.0000
-0.4254 2.1390 -5.0244 0.0000 0.0000 0.0000
-0.6191 2.2268 -5.2761 0.0000 0.0000 0.0000
-0.1691 2.2683 -3.6928 0.0000 0.0000 0.0000
-0.2816 2.2397 -3.8272 0.0000 0.0000 0.0000
-0.7161 1.7731 -3.7255 0.0000 0.0000 0.0000
-0.3039 1.6376 -4.3771 0.0000 0.0000 0.0000
-0.4612 1.7293 -4.0305 0.0000 0.0000 0.0000
-0.3343 1.9807 -3.7647 0.0000 0.0000 0.0000
-0.7785 1.9399 -3.6355 0.0000 0.0000 0.0000
-0.6756 1.6034 -4.0958 0.0000 0.0000 0.0000
-0.7394 1.8307 -2.9811 0.0000 0.0000 0.0000
-0.3998 2.1908 -2.6957 0.0000 0.0000 0.0000
-0.8284 1.6355 -3.0912 0.0000 0.0000 0.0000
-0.2162 1.6382 -2.7314 0.0000 0.0000 0.0000
-0.4632 2.0795 -2.6579 0.0000 0.0000 0.0000
-0.1169 1.7003 -3.2491 0.0000 0.0000 0.0000
-0.1471 2.3627 -3.0186 0.0000 0.0000 0.0000
-0.8880 1.9225 -3.0374 0.0000 0.0000 0.0000
0.5996 -6.9652 -12.2680 0.0000 0.0000 0.0000
0.8874 -6.9000 -12.1184 0.0000 0.0000 0.0000
0.2736 -7.3256 -12.2793 0.0000 0.0000 0.0000
0.5512 -6.7201 -11.9290 0.0000 0.0000 0.0000
0.3345 -6.7712 -12.3902 0.0000 0.0000 0.0000
0.8238 -7.3173 -12.0874 0.0000 0.0000 0.0000
0.6757 -7.2061 -11.7343 0.0000 0.0000 0.0000
0.6190 -6.7449 -12.0563 0.0000 0.0000 0.0000
0.1795 -6.8581 -10.9646 0.0000 0.0000 0.0000
0.5970 -7.1469 -11.0755 0.0000 0.0000 0.0000
0.3539 -6.6154 -10.6980 0.0000 0.0000 0.0000
0.8403 -7.1729 -10.8204 0.0000 0.0000 0.0000
0.3232 -6.8045 -11.3494 0.0000 0.0000 0.0000
0.6542 -6.7162 -10.9534 0.0000 0.0000 0.0000
0.3046 -7.3309 -11.3450 0.0000 0.0000 0.0000
0.6678 -7.1819 -10.8212 0.0000 0.0000 0.0000
0.5114 -6.6503 -9.9214 0.0000 0.0000 0.0000
0.4380 -7.1345 -9.7114 0.0000 0.0000 0.0000
0.8940 -6.9400 -10.2375 0.0000 0.0000 0.0000
0.2132 -6.7915 -10.2966 0.0000 0.0000 0.0000
0.7360 -6.6931 -9.8877 0.0000 0.0000 0.0000
0.8985 -7.1257 -9.9481 0.0000 0.0000 0.0000
0.8894 -6.7069 -10.0531 0.0000 0.0000 0.0000
0.8178 -7.0495 -9.9028 0.0000 0.0000 0.0000
0.1218 -7.2312 -9.0996 0.0000 0.0000 0.0000
0.7133 -7.1430 -9.3612 0.0000 0.0000 0.0000
0.4208 -7.3716 -9.0368 0.0000 0.0000 0.0000
0.6609 -7.2817 -8.7731 0.0000 0.0000 0.0000
0.4742 -7.0498 -8.7677 0.0000 0.0000 0.0000
0.8973 -6.8821 -8.9392 0.0000 0.0000 0.0000
0.2748 -7.1018 -9.1685 0.0000 0.0000 0.0000
0.8250 -6.9196 -9.1864 0.0000 0.0000 0.0000
0.5651 -6.9137 -8.0271 0.0000 0.0000 0.0000
0.7826 -7.2433 -7.9849 0.0000 0.0000 0.0000
0.8457 -6.7757 -8.3995 0.0000 0.0000 0.0000
0.2876 -6.9508 -7.9243 0.0000 0.0000 0.0000
0.8193 -6.9311 -8.0436 0.0000 0.0000 0.0000
0.3817 -6.7393 -7.8663 0.0000 0.0000 0.0000
0.8753 -7.1860 -7.9055 0.0000 0.0000 0.0000
0.3297 -7.2188 -8.0758 0.0000 0.0000 0.0000
0.4774 -7.0197 -7.0578 0.0000 0.0000 0.0000
0.6794 -7.3530 -6.8837 0.0000 0.0000 0.0000
0.3175 -7.1794 -6.8592 0.0000 0.0000 0.0000
0.4310 -7.3868 -7.1543 0.0000 0.0000 0.0000
0.5385 -7.3193 -6.8460 0.0000 0.0000 0.0000
0.4811 -7.2647 -6.8634 0.0000 0.0000 0.0000
0.8213 -6.9187 -6.7585 0.0000 0.0000 0.0000
0.6526 -7.1994 -6.7542 0.0000 0.0000 0.0000
0.2959 -6.7444 -6.2078 0.0000 0.0000 0.0000
0.7495 -6.9149 -5.9947 0.0000 0.0000 0.0000
0.5199 -7.0801 -6.0597 0.0000 0.0000 0.0000
0.8839 -7.3159 -6.1134 0.0000 0.0000 0.0000
0.2898 -7.2119 -5.9522 0.0000 0.0000 0.0000
0.4928 -7.0529 -6.0187 0.0000 0.0000 0.0000
0.5795 -7.0720 -5.9258 0.0000 0.0000 0.0000
0.5398 -6.6248 -6.3864 0.0000 0.0000 0.0000
0.7738 -6.8867 -4.9067 0.0000 0.0000 0.0000
0.5554 -7.0007 -4.9942 0.0000 0.0000 0.0000
0.3076 -6.9225 -4.9785 0.0000 0.0000 0.0000
0.3926 -6.7907 -4.7926 0.0000 0.0000 0.0000
0.3398 -6.9002 -5.1811 0.0000 0.0000 0.0000
0.8027 -7.0246 -4.7972 0.0000 0.0000 0.0000
0.8965 -6.9347 -4.6830 0.0000 0.0000 0.0000
0.3888 -7.1218 -5.3978 0.0000 0.0000 0.0000
0.1513 -7.3176 -3.8303 0.0000 0.0000 0.0000
0.2525 -7.2655 -3.7188 0.0000 0.0000 0.0000
0.3635 -6.6104 -4.2461 0.0000 0.0000 0.0000
0.8948 -6.6584 -3.7285 0.0000 0.0000 0.0000
0.6478 -6.9735 -3.7711 0.0000 0.0000 0.0000
0.8740 -6.6293 -3.8285 0.0000 0.0000 0.0000
0.5939 -6.6746 -3.8086 0.0000 0.0000 0.0000
0.4071 -6.7869 -4.1809 0.0000 0.0000 0.0000
0.2460 -7.3167 -3.0933 0.0000 0.0000 0.0000
0.1886 -7.0771 -2.7515 0.0000 0.0000 0.0000
0.1397 -7.2822 -3.0118 0.0000 0.0000 0.0000
0.3382 -6.9041 -2.9638 0.0000 0.0000 0.0000
0.6316 -6.6462 -3.0623 0.0000 0.0000 0.0000
0.5023 -7.3714 -2.7779 0.0000 0.0000 0.0000
0.6240 -6.8873 -3.2829 0.0000 0.0000 0.0000
0.4880 -7.2529 -2.9071 0.0000 0.0000 0.0000
0.6804 -5.7315 -12.2771 0.0000 0.0000 0.0000
0.2862 -6.3761 -11.9359 0.0000 0.0000 0.0000
0.1913 -5.8609 -11.8463 0.0000 0.0000 0.0000
0.5567 -6.3408 -11.7973 0.0000 0.0000 0.0000
0.1288 -5.9611 -11.7256 0.0000 0.0000 0.0000
0.1864 -6.0854 -12.3068 0.0000 0.0000 0.0000
0.1842 -5.7123 -12.0818 0.0000 0.0000 0.0000
0.3975 -6.1839 -11.8151 0.0000 0.0000 0.0000
0.5015 -6.1599 -10.8012 0.0000 0.0000 0.0000
0.5195 -6.1287 -10.8554 0.0000 0.0000 0.0000
0.2610 -6.2213 -11.1743 0.0000 0.0000 0.0000
0.1947 -5.8113 -11.1331 0.0000 0.0000 0.0000
0.5015 -5.7469 -10.7514 0.0000 0.0000 0.0000
0.7459 -5.9594 -10.9310 0.0000 0.0000 0.0000
0.2198 -6.0538 -11.2643 0.0000 0.0000 0.0000
0.4237 -5.8282 -10.9917 0.0000 0.0000 0.0000
0.6139 -6.2833 -10.0372 0.0000 0.0000 0.0000
0.8791 -6.1700 -9.8667 0.0000 0.0000 0.0000
0.1241 -5.6369 -9.7675 0.0000 0.0000 0.0000
0.7893 -5.8941 -10.0431 0.0000 0.0000 0.0000
0.2563 -6.3929 -10.0046 0.0000 0.0000 0.0000
0.3755 -5.9152 -9.6356 0.0000 0.0000 0.0000
0.3964 -6.1270 -9.9601 0.0000 0.0000 0.0000
0.3117 -6.2729 -9.6812 0.0000 0.0000 0.0000
0.5494 -6.3986 -9.1907 0.0000 0.0000 0.0000
0.8834 -6.2427 -8.9088 0.0000 0.0000 0.0000
0.1484 -5.8493 -9.2146 0.0000 0.0000 0.0000
0.1845 -6.1880 -9.0183 0.0000 0.0000 0.0000
0.3034 -5.6214 -8.8719 0.0000 0.0000 0.0000
0.4654 -6.3908 -9.2641 0.0000 0.0000 0.0000
0.3783 -6.0222 -8.7088 0.0000 0.0000 0.0000
0.3793 -5.7358 -9.2313 0.0000 0.0000 0.0000
0.8793 -6.0996 -7.9402 0.0000 0.0000 0.0000
0.3205 -5.6814 -8.3706 0.0000 0.0000 0.0000
0.7366 -5.9228 -7.7830 0.0000 0.0000 0.0000
0.8870 -6.1784 -7.7452 0.0000 0.0000 0.0000
0.4594 -5.7298 -8.1245 0.0000 0.0000 0.0000
0.3208 -6.3528 -8.0331 0.0000 0.0000 0.0000
0.3858 -5.8819 -8.1534 0.0000 0.0000 0.0000
0.8018 -5.8244 -8.0427 0.0000 0.0000 0.0000
0.1373 -6.1875 -7.1357 0.0000 0.0000 0.0000
0.1494 -6.2396 -7.0737 0.0000 0.0000 0.0000
0.6552 -5.6983 -7.0830 0.0000 0.0000 0.0000
0.6730 -5.8634 -7.3877 0.0000 0.0000 0.0000
0.6350 -6.0169 -6.6463 0.0000 0.0000 0.0000
0.1041 -5.6376 -7.3833 0.0000 0.0000 0.0000
0.2226 -6.0485 -6.7795 0.0000 0.0000 0.0000
0.7478 -6.1964 -6.7979 0.0000 0.0000 0.0000
0.4788 -5.6128 -5.9764 0.0000 0.0000 0.0000
0.3221 -6.2481 -5.7233 0.0000 0.0000 0.0000
0.2771 -5.8775 -5.8980 0.0000 0.0000 0.0000
0.3295 -6.1866 -6.1806 0.0000 0.0000 0.0000
0.7610 -5.7700 -6.2115 0.0000 0.0000 0.0000
0.3805 -6.0276 -5.6709 0.0000 0.0000 0.0000
0.6407 -5.9311 -5.8893 0.0000 0.0000 0.0000
0.6043 -6.3077 -6.1827 0.0000 0.0000 0.0000
0.2142 -5.8331 -4.9785 0.0000 0.0000 0.0000
0.1091 -5.7813 -4.6079 0.0000 0.0000 0.0000
0.1183 -5.7162 -4.9629 0.0000 0.0000 0.0000
0.8365 -6.2390 -5.1084 0.0000 0.0000 0.0000
0.4897 -6.2335 -4.9125 0.0000 0.0000 0.0000
0.7367 -5.8656 -5.3801 0.0000 0.0000 0.0000
0.4225 -6.2292 -5.2602 0.0000 0.0000 0.0000
0.8172 -6.2005 -5.3812 0.0000 0.0000 0.0000
0.1371 -5.7724 -4.0387 0.0000 0.0000 0.0000
0.5960 -6.1650 -3.7107 0.0000 0.0000 0.0000
0.6048 -5.6318 -4.1238 0.0000 0.0000 0.0000
0.1834 -5.7438 -4.0804 0.0000 0.0000 0.0000
0.1547 -6.2750 -3.8681 0.0000 0.0000 0.0000
0.3535 -6.0535 -4.2134 0.0000 0.0000 0.0000
0.8958 -6.2357 -4.2372 0.0000 0.0000 0.0000
0.4595 -5.9337 -3.6664 0.0000 0.0000 0.0000
0.1537 -5.7903 -2.7340 0.0000 0.0000 0.0000
0.1382 -6.3989 -2.7358 0.0000 0.0000 0.0000
0.6469 -6.1389 -3.0925 0.0000 0.0000 0.0000
0.5303 -6.0994 -2.7865 0.0000 0.0000 0.0000
0.3955 -5.6449 -3.0605 0.0000 0.0000 0.0000
0.8989 -5.7951 -3.3643 0.0000 0.0000 0.0000
0.7804 -6.1142 -3.3401 0.0000 0.0000 0.0000
0.6265 -6.2226 -3.2287 0.0000 0.0000 0.0000
0.5971 -5.3367 -11.9003 0.0000 0.0000 0.0000
0.4255 -5.0943 -11.9418 0.0000 0.0000 0.0000
0.1414 -4.8177 -11.7622 0.0000 0.0000 0.0000
0.2215 -5.3982 -12.2741 0.0000 0.0000 0.0000
0.5991 -5.3471 -11.8193 0.0000 0.0000 0.0000
0.2967 -4.6547 -12.0540 0.0000 0.0000 0.0000
0.4097 -5.2536 -11.9911 0.0000 0.0000 0.0000
0.1477 -5.2995 -11.7138 0.0000 0.0000 0.0000
0.8039 -4.8438 -11.0642 0.0000 0.0000 0.0000
0.1032 -4.9129 -10.7819 0.0000 0.0000 0.0000
0.8295 -5.0319 -11.3807 0.0000 0.0000 0.0000
0.3252 -4.7511 -11.3340 0.0000 0.0000 0.0000
0.8387 -5.2881 -10.6777 0.0000 0.0000 0.0000
0.4367 -4.6960 -11.1229 0.0000 0.0000 0.0000
0.6699 -5.2810 -11.2135 0.0000 0.0000 0.0000
0.1153 -5.0006 -11.3719 0.0000 0.0000 0.0000
0.1303 -5.0494 -10.3875 0.0000 0.0000 0.0000
0.4434 -4.9378 -10.1637 0.0000 0.0000 0.0000
0.5525 -5.1362 -9.7798 0.0000 0.0000 0.0000
0.4506 -4.7032 -10.1404 0.0000 0.0000 0.0000
0.2098 -4.7472 -9.8493 0.0000 0.0000 0.0000
0.7197 -5.1954 -10.3680 0.0000 0.0000 0.0000
0.2804 -4.7409 -9.6528 0.0000 0.0000 0.0000
0.8467 -5.2272 -10.1779 0.0000 0.0000 0.0000
0.4745 -5.1357 -8.9507 0.0000 0.0000 0.0000
0.4921 -5.3227 -9.1223 0.0000 0.0000 0.0000
0.8409 -4.7771 -9.0497 0.0000 0.0000 0.0000
0.4445 -4.8226 -8.9916 0.0000 0.0000 0.0000
0.2896 -4.9087 -9.1981 0.0000 0.0000 0.0000
0.6251 -5.3089 -9.3521 0.0000 0.0000 0.0000
0.1733 -5.1573 -8.8447 0.0000 0.0000 0.0000
0.4560 -5.3488 -8.8343 0.0000 0.0000 0.0000
0.8675 -5.1536 -7.9653 0.0000 0.0000 0.0000
0.3200 -5.3400 -8.3081 0.0000 0.0000 0.0000
0.8554 -5.3817 -8.3913 0.0000 0.0000 0.0000
0.7981 -5.2058 -8.2219 0.0000 0.0000 0.0000
0.2642 -5.2212 -7.8071 0.0000 0.0000 0.0000
0.3532 -4.9759 -8.3278 0.0000 0.0000 0.0000
0.4946 -5.2657 -7.7973 0.0000 0.0000 0.0000
0.6704 -5.2603 -7.7186 0.0000 0.0000 0.0000
0.7465 -5.2521 -6.9454 0.0000 0.0000 0.0000
0.1044 -4.8984 -7.2301 0.0000 0.0000 0.0000
0.2022 -5.1206 -7.0241 0.0000 0.0000 0.0000
0.2606 -5.1987 -6.9579 0.0000 0.0000 0.0000
0.7845 -4.6349 -6.6065 0.0000 0.0000 0.0000
0.1413 -4.7987 -7.2246 0.0000 0.0000 0.0000
0.4583 -5.1699 -6.7599 0.0000 0.0000 0.0000
0.2352 -5.2824 -6.9881 0.0000 0.0000 0.0000
0.2513 -4.7108 -6.0902 0.0000 0.0000 0.0000
0.4096 -4.7669 -6.1479 0.0000 0.0000 0.0000
0.1955 -4.9363 -6.3563 0.0000 0.0000 0.0000
0.7007 -5.3859 -5.6021 0.0000 0.0000 0.0000
0.2219 -4.8841 -6.1289 0.0000 0.0000 0.0000
0.1340 -4.6507 -5.9618 0.0000 0.0000 0.0000
0.5745 -5.0368 -5.8391 0.0000 0.0000 0.0000
0.8583 -5.0996 -5.8091 0.0000 0.0000 0.0000
0.5301 -5.3028 -4.6357 0.0000 0.0000 0.0000
0.5930 -5.0859 -5.1574 0.0000 0.0000 0.0000
0.7454 -4.8225 -5.2695 0.0000 0.0000 0.0000
0.7571 -4.9490 -4.8211 0.0000 0.0000 0.0000
0.6006 -5.3997 -5.2270 0.0000 0.0000 0.0000
0.7107 -5.1932 -4.6688 0.0000 0.0000 0.0000
0.5758 -4.7936 -4.6112 0.0000 0.0000 0.0000
0.8329 -5.2018 -5.0455 0.0000 0.0000 0.0000
0.3773 -4.8078 -3.9295 0.0000 0.0000 0.0000
0.7033 -5.0692 -4.3955 0.0000 0.0000 0.0000
0.7515 -5.3086 -4.1639 0.0000 0.0000 0.0000
0.7585 -5.2935 -4.0834 0.0000 0.0000 0.0000
0.3509 -4.7174 -3.7906 0.0000 0.0000 0.0000
0.1609 -5.3437 -3.9747 0.0000 0.0000 0.0000
0.3669 -4.8553 -4.0003 0.0000 0.0000 0.0000
0.1280 -5.0997 -4.1973 0.0000 0.0000 0.0000
0.8486 -5.0766 -2.8519 0.0000 0.0000 0.0000
0.8910 -5.3601 -2.6180 0.0000 0.0000 0.0000
0.2705 -5.2942 -2.9143 0.0000 0.0000 0.0000
0.2371 -4.8696 -2.9342 0.0000 0.0000 0.0000
0.1839 -4.8418 -2.8719 0.0000 0.0000 0.0000
0.6661 -5.2470 -2.7449 0.0000 0.0000 0.0000
0.3848 -4.8512 -3.3950 0.0000 0.0000 0.0000
0.8133 -4.8675 -3.3532 0.0000 0.0000 0.0000
0.6223 -4.3336 -12.0509 0.0000 0.0000 0.0000
0.2930 -3.7658 -12.0524 0.0000 0.0000 0.0000
0.7870 -4.2492 -11.9689 0.0000 0.0000 0.0000
0.6653 -4.1312 -11.6063 0.0000 0.0000 0.0000
0.8287 -4.2431 -11.6200 0.0000 0.0000 0.0000
0.7342 -3.7073 -12.1646 0.0000 0.0000 0.0000
0.8661 -3.7382 -12.2629 0.0000 0.0000 0.0000
0.2862 -4.0282 -12.2755 0.0000 0.0000 0.0000
0.2237 -3.9952 -10.8741 0.0000 0.0000 0.0000
0.5464 -4.3918 -10.8613 0.0000 0.0000 0.0000
0.4611 -4.1489 -11.1217 0.0000 0.0000 0.0000
0.4837 -4.0689 -11.1396 0.0000 0.0000 0.0000
0.5742 -3.8017 -10.7492 0.0000 0.0000 0.0000
0.8217 -3.7929 -11.2132 0.0000 0.0000 0.0000
0.1209 -3.7887 -11.3984 0.0000 0.0000 0.0000
0.6976 -4.0328 -11.2965 0.0000 0.0000 0.0000
0.4299 -3.8539 -10.3288 0.0000 0.0000 0.0000
0.3455 -4.0605 -9.8033 0.0000 0.0000 0.0000
0.5715 -3.6908 -9.9588 0.0000 0.0000 0.0000
0.3979 -3.7036 -9.8339 0.0000 0.0000 0.0000
0.7176 -3.8938 -9.6302 0.0000 0.0000 0.0000
0.6092 -4.0617 -9.9807 0.0000 0.0000 0.0000
0.2138 -3.7666 -10.2721 0.0000 0.0000 0.0000
0.5378 -4.3909 -10.3675 0.0000 0.0000 0.0000
0.2935 -4.2329 -8.9427 0.0000 0.0000 0.0000
0.8725 -4.1630 -8.6775 0.0000 0.0000 0.0000
0.6241 -4.3212 -8.8383 0.0000 0.0000 0.0000
0.2619 -4.1071 -8.6619 0.0000 0.0000 0.0000
0.5765 -3.6719 -8.8644 0.0000 0.0000 0.0000
0.2311 -4.1214 -8.6967 0.0000 0.0000 0.0000
0.8562 -4.3042 -9.2069 0.0000 0.0000 0.0000
0.6798 -3.8346 -9.0504 0.0000 0.0000 0.0000
0.1340 -4.0369 -7.7457 0.0000 0.0000 0.0000
0.1307 -3.9918 -8.1451 0.0000 0.0000 0.0000
0.2782 -3.7323 -8.0705 0.0000 0.0000 0.0000
0.4340 -4.2364 -8.0698 0.0000 0.0000 0.0000
0.4351 -3.6726 -8.0450 0.0000 0.0000 0.0000
0.8108 -4.3452 -8.2814 0.0000 0.0000 0.0000
0.2672 -4.1622 -7.7961 0.0000 0.0000 0.0000
0.7311 -3.8257 -8.2456 0.0000 0.0000 0.0000
0.7514 -4.2328 -6.9773 0.0000 0.0000 0.0000
0.8755 -4.3268 -7.3735 0.0000 0.0000 0.0000
0.1149 -3.7601 -7.3279 0.0000 0.0000 0.0000
0.4735 -4.2610 -7.2430 0.0000 0.0000 0.0000
0.2219 -4.1321 -6.6961 0.0000 0.0000 0.0000
0.4041 -3.8780 -7.3485 0.0000 0.0000 0.0000
0.6823 -3.6179 -6.6731 0.0000 0.0000 0.0000
0.2179 -4.2681 -7.1303 0.0000 0.0000 0.0000
0.3248 -4.3976 -6.1897 0.0000 0.0000 0.0000
0.8775 -3.8669 -6.0775 0.0000 0.0000 0.0000
0.1711 -3.6165 -5.8652 0.0000 0.0000 0.0000
0.8641 -4.3063 -6.2206 0.0000 0.0000 0.0000
0.7685 -3.6406 -6.2899 0.0000 0.0000 0.0000
0.8148 -4.1439 -6.3294 0.0000 0.0000 0.0000
0.7144 -4.1398 -5.8983 0.0000 0.0000 0.0000
0.3101 -4.2322 -6.0183 0.0000 0.0000 0.0000
0.3446 -4.2033 -5.3273 0.0000 0.0000 0.0000
0.1393 -4.1015 -4.6983 0.0000 0.0000 0.0000
0.5888 -4.0872 -5.2911 0.0000 0.0000 0.0000
0.2594 -3.7779 -4.6560 0.0000 0.0000 0.0000
0.6441 -4.1465 -4.9181 0.0000 0.0000 0.0000
0.3041 -4.1366 -5.0902 0.0000 0.0000 0.0000
0.1015 -4.1928 -4.8881 0.0000 0.0000 0.0000
0.5055 -4.0874 -4.8152 0.0000 0.0000 0.0000
0.3128 -4.0339 -3.8247 0.0000 0.0000 0.0000
0.2336 -3.7554 -4.0393 0.0000 0.0000 0.0000
0.3130 -4.3746 -4.0064 0.0000 0.0000 0.0000
0.3354 -3.6739 -4.0076 0.0000 0.0000 0.0000
0.7410 -3.7552 -4.2993 0.0000 0.0000 0.0000
0.3612 -3.9413 -3.7413 0.0000 0.0000 0.0000
0.5522 -3.9880 -4.2552 0.0000 0.0000 0.0000
0.2019 -3.8512 -4.1838 0.0000 0.0000 0.0000
0.5760 -4.1540 -2.7568 0.0000 0.0000 0.0000
0.7684 -4.3762 -2.9240 0.0000 0.0000 0.0000
0.1749 -4.3490 -3.0613 0.0000 0.0000 0.0000
0.4813 -4.1750 -3.0279 0.0000 0.0000 0.0000
0.6847 -3.6628 -2.6509 0.0000 0.0000 0.0000
0.6532 -4.0749 -2.8595 0.0000 0.0000 0.0000
0.6414 -3.7945 -3.3838 0.0000 0.0000 0.0000
0.8925 -3.8129 -2.6119 0.0000 0.0000 0.0000
0.5768 -2.9355 -12.2732 0.0000 0.0000 0.0000
0.8417 -2.8537 -11.6385 0.0000 0.0000 0.0000
0.3859 -3.2240 -11.7749 0.0000 0.0000 0.0000
0.5691 -3.2085 -12.2822 0.0000 0.0000 0.0000
0.3236 -3.3274 -11.6700 0.0000 0.0000 0.0000
0.7688 -3.0622 -11.9616 0.0000 0.0000 0.0000
0.2444 -3.0749 -12.1208 0.0000 0.0000 0.0000
0.4914 -2.6796 -12.3625 0.0000 0.0000 0.0000
0.1995 -3.0680 -10.6966 0.0000 0.0000 0.0000
0.3837 -2.8468 -11.0538 0.0000 0.0000 0.0000
0.1350 -2.8553 -11.0530 0.0000 0.0000 0.0000
0.6903 -2.7489 -10.9717 0.0000 0.0000 0.0000
0.6275 -2.8856 -10.6624 0.0000 0.0000 0.0000
0.7127 -3.3680 -11.2700 0.0000 0.0000 0.0000
0.3488 -2.8712 -10.9731 0.0000 0.0000 0.0000
0.6350 -2.9513 -11.3318 0.0000 0.0000 0.0000
0.7004 -3.2750 -10.2352 0.0000 0.0000 0.0000
0.8013 -3.1385 -9.9298 0.0000 0.0000 0.0000
0.6488 -2.8847 -10.0953 0.0000 0.0000 0.0000
0.6405 -3.3238 -9.8888 0.0000 0.0000 0.0000
0.8074 -3.0646 -9.9316 0.0000 0.0000 0.0000
0.8453 -3.2441 -10.3716 0.0000 0.0000 0.0000
0.4235 -3.1082 -10.0246 0.0000 0.0000 0.0000
0.1820 -3.2806 -10.2899 0.0000 0.0000 0.0000
0.4113 -2.9818 -8.7268 0.0000 0.0000 0.0000
0.3585 -3.1849 -9.2662 0.0000 0.0000 0.0000
0.3259 -3.0710 -8.8209 0.0000 0.0000 0.0000
0.7714 -2.6196 -8.7821 0.0000 0.0000 0.0000
0.2433 -2.6007 -8.8929 0.0000 0.0000 0.0000
0.3775 -3.1691 -9.3432 0.0000 0.0000 0.0000
0.1565 -3.0544 -9.0547 0.0000 0.0000 0.0000
0.3316 -3.0011 -9.3385 0.0000 0.0000 0.0000
0.2861 -3.1961 -7.8605 0.0000 0.0000 0.0000
0.8623 -3.3474 -7.7809 0.0000 0.0000 0.0000
0.3178 -2.7588 -8.3402 0.0000 0.0000 0.0000
0.4358 -3.0078 -8.3352 0.0000 0.0000 0.0000
0.8961 -3.3497 -8.3577 0.0000 0.0000 0.0000
0.6751 -3.1652 -7.8077 0.0000 0.0000 0.0000
0.2377 -3.2865 -8.2030 0.0000 0.0000 0.0000
0.1646 -3.0631 -8.2928 0.0000 0.0000 0.0000
0.8357 -2.6136 -6.6181 0.0000 0.0000 0.0000
0.7084 -3.1225 -7.2873 0.0000 0.0000 0.0000
0.7026 -2.7202 -7.3888 0.0000 0.0000 0.0000
0.1884 -2.6022 -6.8054 0.0000 0.0000 0.0000
0.7459 -3.1985 -7.1150 0.0000 0.0000 0.0000
0.3500 -2.6837 -7.0004 0.0000 0.0000 0.0000
0.2784 -3.0189 -7.0388 0.0000 0.0000 0.0000
0.5730 -2.7205 -7.1463 0.0000 0.0000 0.0000
0.2687 -2.6805 -6.2059 0.0000 0.0000 0.0000
0.4618 -3.1515 -6.0391 0.0000 0.0000 0.0000
0.7768 -3.2440 -5.8649 0.0000 0.0000 0.0000
0.3250 -3.3720 -6.0298 0.0000 0.0000 0.0000
0.1327 -2.7182 -5.9597 0.0000 0.0000 0.0000
0.5133 -2.7210 -5.6650 0.0000 0.0000 0.0000
0.6867 -2.9762 -5.6509 0.0000 0.0000 0.0000
0.1060 -3.1201 -5.9085 0.0000 0.0000 0.0000
0.3332 -3.3092 -5.3304 0.0000 0.0000 0.0000
0.1952 -3.1588 -4.9909 0.0000 0.0000 0.0000
0.2749 -3.0870 -5.2312 0.0000 0.0000 0.0000
0.8657 -3.2802 -4.6622 0.0000 0.0000 0.0000
0.5486 -2.7813 -4.7989 0.0000 0.0000 0.0000
0.8389 -3.1343 -4.9978 0.0000 0.0000 0.0000
0.7448 -3.0263 -5.1256 0.0000 0.0000 0.0000
0.5554 -3.0902 -5.3891 0.0000 0.0000 0.0000
0.6388 -3.0652 -3.8731 0.0000 0.0000 0.0000
0.2838 -3.2358 -3.7011 0.0000 0.0000 0.0000
0.7198 -2.8582 -3.7440 0.0000 0.0000 0.0000
0.1552 -2.6728 -4.2063 0.0000 0.0000 0.0000
0.1444 -2.8685 -4.0448 0.0000 0.0000 0.0000
0.4662 -2.8351 -4.3048 0.0000 0.0000 0.0000
0.4428 -3.2292 -4.0281 0.0000 0.0000 0.0000
0.4410 -2.8785 -4.3741 0.0000 0.0000 0.0000
0.1557 -3.1169 -3.1745 0.0000 0.0000 0.0000
0.7877 -2.9500 -3.3151 0.0000 0.0000 0.0000
0.6303 -2.6830 -2.9726 0.0000 0.0000 0.0000
0.1879 -3.1320 -3.0597 0.0000 0.0000 0.0000
0.1610 -3.0436 -2.9023 0.0000 0.0000 0.0000
0.7154 -3.2432 -3.1334 0.0000 0.0000 0.0000
0.2099 -3.3244 -3.3697 0.0000 0.0000 0.0000
0.7180 -2.7981 -3.2707 0.0000 0.0000 0.0000
0.1492 -2.2626 -11.9154 0.0000 0.0000 0.0000
0.2638 -1.6989 -11.7510 0.0000 0.0000 0.0000
0.8510 -2.0122 -11.7054 0.0000 0.0000 0.0000
0.1955 -2.0697 -11.7258 0.0000 0.0000 0.0000
0.2287 -1.8696 -11.9922 0.0000 0.0000 0.0000
0.3138 -1.9026 -12.2825 0.0000 0.0000 0.0000
0.7512 -2.0822 -11.8064 0.0000 0.0000 0.0000
0.3138 -1.7759 -12.2262 0.0000 0.0000 0.0000
0.8592 -2.1881 -10.6157 0.0000 0.0000 0.0000
0.6667 -1.7218 -10.8101 0.0000 0.0000 0.0000
0.4369 -1.9578 -10.9714 0.0000 0.0000 0.0000
0.4564 -1.9088 -10.9060 0.0000 0.0000 0.0000
0.7590 -2.3161 -10.6921 0.0000 0.0000 0.0000
0.3335 -1.9567 -10.6457 0.0000 0.0000 0.0000
0.2277 -1.8208 -10.8202 0.0000 0.0000 0.0000
0.2583 -2.1477 -11.1075 0.0000 0.0000 0.0000
0.8059 -1.8841 -10.2499 0.0000 0.0000 0.0000
0.6563 -1.9535 -9.6615 0.0000 0.0000 0.0000
0.5628 -1.7308 -9.9012 0.0000 0.0000 0.0000
0.6530 -1.8740 -10.0676 0.0000 0.0000 0.0000
0.6130 -1.7397 -10.0706 0.0000 0.0000 0.0000
0.4021 -2.0932 -10.1041 0.0000 0.0000 0.0000
0.6929 -2.3519 -9.9512 0.0000 0.0000 0.0000
0.3217 -1.6464 -10.2756 0.0000 0.0000 0.0000
0.7938 -2.2737 -9.3339 0.0000 0.0000 0.0000
0.8512 -2.0048 -9.2050 0.0000 0.0000 0.0000
0.8043 -2.2514 -8.7521 0.0000 0.0000 0.0000
0.6883 -1.6585 -9.0319 0.0000 0.0000 0.0000
0.4812 -2.1347 -8.6071 0.0000 0.0000 0.0000
0.6876 -2.0076 -8.7346 0.0000 0.0000 0.0000
0.1931 -2.1799 -8.9721 0.0000 0.0000 0.0000
0.5212 -2.0102 -9.3585 0.0000 0.0000 0.0000
0.7150 -1.8198 -8.1627 0.0000 0.0000 0.0000
0.6200 -2.1914 -7.7812 0.0000 0.0000 0.0000
0.4703 -1.9569 -7.8495 0.0000 0.0000 0.0000
0.8578 -1.9038 -7.7695 0.0000 0.0000 0.0000
0.2179 -1.6516 -7.6185 0.0000 0.0000 0.0000
0.5794 -2.2822 -7.8241 0.0000 0.0000 0.0000
0.7559 -1.7169 -8.1372 0.0000 0.0000 0.0000
0.7873 -2.2562 -7.6855 0.0000 0.0000 0.0000
0.1377 -1.8411 -7.3081 0.0000 0.0000 0.0000
0.4609 -2.1519 -6.7294 0.0000 0.0000 0.0000
0.6861 -1.9379 -7.2300 0.0000 0.0000 0.0000
0.7853 -2.3092 -7.0206 0.0000 0.0000 0.0000
0.8053 -1.7205 -6.9798 0.0000 0.0000 0.0000
0.5339 -1.9010 -7.0520 0.0000 0.0000 0.0000
0.3749 -2.3748 -6.9625 0.0000 0.0000 0.0000
0.1396 -2.0668 -7.2132 0.0000 0.0000 0.0000
0.6159 -1.9693 -6.3211 0.0000 0.0000 0.0000
0.8144 -1.8190 -6.1917 0.0000 0.0000 0.0000
0.1390 -1.6917 -5.9660 0.0000 0.0000 0.0000
0.4972 -1.7788 -5.6855 0.0000 0.0000 0.0000
0.3929 -1.9310 -5.7859 0.0000 0.0000 0.0000
0.2720 -1.6363 -6.2185 0.0000 0.0000 0.0000
0.8893 -1.7318 -5.9514 0.0000 0.0000 0.0000
0.7265 -2.3970 -6.2285 0.0000 0.0000 0.0000
0.5884 -2.0420 -4.7005 0.0000 0.0000 0.0000
0.2769 -2.2991 -5.0241 0.0000 0.0000 0.0000
0.7970 -2.0525 -5.1979 0.0000 0.0000 0.0000
0.5201 -2.2236 -5.0903 0.0000 0.0000 0.0000
0.7653 -2.2621 -4.8557 0.0000 0.0000 0.0000
0.3897 -2.3499 -4.9710 0.0000 0.0000 0.0000
0.1215 -2.0257 -4.8970 0.0000 0.0000 0.0000
0.7822 -2.2218 -5.3756 0.0000 0.0000 0.0000
0.4927 -2.3684 -3.9242 0.0000 0.0000 0.0000
0.2791 -1.6341 -4.0111 0.0000 0.0000 0.0000
0.8814 -2.3334 -3.9715 0.0000 0.0000 0.0000
0.1138 -2.1835 -3.6363 0.0000 0.0000 0.0000
0.8411 -1.8472 -4.1700 0.0000 0.0000 0.0000
0.1759 -1.6042 -3.7737 0.0000 0.0000 0.0000
0.7387 -2.3051 -4.0543 0.0000 0.0000 0.0000
0.7532 -1.8565 -3.7947 0.0000 0.0000 0.0000
0.4025 -2.1360 -2.8577 0.0000 0.0000 0.0000
0.1780 -2.3864 -2.8707 0.0000 0.0000 0.0000
0.6661 -1.9226 -3.1823 0.0000 0.0000 0.0000
0.7322 -1.8812 -3.1084 0.0000 0.0000 0.0000
0.1156 -1.7266 -3.1314 0.0000 0.0000 0.0000
0.2104 -1.8920 -2.7724 0.0000 0.0000 0.0000
0.1311 -1.6885 -3.3300 0.0000 0.0000 0.0000
0.2774 -2.2885 -2.6593 0.0000 0.0000 0.0000
0.8533 -0.8643 -12.3456 0.0000 0.0000 0.0000
0.3172 -0.9859 -12.3109 0.0000 0.0000 0.0000
0.7210 -1.1179 -11.7353 0.0000 0.0000 0.0000
0.6637 -1.0780 -12.2523 0.0000 0.0000 0.0000
0.7440 -1.0566 -12.2284 0.0000 0.0000 0.0000
0.3569 -0.8634 -12.1861 0.0000 0.0000 0.0000
0.6217 -1.1825 -11.7480 0.0000 0.0000 0.0000
0.3619 -0.7214 -12.1082 0.0000 0.0000 0.0000
0.7834 -0.8878 -11.3392 0.0000 0.0000 0.0000
0.3764 -0.6581 -10.9633 0.0000 0.0000 0.0000
0.8334 -1.3824 -11.2778 0.0000 0.0000 0.0000
0.2764 -1.2066 -11.2062 0.0000 0.0000 0.0000
0.3957 -0.9183 -10.6970 0.0000 0.0000 0.0000
0.4074 -1.0945 -11.2335 0.0000 0.0000 0.0000
0.5679 -1.0935 -11.3921 0.0000 0.0000 0.0000
0.6470 -0.8157 -10.6893 0.0000 0.0000 0.0000
0.5343 -1.2872 -9.7236 0.0000 0.0000 0.0000
0.3330 -1.3279 -9.7394 0.0000 0.0000 0.0000
0.3296 -0.9187 -10.0792 0.0000 0.0000 0.0000
0.7992 -1.0245 -10.1806 0.0000 0.0000 0.0000
0.5272 -0.8502 -9.6613 0.0000 0.0000 0.0000
0.6827 -1.1844 -9.7546 0.0000 0.0000 0.0000
0.8763 -1.1763 -9.7384 0.0000 0.0000 0.0000
0.3716 -0.8019 -9.6056 0.0000 0.0000 0.0000
0.7624 -1.2768 -9.1062 0.0000 0.0000 0.0000
0.8320 -0.7761 -9.1997 0.0000 0.0000 0.0000
0.2185 -0.8948 -9.3385 0.0000 0.0000 0.0000
0.3940 -0.9509 -8.8022 0.0000 0.0000 0.0000
0.4361 -1.2233 -8.8239 0.0000 0.0000 0.0000
0.2946 -1.0511 -9.0877 0.0000 0.0000 0.0000
0.7670 -1.1915 -8.6569 0.0000 0.0000 0.0000
0.3059 -1.0059 -9.1797 0.0000 0.0000 0.0000
0.7041 -1.2778 -7.6422 0.0000 0.0000 0.0000
0.3033 -0.9076 -8.2029 0.0000 0.0000 0.0000
0.1303 -0.8382 -7.8410 0.0000 0.0000 0.0000
0.6289 -0.9348 -8.2122 0.0000 0.0000 0.0000
0.3604 -0.6928 -7.7163 0.0000 0.0000 0.0000
0.3585 -1.3101 -8.1726 0.0000 0.0000 0.0000
0.7647 -0.9206 -8.2584 0.0000 0.0000 0.0000
0.1864 -1.0184 -8.3047 0.0000 0.0000 0.0000
0.1733 -1.1435 -7.0696 0.0000 0.0000 0.0000
0.8719 -0.6657 -6.8617 0.0000 0.0000 0.0000
0.6513 -1.2124 -7.0944 0.0000 0.0000 0.0000
0.3702 -1.1106 -6.6784 0.0000 0.0000 0.0000
0.8209 -0.6005 -6.9571 0.0000 0.0000 0.0000
0.8243 -0.9915 -7.1470 0.0000 0.0000 0.0000
0.1638 -0.6726 -7.2463 0.0000 0.0000 0.0000
0.3771 -0.9345 -6.7229 0.0000 0.0000 0.0000
0.6198 -1.0915 -5.8141 0.0000 0.0000 0.0000
0.3041 -0.6584 -6.2752 0.0000 0.0000 0.0000
0.7301 -1.3266 -6.1448 0.0000 0.0000 0.0000
0.5613 -1.3813 -6.1690 0.0000 0.0000 0.0000
0.7649 -1.3770 -5.9406 0.0000 0.0000 0.0000
0.2695 -1.1597 -5.9540 0.0000 0.0000 0.0000
0.2542 -1.3937 -6.2275 0.0000 0.0000 0.0000
0.5848 -1.3232 -5.6859 0.0000 0.0000 0.0000
0.8096 -0.6090 -5.3952 0.0000 0.0000 0.0000
0.4018 -1.1883 -5.3339 0.0000 0.0000 0.0000
0.3762 -1.2157 -4.8662 0.0000 0.0000 0.0000
0.5237 -0.7604 -5.3268 0.0000 0.0000 0.0000
0.8546 -1.3286 -5.2534 0.0000 0.0000 0.0000
0.5558 -1.0081 -5.3832 0.0000 0.0000 0.0000
0.3458 -1.1807 -5.3596 0.0000 0.0000 0.0000
0.3913 -0.7876 -4.6608 0.0000 0.0000 0.0000
0.1974 -1.1274 -4.3358 0.0000 0.0000 0.0000
0.2289 -0.7478 -4.1607 0.0000 0.0000 0.0000
0.1939 -0.8565 -3.9054 0.0000 0.0000 0.0000
0.6993 -0.9768 -3.6839 0.0000 0.0000 0.0000
0.6529 -0.8871 -3.9313 0.0000 0.0000 0.0000
0.8072 -0.7143 -4.0659 0.0000 0.0000 0.0000
0.6604 -1.1885 -4.0322 0.0000 0.0000 0.0000
0.4310 -0.9684 -3.9594 0.0000 0.0000 0.0000
0.1195 -0.8225 -3.2915 0.0000 0.0000 0.0000
0.1223 -1.3338 -3.0437 0.0000 0.0000 0.0000
0.3375 -1.2143 -3.3818 0.0000 0.0000 0.0000
0.5330 -0.9730 -2.6615 0.0000 0.0000 0.0000
0.6572 -1.0446 -2.9845 0.0000 0.0000 0.0000
0.2510 -1.1094 -3.2793 0.0000 0.0000 0.0000
0.8260 -0.9355 -3.3509 0.0000 0.0000 0.0000
0.7469 -0.7140 -3.1770 0.0000 0.0000 0.0000
0.8515 -0.2497 -12.3804 0.0000 0.0000 0.0000
0.4463 -0.3779 -11.8147 0.0000 0.0000 0.0000
0.1569 -0.1528 -11.9124 0.0000 0.0000 0.0000
0.3525 0.0192 -11.6354 0.0000 0.0000 0.0000
0.1110 0.3159 -12.1663 0.0000 0.0000 0.0000
0.1466 0.0012 -11.8876 0.0000 0.0000 0.0000
0.8402 0.2555 -11.8048 0.0000 0.0000 0.0000
0.3607 -0.0455 -11.6153 0.0000 0.0000 0.0000
0.3692 -0.1304 -10.9593 0.0000 0.0000 0.0000
0.6052 -0.0128 -10.8010 0.0000 0.0000 0.0000
0.4542 -0.0370 -11.0734 0.0000 0.0000 0.0000
0.8711 -0.1041 -11.3701 0.0000 0.0000 0.0000
0.2077 -0.1915 -11.1456 0.0000 0.0000 0.0000
0.3065 -0.2730 -10.6375 0.0000 0.0000 0.0000
0.4117 -0.3446 -11.2240 0.0000 0.0000 0.0000
0.5829 0.2655 -10.8651 0.0000 0.0000 0.0000
0.2720 -0.1587 -9.7101 0.0000 0.0000 0.0000
0.6762 -0.0960 -9.7880 0.0000 0.0000 0.0000
0.4583 -0.1689 -10.3425 0.0000 0.0000 0.0000
0.2912 -0.0713 -10.0821 0.0000 0.0000 0.0000
0.5340 -0.3004 -10.1002 0.0000 0.0000 0.0000
0.6029 0.0256 -9.9639 0.0000 0.0000 0.0000
0.1995 -0.3327 -9.9846 0.0000 0.0000 0.0000
0.1285 0.0160 -10.2586 0.0000 0.0000 0.0000
0.7531 0.0189 -8.6742 0.0000 0.0000 0.0000
0.1608 -0.0301 -9.0244 0.0000 0.0000 0.0000
0.2748 0.3928 -9.1903 0.0000 0.0000 0.0000
0.2876 0.0347 -9.1861 0.0000 0.0000 0.0000
0.4259 -0.2102 -8.8559 0.0000 0.0000 0.0000
0.2362 0.3967 -9.0516 0.0000 0.0000 0.0000
0.3111 -0.3836 -8.6242 0.0000 0.0000 0.0000
0.3468 0.1897 -8.7103 0.0000 0.0000 0.0000
0.7558 0.2789 -7.8529 0.0000 0.0000 0.0000
0.8945 -0.2659 -8.1613 0.0000 0.0000 0.0000
0.1559 -0.3494 -7.6670 0.0000 0.0000 0.0000
0.5613 -0.2034 -8.1842 0.0000 0.0000 0.0000
0.2304 0.2824 -8.2484 0.0000 0.0000 0.0000
0.8947 -0.1162 -7.7162 0.0000 0.0000 0.0000
0.1574 -0.3782 -7.8949 0.0000 0.0000 0.0000
0.8391 -0.0893 -7.9918 0.0000 0.0000 0.0000
0.6804 -0.2525 -6.6236 0.0000 0.0000 0.0000
0.7787 -0.0793 -6.7117 0.0000 0.0000 0.0000
0.7641 -0.0660 -7.2589 0.0000 0.0000 0.0000
0.7426 -0.3643 -6.8687 0.0000 0.0000 0.0000
0.3660 -0.0368 -7.2455 0.0000 0.0000 0.0000
0.3076 0.1303 -7.0922 0.0000 0.0000 0.0000
0.7145 0.3543 -6.8704 0.0000 0.0000 0.0000
0.8123 -0.3475 -6.9275 0.0000 0.0000 0.0000
0.8091 -0.2444 -6.0091 0.0000 0.0000 0.0000
0.6658 -0.1952 -5.8052 0.0000 0.0000 0.0000
0.6620 0.2552 -5.8206 0.0000 0.0000 0.0000
0.7141 0.3361 -6.0149 0.0000 0.0000 0.0000
0.4842 0.1756 -5.9853 0.0000 0.0000 0.0000
0.6854 0.0950 -6.0555 0.0000 0.0000 0.0000
0.1384 0.0656 -6.0619 0.0000 0.0000 0.0000
0.7907 -0.2259 -5.6347 0.0000 0.0000 0.0000
0.8749 -0.0269 -4.7494 0.0000 0.0000 0.0000
0.5845 0.1265 -5.2323 0.0000 0.0000 0.0000
0.2028 -0.2997 -4.8750 0.0000 0.0000 0.0000
0.6349 -0.1404 -4.9733 0.0000 0.0000 0.0000
0.1748 0.2636 -4.6175 0.0000 0.0000 0.0000
0.8799 -0.2282 -4.9308 0.0000 0.0000 0.0000
0.2875 0.3649 -5.2704 0.0000 0.0000 0.0000
0.1366 0.2157 -5.2609 0.0000 0.0000 0.0000
0.8316 -0.1922 -3.7349 0.0000 0.0000 0.0000
0.6825 -0.2347 -4.0332 0.0000 0.0000 0.0000
0.6660 0.1845 -3.7971 0.0000 0.0000 0.0000
0.3896 0.1996 -4.1678 0.0000 0.0000 0.0000
0.6230 -0.1228 -4.0920 0.0000 0.0000 0.0000
0.8603 0.2610 -3.8377 0.0000 0.0000 0.0000
0.4019 -0.1152 -4.2908 0.0000 0.0000 0.0000
0.8017 -0.0493 -3.6156 0.0000 0.0000 0.0000
0.5711 0.0778 -2.7068 0.0000 0.0000 0.0000
0.5083 -0.3971 -2.9721 0.0000 0.0000 0.0000
0.1678 -0.3165 -3.2886 0.0000 0.0000 0.0000
0.1665 -0.0340 -2.6785 0.0000 0.0000 0.0000
0.2395 -0.3194 -2.7518 0.0000 0.0000 0.0000
0.6277 -0.0412 -3.3191 0.0000 0.0000 0.0000
0.3909 -0.1671 -2.6501 0.0000 0.0000 0.0000
0.2562 0.1277 -3.3761 0.0000 0.0000 0.0000
0.4819 0.6416 -12.1464 0.0000 0.0000 0.0000
0.4077 1.1888 -11.6616 0.0000 0.0000 0.0000
0.1874 1.3640 -12.0512 0.0000 0.0000 0.0000
0.1752 1.2765 -11.8671 0.0000 0.0000 0.0000
0.2679 0.8531 -12.1874 0.0000 0.0000 0.0000
0.2716 1.0552 -11.7573 0.0000 0.0000 0.0000
0.7123 0.8139 -11.6938 0.0000 0.0000 0.0000
0.5240 1.0978 -12.3578 0.0000 0.0000 0.0000
0.5221 1.0607 -10.6547 0.0000 0.0000 0.0000
0.8117 1.3455 -10.8030 0.0000 0.0000 0.0000
0.8419 0.7420 -11.0748 0.0000 0.0000 0.0000
0.6503 1.2524 -11.1256 0.0000 0.0000 0.0000
0.5228 0.6596 -11.3026 0.0000 0.0000 0.0000
0.3619 1.0838 -10.9378 0.0000 0.0000 0.0000
0.4598 1.1870 -11.0003 0.0000 0.0000 0.0000
0.3468 0.6870 -11.2279 0.0000 0.0000 0.0000
0.4926 0.9150 -10.2156 0.0000 0.0000 0.0000
0.3711 0.9210 -9.7743 0.0000 0.0000 0.0000
0.4287 1.1709 -10.3826 0.0000 0.0000 0.0000
0.4006 0.9855 -10.0322 0.0000 0.0000 0.0000
0.6146 0.7795 -9.8921 0.0000 0.0000 0.0000
0.8333 0.7526 -10.0722 0.0000 0.0000 0.0000
0.3363 0.8601 -9.9907 0.0000 0.0000 0.0000
0.1351 0.8727 -10.0497 0.0000 0.0000 0.0000
0.4628 1.2161 -9.3997 0.0000 0.0000 0.0000
0.5679 0.6267 -8.8698 0.0000 0.0000 0.0000
0.5383 0.8468 -9.2917 0.0000 0.0000 0.0000
0.4814 0.8663 -8.9399 0.0000 0.0000 0.0000
0.1586 1.1930 -9.2936 0.0000 0.0000 0.0000
0.2783 1.0527 -9.1757 0.0000 0.0000 0.0000
0.6821 0.7959 -9.2544 0.0000 0.0000 0.0000
0.6634 0.7593 -9.1423 0.0000 0.0000 0.0000
0.8346 1.2743 -8.0154 0.0000 0.0000 0.0000
0.6169 0.9277 -7.7144 0.0000 0.0000 0.0000
0.1286 0.7649 -7.7616 0.0000 0.0000 0.0000
0.1239 1.0732 -7.8240 0.0000 0.0000 0.0000
0.3035 1.2393 -8.1973 0.0000 0.0000 0.0000
0.6501 1.0698 -8.0509 0.0000 0.0000 0.0000
0.5628 1.3021 -8.2809 0.0000 0.0000 0.0000
0.6288 0.6729 -7.6244 0.0000 0.0000 0.0000
0.8156 1.0401 -7.2020 0.0000 0.0000 0.0000
0.4716 0.6692 -7.2539 0.0000 0.0000 0.0000
0.3220 1.1029 -6.8034 0.0000 0.0000 0.0000
0.3853 0.7211 -7.2406 0.0000 0.0000 0.0000
0.8867 1.0673 -6.7545 0.0000 0.0000 0.0000
0.7321 1.2063 -6.6396 0.0000 0.0000 0.0000
0.8652 1.1348 -7.0465 0.0000 0.0000 0.0000
0.7611 1.0887 -6.9808 0.0000 0.0000 0.0000
0.6541 1.3124 -6.2803 0.0000 0.0000 0.0000
0.4632 1.1713 -6.2699 0.0000 0.0000 0.0000
0.8282 0.7782 -6.3137 0.0000 0.0000 0.0000
0.3235 1.0872 -5.9498 0.0000 0.0000 0.0000
0.6946 1.3198 -5.9455 0.0000 0.0000 0.0000
0.6745 0.7455 -5.8946 0.0000 0.0000 0.0000
0.7674 0.6875 -5.6718 0.0000 0.0000 0.0000
0.6942 0.7515 -6.1178 0.0000 0.0000 0.0000
0.6002 0.6682 -4.8977 0.0000 0.0000 0.0000
0.4049 1.1793 -5.1841 0.0000 0.0000 0.0000
0.2963 0.6914 -4.6797 0.0000 0.0000 0.0000
0.5360 1.3645 -5.1032 0.0000 0.0000 0.0000
0.4968 1.2949 -5.0555 0.0000 0.0000 0.0000
0.3679 0.8238 -4.8434 0.0000 0.0000 0.0000
0.4529 0.9208 -5.0595 0.0000 0.0000 0.0000
0.6331 0.6372 -5.3848 0.0000 0.0000 0.0000
0.6613 0.8745 -3.8862 0.0000 0.0000 0.0000
0.3520 1.3377 -3.6931 0.0000 0.0000 0.0000
0.1699 0.6637 -4.2980 0.0000 0.0000 0.0000
0.3463 1.0051 -3.6680 0.0000 0.0000 0.0000
0.5047 1.3918 -3.8320 0.0000 0.0000 0.0000
0.8464 1.1615 -4.2247 0.0000 0.0000 0.0000
0.1281 1.0225 -3.8016 0.0000 0.0000 0.0000
0.6695 1.0249 -3.6148 0.0000 0.0000 0.0000
0.4875 0.8527 -3.3864 0.0000 0.0000 0.0000
0.2789 0.6431 -2.9474 0.0000 0.0000 0.0000
0.3827 0.9324 -2.7895 0.0000 0.0000 0.0000
0.3795 1.0065 -2.7988 0.0000 0.0000 0.0000
0.2619 1.2927 -2.6499 0.0000 0.0000 0.0000
0.3843 0.6169 -3.1916 0.0000 0.0000 0.0000
0.2403 1.1397 -3.0886 0.0000 0.0000 0.0000
0.7072 0.7151 -2.7399 0.0000 0.0000 0.0000
0.8360 1.9019 -11.7587 0.0000 0.0000 0.0000
0.8052 2.1968 -11.7727 0.0000 0.0000 0.0000
0.3224 2.3871 -11.6795 0.0000 0.0000 0.0000
0.6530 2.0708 -12.0516 0.0000 0.0000 0.0000
0.1751 1.6815 -11.7116 0.0000 0.0000 0.0000
0.4938 2.2010 -11.9195 0.0000 0.0000 0.0000
0.2025 2.1480 -12.1371 0.0000 0.0000 0.0000
0.8927 1.7506 -12.0228 0.0000 0.0000 0.0000
0.2974 2.2445 -10.7586 0.0000 0.0000 0.0000
0.8849 2.0050 -11.1763 0.0000 0.0000 0.0000
0.6175 1.6498 -11.2859 0.0000 0.0000 0.0000
0.6906 2.0138 -10.7968 0.0000 0.0000 0.0000
0.5158 1.9127 -10.6951 0.0000 0.0000 0.0000
0.3861 1.6200 -11.1226 0.0000 0.0000 0.0000
0.3895 2.3501 -11.2533 0.0000 0.0000 0.0000
0.1029 1.9957 -11.3240 0.0000 0.0000 0.0000
0.1960 2.1061 -10.2912 0.0000 0.0000 0.0000
0.7393 2.3808 -9.9920 0.0000 0.0000 0.0000
0.8557 2.3465 -9.7548 0.0000 0.0000 0.0000
0.3723 2.3179 -9.7927 0.0000 0.0000 0.0000
0.6524 2.2322 -10.0072 0.0000 0.0000 0.0000
0.4490 2.0892 -10.1024 0.0000 0.0000 0.0000
0.1432 2.0336 -10.2252 0.0000 0.0000 0.0000
0.3611 1.9653 -10.1032 0.0000 0.0000 0.0000
0.4804 2.3087 -9.2082 0.0000 0.0000 0.0000
0.2373 2.2143 -9.0647 0.0000 0.0000 0.0000
0.6470 2.1034 -9.0875 0.0000 0.0000 0.0000
0.4546 2.3668 -9.2359 0.0000 0.0000 0.0000
0.3932 1.6174 -8.7689 0.0000 0.0000 0.0000
0.2502 1.6497 -9.2751 0.0000 0.0000 0.0000
0.5153 1.7658 -8.7453 0.0000 0.0000 0.0000
0.5881 2.0505 -8.6514 0.0000 0.0000 0.0000
0.1224 2.3459 -7.9388 0.0000 0.0000 0.0000
0.1907 2.2215 -8.2994 0.0000 0.0000 0.0000
0.6050 2.2187 -8.2947 0.0000 0.0000 0.0000
0.6314 1.7994 -8.3936 0.0000 0.0000 0.0000
0.2658 2.0212 -8.0442 0.0000 0.0000 0.0000
0.5304 1.9756 -8.3301 0.0000 0.0000 0.0000
0.1824 2.2099 -8.2343 0.0000 0.0000 0.0000
0.2987 1.6963 -7.9551 0.0000 0.0000 0.0000
0.8038 2.0723 -6.6489 0.0000 0.0000 0.0000
0.8929 1.6126 -7.0763 0.0000 0.0000 0.0000
0.2401 2.3019 -7.3301 0.0000 0.0000 0.0000
0.6526 1.8338 -6.8347 0.0000 0.0000 0.0000
0.6409 2.1955 -7.1743 0.0000 0.0000 0.0000
0.6592 2.3887 -6.8253 0.0000 0.0000 0.0000
0.3910 1.6145 -7.0654 0.0000 0.0000 0.0000
0.6416 2.3003 -6.9552 0.0000 0.0000 0.0000
0.1669 2.2301 -5.9700 0.0000 0.0000 0.0000
0.4626 1.8692 -6.0338 0.0000 0.0000 0.0000
0.8996 1.7801 -6.0982 0.0000 0.0000 0.0000
0.8422 2.1180 -5.6890 0.0000 0.0000 0.0000
0.4602 2.0143 -6.1629 0.0000 0.0000 0.0000
0.6723 1.9056 -6.3934 0.0000 0.0000 0.0000
0.7329 1.9602 -5.6139 0.0000 0.0000 0.0000
0.8167 2.1038 -6.3441 0.0000 0.0000 0.0000
0.5979 2.1220 -5.2987 0.0000 0.0000 0.0000
0.6557 1.9886 -5.0664 0.0000 0.0000 0.0000
0.1518 1.7859 -5.2652 0.0000 0.0000 0.0000
0.6446 2.1057 -5.4000 0.0000 0.0000 0.0000
0.6620 1.9203 -5.0499 0.0000 0.0000 0.0000
0.8325 2.2220 -4.7626 0.0000 0.0000 0.0000
0.8355 2.3648 -4.6649 0.0000 0.0000 0.0000
0.1689 2.3580 -4.8592 0.0000 0.0000 0.0000
0.8230 1.6333 -3.6722 0.0000 0.0000 0.0000
0.3094 2.0590 -4.2489 0.0000 0.0000 0.0000
0.1657 1.7067 -3.8000 0.0000 0.0000 0.0000
0.6626 2.3300 -3.8219 0.0000 0.0000 0.0000
0.7881 1.6085 -3.7009 0.0000 0.0000 0.0000
0.8070 2.2431 -4.3366 0.0000 0.0000 0.0000
0.8595 2.1289 -3.9122 0.0000 0.0000 0.0000
0.4143 1.9227 -4.0346 0.0000 0.0000 0.0000
0.6604 1.9322 -3.1918 0.0000 0.0000 0.0000
0.4136 2.3151 -2.6359 0.0000 0.0000 0.0000
0.3924 2.1090 -2.7610 0.0000 0.0000 0.0000
0.1637 2.3674 -3.0712 0.0000 0.0000 0.0000
0.2339 2.0442 -3.1994 0.0000 0.0000 0.0000
0.2497 2.0997 -2.8118 0.0000 0.0000 0.0000
0.1956 2.3154 -2.7877 0.0000 0.0000 0.0000
0.6988 1.8256 -2.8977 0.0000 0.0000 0.0000
1.8390 -6.6422 -11.8504 0.0000 0.0000 0.0000
1.4646 -6.9270 -12.3306 0.0000 0.0000 0.0000
1.5964 -7.2348 -11.9442 0.0000 0.0000 0.0000
1.7637 -7.1208 -12.3684 0.0000 0.0000 0.0000
1.1800 -7.0068 -12.2059 0.0000 0.0000 0.0000
1.7923 -6.6713 -12.3565 0.0000 0.0000 0.0000
1.5308 -7.2510 -11.7182 0.0000 0.0000 0.0000
1.5082 -7.1540 -12.3142 0.0000 0.0000 0.0000
1.7332 -7.0790 -10.8915 0.0000 0.0000 0.0000
1.5278 -7.1290 -10.6589 0.0000 0.0000 0.0000
1.4659 -6.9932 -11.3457 0.0000 0.0000 0.0000
1.3066 -6.8417 -10.7192 0.0000 0.0000 0.0000
1.4866 -6.6830 -10.9273 0.0000 0.0000 0.0000
1.4518 -7.1266 -11.1705 0.0000 0.0000 0.0000
1.3816 -6.6120 -11.1414 0.0000 0.0000 0.0000
1.8697 -7.2911 -11.3892 0.0000 0.0000 0.0000
1.8433 -7.1566 -9.6629 0.0000 0.0000 0.0000
1.6791 -7.2742 -10.0139 0.0000 0.0000 0.0000
1.2711 -6.9467 -10.0046 0.0000 0.0000 0.0000
1.3026 -6.6959 -10.1325 0.0000 0.0000 0.0000
1.1226 -6.7417 -9.7848 0.0000 0.0000 0.0000
1.1157 -7.1855 -9.8852 0.0000 0.0000 0.0000
1.6410 -6.6221 -9.9754 0.0000 0.0000 0.0000
1.1570 -6.9462 -9.8879 0.0000 0.0000 0.0000
1.7027 -7.1273 -8.6423 0.0000 0.0000 0.0000
1.5781 -7.2769 -8.7644 0.0000 0.0000 0.0000
1.2784 -6.8612 -9.2062 0.0000 0.0000 0.0000
1.1459 -6.8539 -9.0440 0.0000 0.0000 0.0000
1.2266 -6.7843 -8.7051 0.0000 0.0000 0.0000
1.2863 -7.2015 -9.0634 0.0000 0.0000 0.0000
1.2563 -6.9668 -8.8202 0.0000 0.0000 0.0000
1.8858 -7.3101 -8.7615 0.0000 0.0000 0.0000
1.2772 -6.7290 -8.0187 0.0000 0.0000 0.0000
1.8500 -6.6217 -8.1078 0.0000 0.0000 0.0000
1.6817 -7.0877 -7.7025 0.0000 0.0000 0.0000
1.6313 -6.7517 -7.6276 0.0000 0.0000 0.0000
1.3048 -7.2346 -7.7627 0.0000 0.0000 0.0000
1.7184 -7.2657 -8.3879 0.0000 0.0000 0.0000
1.4124 -7.0501 -8.2685 0.0000 0.0000 0.0000
1.8404 -7.2872 -7.7017 0.0000 0.0000 0.0000
1.1619 -6.7937 -6.8113 0.0000 0.0000 0.0000
1.2641 -7.0048 -7.3454 0.0000 0.0000 0.0000
1.4645 -6.8144 -7.2140 0.0000 0.0000 0.0000
1.5672 -6.6584 -6.6426 0.0000 0.0000 0.0000
1.7195 -6.6378 -7.3845 0.0000 0.0000 0.0000
1.2420 -6.9746 -6.8453 0.0000 0.0000 0.0000
1.5210 -6.8681 -6.8707 0.0000 0.0000 0.0000
1.4195 -7.2850 -7.2762 0.0000 0.0000 0.0000
1.7507 -7.2846 -6.3770 0.0000 0.0000 0.0000
1.1387 -7.3338 -5.8822 0.0000 0.0000 0.0000
1.3974 -6.7670 -5.6767 0.0000 0.0000 0.0000
1.7733 -6.9774 -5.7241 0.0000 0.0000 0.0000
1.4444 -6.7209 -5.7799 0.0000 0.0000 0.0000
1.4303 -6.7053 -6.3515 0.0000 0.0000 0.0000
1.1969 -7.1256 -5.6004 0.0000 0.0000 0.0000
1.4810 -7.0689 -5.7010 0.0000 0.0000 0.0000
1.8180 -7.1629 -5.1004 0.0000 0.0000 0.0000
1.2431 -6.6411 -5.2124 0.0000 0.0000 0.0000
1.1843 -7.1679 -4.9266 0.0000 0.0000 0.0000
1.7903 -6.6671 -5.0805 0.0000 0.0000 0.0000
1.4745 -6.8718 -4.8468 0.0000 0.0000 0.0000
1.8216 -6.7786 -5.3821 0.0000 0.0000 0.0000
1.8647 -7.0395 -5.0240 0.0000 0.0000 0.0000
1.8772 -6.9699 -5.0968 0.0000 0.0000 0.0000
1.5203 -6.8337 -4.0258 0.0000 0.0000 0.0000
1.2537 -6.9359 -3.9467 0.0000 0.0000 0.0000
1.2854 -6.8858 -4.1469 0.0000 0.0000 0.0000
1.8073 -6.6891 -4.2189 0.0000 0.0000 0.0000
1.4091 -7.1585 -4.2055 0.0000 0.0000 0.0000
1.3460 -6.6396 -4.0423 0.0000 0.0000 0.0000
1.5327 -6.9728 -4.3699 0.0000 0.0000 0.0000
1.3240 -6.8570 -3.7416 0.0000 0.0000 0.0000
1.7206 -7.2023 -2.8248 0.0000 0.0000 0.0000
1.8302 -6.9915 -2.8440 0.0000 0.0000 0.0000
1.4524 -7.0928 -3.0999 0.0000 0.0000 0.0000
1.7346 -7.1852 -3.1343 0.0000 0.0000 0.0000
1.1301 -7.1899 -2.9431 0.0000 0.0000 0.0000
1.2726 -6.7174 -3.3085 0.0000 0.0000 0.0000
1.8523 -7.1185 -3.3578 0.0000 0.0000 0.0000
1.5416 -7.3932 -2.6510 0.0000 0.0000 0.0000
1.4777 -5.6857 -12.3449 0.0000 0.0000 0.0000
1.6560 -5.9534 -12.3823 0.0000 0.0000 0.0000
1.2047 -5.8783 -12.0597 0.0000 0.0000 0.0000
1.8960 -6.1348 -11.8513 0.0000 0.0000 0.0000
1.2969 -6.3278 -12.0443 0.0000 0.0000 0.0000
1.5203 -6.2924 -12.1744 0.0000 0.0000 0.0000
1.3946 -5.9493 -12.3564 0.0000 0.0000 0.0000
1.8095 -6.3128 -11.7629 0.0000 0.0000 0.0000
1.7960 -5.9062 -10.8044 0.0000 0.0000 0.0000
1.1997 -6.2244 -10.9614 0.0000 0.0000 0.0000
1.3417 -5.8893 -10.8086 0.0000 0.0000 0.0000
1.2142 -5.9863 -10.9419 0.0000 0.0000 0.0000
1.4562 -5.9277 -11.0887 0.0000 0.0000 0.0000
1.7167 -6.3099 -11.1375 0.0000 0.0000 0.0000
1.5562 -5.6638 -10.7125 0.0000 0.0000 0.0000
1.7256 -6.3640 -10.6929 0.0000 0.0000 0.0000
1.7461 -5.6298 -9.8167 0.0000 0.0000 0.0000
1.8589 -5.8603 -10.2819 0.0000 0.0000 0.0000
1.7599 -5.9054 -10.2125 0.0000 0.0000 0.0000
1.3783 -6.1570 -10.3733 0.0000 0.0000 0.0000
1.5977 -5.8931 -9.9167 0.0000 0.0000 0.0000
1.4706 -6.2870 -9.9181 0.0000 0.0000 0.0000
1.8286 -5.9292 -9.8663 0.0000 0.0000 0.0000
1.8382 -6.1208 -10.1181 0.0000 0.0000 0.0000
1.2324 -6.3218 -9.3346 0.0000 0.0000 0.0000
1.4984 -6.2126 -8.8187 0.0000 0.0000 0.0000
1.3216 -5.8083 -9.0201 0.0000 0.0000 0.0000
1.6595 -5.9611 -8.6310 0.0000 0.0000 0.0000
1.5263 -5.9281 -8.6377 0.0000 0.0000 0.0000
1.4448 -6.0513 -8.6129 0.0000 0.0000 0.0000
1.7279 -6.2806 -8.9869 0.0000 0.0000 0.0000
1.8901 -5.6634 -8.8252 0.0000 0.0000 0.0000
1.1838 -5.9060 -7.7662 0.0000 0.0000 0.0000
1.7938 -6.2051 -8.0416 0.0000 0.0000 0.0000
1.7631 -5.7213 -8.3757 0.0000 0.0000 0.0000
1.7829 -6.0711 -7.7531 0.0000 0.0000 0.0000
1.6363 -5.9760 -8.0674 0.0000 0.0000 0.0000
1.4399 -5.9692 -7.6757 0.0000 0.0000 0.0000
1.2298 -5.8948 -7.7627 0.0000 0.0000 0.0000
1.4578 -5.9619 -7.9870 0.0000 0.0000 0.0000
1.7460 -5.8737 -7.3697 0.0000 0.0000 0.0000
1.7458 -6.1154 -7.3978 0.0000 0.0000 0.0000
1.3503 -5.7205 -6.9836 0.0000 0.0000 0.0000
1.4390 -5.8613 -6.6543 0.0000 0.0000 0.0000
1.8665 -5.9610 -6.6384 0.0000 0.0000 0.0000
1.1232 -6.0210 -6.6925 0.0000 0.0000 0.0000
1.6535 -5.6398 -7.0259 0.0000 0.0000 0.0000
1.6378 -5.9915 -6.8015 0.0000 0.0000 0.0000
1.1918 -6.0736 -5.7283 0.0000 0.0000 0.0000
1.1789 -5.8586 -5.9302 0.0000 0.0000 0.0000
1.4233 -5.8436 -5.9441 0.0000 0.0000 0.0000
1.8461 -5.8160 -6.3768 0.0000 0.0000 0.0000
1.1869 -6.2157 -5.6072 0.0000 0.0000 0.0000
1.7310 -5.6097 -5.6183 0.0000 0.0000 0.0000
1.3929 -5.9857 -5.7835 0.0000 0.0000 0.0000
1.4812 -5.8858 -5.6071 0.0000 0.0000 0.0000
1.7817 -6.1165 -4.9794 0.0000 0.0000 0.0000
1.1186 -5.7191 -5.0517 0.0000 0.0000 0.0000
1.4950 -5.7206 -5.2369 0.0000 0.0000 0.0000
1.3779 -5.8653 -4.9200 0.0000 0.0000 0.0000
1.4284 -6.1126 -5.1001 0.0000 0.0000 0.0000
1.7444 -5.9275 -4.8657 0.0000 0.0000 0.0000
1.3092 -5.7278 -4.8226 0.0000 0.0000 0.0000
1.5595 -6.3063 -5.3394 0.0000 0.0000 0.0000
1.6285 -6.3147 -4.2891 0.0000 0.0000 0.0000
1.2781 -6.0542 -3.8601 0.0000 0.0000 0.0000
1.8546 -6.1903 -3.8837 0.0000 0.0000 0.0000
1.8339 -5.6057 -4.3874 0.0000 0.0000 0.0000
1.6600 -6.0533 -4.1437 0.0000 0.0000 0.0000
1.7755 -5.6586 -4.2102 0.0000 0.0000 0.0000
1.7988 -6.0923 -4.2184 0.0000 0.0000 0.0000
1.2658 -5.8410 -4.1881 0.0000 0.0000 0.0000
1.7716 -6.1506 -2.6949 0.0000 0.0000 0.0000
1.6443 -5.8243 -2.7772 0.0000 0.0000 0.0000
1.8353 -5.8543 -2.7328 0.0000 0.0000 0.0000
1.6643 -5.9796 -2.7408 0.0000 0.0000 0.0000
1.7729 -6.2560 -2.9911 0.0000 0.0000 0.0000
1.5884 -6.3859 -2.6761 0.0000 0.0000 0.0000
1.3355 -5.6309 -2.6134 0.0000 0.0000 0.0000
1.7577 -5.9856 -2.7912 0.0000 0.0000 0.0000
1.2871 -5.3516 -11.8824 0.0000 0.0000 0.0000
1.4528 -5.0768 -11.8495 0.0000 0.0000 0.0000
1.7147 -4.7766 -11.7679 0.0000 0.0000 0.0000
1.7220 -4.6877 -12.3104 0.0000 0.0000 0.0000
1.7955 -4.9605 -12.1853 0.0000 0.0000 0.0000
1.7957 -4.7307 -11.6716 0.0000 0.0000 0.0000
1.1815 -4.7504 -11.6294 0.0000 0.0000 0.0000
1.1760 -5.1225 -11.7816 0.0000 0.0000 0.0000
1.2688 -4.9614 -10.6638 0.0000 0.0000 0.0000
1.7878 -4.7561 -10.8228 0.0000 0.0000 0.0000
1.6938 -5.3667 -11.3660 0.0000 0.0000 0.0000
1.5317 -4.8836 -10.8464 0.0000 0.0000 0.0000
1.5437 -5.2202 -11.3975 0.0000 0.0000 0.0000
1.4771 -5.0245 -10.9925 0.0000 0.0000 0.0000
1.5569 -4.9994 -11.2633 0.0000 0.0000 0.0000
1.6269 -5.1725 -10.7733 0.0000 0.0000 0.0000
1.1089 -4.6225 -10.0673 0.0000 0.0000 0.0000
1.7189 -5.0426 -10.2843 0.0000 0.0000 0.0000
1.6092 -5.1138 -9.6742 0.0000 0.0000 0.0000
1.5848 -5.1101 -10.2802 0.0000 0.0000 0.0000
1.4341 -4.6188 -10.2262 0.0000 0.0000 0.0000
1.1861 -4.6345 -9.8933 0.0000 0.0000 0.0000
1.2431 -4.6206 -10.1750 0.0000 0.0000 0.0000
1.8349 -4.7908 -10.1686 0.0000 0.0000 0.0000
1.7660 -5.2454 -8.8884 0.0000 0.0000 0.0000
1.8923 -5.1600 -9.3625 0.0000 0.0000 0.0000
1.1106 -4.7297 -9.0857 0.0000 0.0000 0.0000
1.7415 -5.1159 -9.3183 0.0000 0.0000 0.0000
1.4733 -4.6080 -9.2389 0.0000 0.0000 0.0000
1.5253 -4.8105 -8.9723 0.0000 0.0000 0.0000
1.4386 -5.2877 -9.2093 0.0000 0.0000 0.0000
1.4386 -5.1365 -8.6204 0.0000 0.0000 0.0000
1.5004 -4.7424 -7.9675 0.0000 0.0000 0.0000
1.8208 -5.3678 -7.9581 0.0000 0.0000 0.0000
1.5608 -4.6108 -7.7070 0.0000 0.0000 0.0000
1.4263 -4.9171 -8.0040 0.0000 0.0000 0.0000
1.1533 -4.9735 -7.7832 0.0000 0.0000 0.0000
1.6542 -4.7895 -7.7516 0.0000 0.0000 0.0000
1.5191 -4.8197 -8.0667 0.0000 0.0000 0.0000
1.6863 -5.3648 -7.9876 0.0000 0.0000 0.0000
1.2754 -5.2002 -6.6198 0.0000 0.0000 0.0000
1.2102 -4.6287 -6.7089 0.0000 0.0000 0.0000
1.2981 -5.1225 -6.6185 0.0000 0.0000 0.0000
1.4897 -5.2959 -6.7754 0.0000 0.0000 0.0000
1.7677 -5.0364 -7.1249 0.0000 0.0000 0.0000
1.3927 -5.2944 -7.1605 0.0000 0.0000 0.0000
1.3368 -5.3956 -6.6132 0.0000 0.0000 0.0000
1.2564 -4.9003 -6.8748 0.0000 0.0000 0.0000
1.2844 -5.1935 -5.7657 0.0000 0.0000 0.0000
1.4334 -4.6244 -6.0240 0.0000 0.0000 0.0000
1.6828 -5.1486 -5.6236 0.0000 0.0000 0.0000
1.6059 -5.1909 -5.8733 0.0000 0.0000 0.0000
1.5824 -5.3524 -5.6569 0.0000 0.0000 0.0000
1.1658 -4.9257 -6.3143 0.0000 0.0000 0.0000
1.7169 -5.2671 -6.0546 0.0000 0.0000 0.0000
1.8715 -4.6499 -6.1910 0.0000 0.0000 0.0000
1.4179 -4.8254 -5.3781 0.0000 0.0000 0.0000
1.7497 -4.7912 -5.2983 0.0000 0.0000 0.0000
1.5695 -4.6454 -4.8417 0.0000 0.0000 0.0000
1.4053 -4.6704 -4.7771 0.0000 0.0000 0.0000
1.4070 -4.6154 -4.8546 0.0000 0.0000 0.0000
1.5729 -4.8175 -5.3055 0.0000 0.0000 0.0000
1.8564 -4.6922 -5.2092 0.0000 0.0000 0.0000
1.1293 -4.8146 -5.0068 0.0000 0.0000 0.0000
1.3017 -5.3290 -4.3564 0.0000 0.0000 0.0000
1.8455 -5.1446 -4.0612 0.0000 0.0000 0.0000
1.4545 -4.6209 -3.6025 0.0000 0.0000 0.0000
1.2198 -4.7189 -4.3285 0.0000 0.0000 0.0000
1.6498 -4.8925 -4.0380 0.0000 0.0000 0.0000
1.3508 -4.8167 -3.7769 0.0000 0.0000 0.0000
1.4163 -4.8666 -3.8682 0.0000 0.0000 0.0000
1.8898 -4.9203 -3.6427 0.0000 0.0000 0.0000
1.6575 -4.7107 -3.2038 0.0000 0.0000 0.0000
1.6742 -5.0803 -3.0225 0.0000 0.0000 0.0000
1.3476 -4.8148 -3.1412 0.0000 0.0000 0.0000
1.2822 -5.1603 -2.6245 0.0000 0.0000 0.0000
1.4528 -5.0163 -3.0690 0.0000 0.0000 0.0000
1.6891 -5.2981 -3.2397 0.0000 0.0000 0.0000
1.6197 -5.1536 -2.8015 0.0000 0.0000 0.0000
1.3526 -5.2911 -3.1657 0.0000 0.0000 0.0000
1.1254 -3.8811 -11.6693 0.0000 0.0000 0.0000
1.3954 -3.9381 -11.7561 0.0000 0.0000 0.0000
1.5585 -4.1007 -12.1201 0.0000 0.0000 0.0000
1.3345 -3.9883 -11.7106 0.0000 0.0000 0.0000
1.1179 -3.8177 -11.9897 0.0000 0.0000 0.0000
1.7773 -4.1799 -12.3804 0.0000 0.0000 0.0000
1.4533 -4.1278 -12.0091 0.0000 0.0000 0.0000
1.2556 -3.8664 -12.1180 0.0000 0.0000 0.0000
1.5616 -4.2883 -11.1590 0.0000 0.0000 0.0000
1.5701 -4.1882 -10.9916 0.0000 0.0000 0.0000
1.6228 -3.8530 -10.6373 0.0000 0.0000 0.0000
1.2684 -3.7506 -11.2175 0.0000 0.0000 0.0000
1.1468 -3.6951 -11.3399 0.0000 0.0000 0.0000
1.1214 -3.6199 -10.7593 0.0000 0.0000 0.0000
1.3301 -3.9068 -10.7524 0.0000 0.0000 0.0000
1.8556 -4.2975 -11.3241 0.0000 0.0000 0.0000
1.1775 -4.1490 -9.6806 0.0000 0.0000 0.0000
1.6285 -4.0286 -10.0713 0.0000 0.0000 0.0000
1.6714 -3.9457 -9.8907 0.0000 0.0000 0.0000
1.5477 -4.2160 -10.3547 0.0000 0.0000 0.0000
1.6537 -4.2790 -9.6122 0.0000 0.0000 0.0000
1.1226 -4.0974 -9.9634 0.0000 0.0000 0.0000
1.7198 -3.8053 -10.3532 0.0000 0.0000 0.0000
1.6568 -3.9636 -10.1740 0.0000 0.0000 0.0000
1.7670 -4.0619 -9.1162 0.0000 0.0000 0.0000
1.8463 -4.3375 -9.3973 0.0000 0.0000 0.0000
1.8931 -4.3818 -8.6052 0.0000 0.0000 0.0000
1.3560 -3.8895 -8.6760 0.0000 0.0000 0.0000
1.3822 -3.6708 -9.1577 0.0000 0.0000 0.0000
1.2295 -4.2105 -9.2276 0.0000 0.0000 0.0000
1.2513 -4.1806 -9.1645 0.0000 0.0000 0.0000
1.7640 -4.1497 -8.9507 0.0000 0.0000 0.0000
1.7124 -4.2120 -7.6894 0.0000 0.0000 0.0000
1.6742 -3.8079 -8.2700 0.0000 0.0000 0.0000
1.6243 -4.0258 -7.9919 0.0000 0.0000 0.0000
1.3001 -3.8495 -8.1421 0.0000 0.0000 0.0000
1.5675 -4.2571 -7.7553 0.0000 0.0000 0.0000
1.4312 -3.7216 -8.1557 0.0000 0.0000 0.0000
1.3848 -4.0362 -7.6177 0.0000 0.0000 0.0000
1.6751 -4.1646 -8.3253 0.0000 0.0000 0.0000
1.2708 -3.6207 -7.0288 0.0000 0.0000 0.0000
1.1467 -4.0048 -7.0776 0.0000 0.0000 0.0000
1.8466 -4.3846 -7.2393 0.0000 0.0000 0.0000
1.6682 -4.0389 -6.8454 0.0000 0.0000 0.0000
1.3097 -4.2688 -7.0847 0.0000 0.0000 0.0000
1.6775 -3.8598 -7.1250 0.0000 0.0000 0.0000
1.5021 -3.6118 -7.1076 0.0000 0.0000 0.0000
1.7201 -3.7068 -6.9637 0.0000 0.0000 0.0000
1.4609 -3.7396 -5.7408 0.0000 0.0000 0.0000
1.7633 -3.8958 -5.6939 0.0000 0.0000 0.0000
1.8207 -4.0056 -6.0458 0.0000 0.0000 0.0000
1.6822 -4.0042 -6.0784 0.0000 0.0000 0.0000
1.7202 -3.6174 -5.6186 0.0000 0.0000 0.0000
1.2618 -4.1975 -6.3954 0.0000 0.0000 0.0000
1.4380 -4.2332 -6.1005 0.0000 0.0000 0.0000
1.7319 -4.2596 -5.6468 0.0000 0.0000 0.0000
1.2228 -3.8783 -5.2242 0.0000 0.0000 0.0000
1.6059 -4.1549 -4.8228 0.0000 0.0000 0.0000
1.7753 -3.9445 -5.2294 0.0000 0.0000 0.0000
1.6603 -3.9401 -5.1454 0.0000 0.0000 0.0000
1.8977 -4.2970 -4.6651 0.0000 0.0000 0.0000
1.5705 -4.3361 -4.6349 0.0000 0.0000 0.0000
1.2656 -3.8335 -5.3230 0.0000 0.0000 0.0000
1.1032 -4.2938 -5.2639 0.0000 0.0000 0.0000
1.6840 -3.8645 -4.3810 0.0000 0.0000 0.0000
1.1646 -4.1764 -4.1187 0.0000 0.0000 0.0000
1.6268 -4.1126 -3.8486 0.0000 0.0000 0.0000
1.4616 -4.2388 -3.8029 0.0000 0.0000 0.0000
1.6402 -4.0109 -4.0903 0.0000 0.0000 0.0000
1.2957 -3.9574 -4.2038 0.0000 0.0000 0.0000
1.2154 -3.8098 -4.1129 0.0000 0.0000 0.0000
1.7138 -4.1809 -3.9633 0.0000 0.0000 0.0000
1.4281 -4.2746 -3.0854 0.0000 0.0000 0.0000
1.7075 -4.1062 -2.7046 0.0000 0.0000 0.0000
1.8846 -4.0696 -2.9909 0.0000 0.0000 0.0000
1.6187 -3.6660 -2.8096 0.0000 0.0000 0.0000
1.8912 -3.8675 -2.6556 0.0000 0.0000 0.0000
1.1314 -4.2662 -3.1446 0.0000 0.0000 0.0000
1.6445 -4.2522 -2.8338 0.0000 0.0000 0.0000
1.7370 -4.0578 -3.2935 0.0000 0.0000 0.0000
1.7098 -2.8377 -12.0642 0.0000 0.0000 0.0000
1.2108 -2.7641 -12.1131 0.0000 0.0000 0.0000
1.3737 -3.3094 -12.3544 0.0000 0.0000 0.0000
1.6002 -3.3319 -12.3598 0.0000 0.0000 0.0000
1.2636 -3.1140 -11.9202 0.0000 0.0000 0.0000
1.7076 -2.9179 -12.2880 0.0000 0.0000 0.0000
1.8037 -3.0684 -11.6519 0.0000 0.0000 0.0000
1.1268 -3.2263 -11.6579 0.0000 0.0000 0.0000
1.4778 -2.9041 -10.7671 0.0000 0.0000 0.0000
1.7834 -2.6775 -11.1840 0.0000 0.0000 0.0000
1.7369 -3.3107 -11.2694 0.0000 0.0000 0.0000
1.2992 -2.7889 -10.7158 0.0000 0.0000 0.0000
1.1624 -2.9308 -11.2880 0.0000 0.0000 0.0000
1.2308 -3.2498 -10.6440 0.0000 0.0000 0.0000
1.7596 -2.8273 -11.0335 0.0000 0.0000 0.0000
1.3958 -3.2376 -11.3879 0.0000 0.0000 0.0000
1.1346 -3.0711 -9.7197 0.0000 0.0000 0.0000
1.1080 -3.2598 -10.2001 0.0000 0.0000 0.0000
1.4750 -3.2312 -9.6364 0.0000 0.0000 0.0000
1.3154 -2.9425 -9.8427 0.0000 0.0000 0.0000
1.7648 -2.9083 -10.2254 0.0000 0.0000 0.0000
1.6694 -3.2076 -9.9900 0.0000 0.0000 0.0000
1.4317 -3.3684 -10.1255 0.0000 0.0000 0.0000
1.8827 -3.1292 -9.6836 0.0000 0.0000 0.0000
1.3409 -3.3159 -9.3860 0.0000 0.0000 0.0000
1.8481 -3.2170 -8.7286 0.0000 0.0000 0.0000
1.1813 -3.2100 -8.9698 0.0000 0.0000 0.0000
1.2185 -2.9486 -8.6602 0.0000 0.0000 0.0000
1.4763 -3.1009 -8.8058 0.0000 0.0000 0.0000
1.2524 -3.0310 -9.0807 0.0000 0.0000 0.0000
1.5853 -3.0425 -9.1056 0.0000 0.0000 0.0000
1.4897 -3.2520 -9.2761 0.0000 0.0000 0.0000
1.3983 -2.9860 -8.0779 0.0000 0.0000 0.0000
1.4542 -2.6029 -7.7122 0.0000 0.0000 0.0000
1.5398 -3.1131 -8.1468 0.0000 0.0000 0.0000
1.2755 -2.9796 -8.3755 0.0000 0.0000 0.0000
1.2132 -2.7792 -7.9555 0.0000 0.0000 0.0000
1.8959 -3.1986 -7.9450 0.0000 0.0000 0.0000
1.6047 -2.7004 -8.2696 0.0000 0.0000 0.0000
1.4438 -3.2687 -8.0119 0.0000 0.0000 0.0000
1.4768 -2.9068 -6.8146 0.0000 0.0000 0.0000
1.5821 -2.9644 -6.8679 0.0000 0.0000 0.0000
1.4515 -3.1602 -6.6927 0.0000 0.0000 0.0000
1.2087 -2.6500 -7.3210 0.0000 0.0000 0.0000
1.3448 -2.8721 -7.3727 0.0000 0.0000 0.0000
1.4281 -2.9658 -7.1335 0.0000 0.0000 0.0000
1.7477 -3.0504 -6.9870 0.0000 0.0000 0.0000
1.7837 -2.8300 -7.1513 0.0000 0.0000 0.0000
1.3387 -2.6576 -5.9852 0.0000 0.0000 0.0000
1.2848 -3.3859 -6.0794 0.0000 0.0000 0.0000
1.1781 -3.1553 -5.7858 0.0000 0.0000 0.0000
1.8370 -3.1013 -6.0976 0.0000 0.0000 0.0000
1.3823 -2.9797 -6.1894 0.0000 0.0000 0.0000
1.2915 -3.3263 -6.3944 0.0000 0.0000 0.0000
1.6181 -2.9772 -5.9032 0.0000 0.0000 0.0000
1.2176 -2.7787 -6.1375 0.0000 0.0000 0.0000
1.3423 -3.0467 -5.3849 0.0000 0.0000 0.0000
1.7565 -2.6796 -5.2031 0.0000 0.0000 0.0000
1.3036 -3.3896 -4.9674 0.0000 0.0000 0.0000
1.3130 -3.1121 -4.7852 0.0000 0.0000 0.0000
1.6215 -2.6434 -5.3406 0.0000 0.0000 0.0000
1.1373 -2.9336 -4.9149 0.0000 0.0000 0.0000
1.6283 -3.3003 -4.9680 0.0000 0.0000 0.0000
1.8578 -3.0580 -4.9144 0.0000 0.0000 0.0000
1.3103 -3.3910 -3.8786 0.0000 0.0000 0.0000
1.4918 -3.2500 -3.9832 0.0000 0.0000 0.0000
1.8584 -2.8898 -4.3212 0.0000 0.0000 0.0000
1.7214 -2.6094 -3.6839 0.0000 0.0000 0.0000
1.1586 -3.3160 -3.7678 0.0000 0.0000 0.0000
1.4024 -2.9904 -3.6613 0.0000 0.0000 0.0000
1.2489 -2.9623 -3.9064 0.0000 0.0000 0.0000
1.2994 -2.9152 -3.9696 0.0000 0.0000 0.0000
1.6500 -3.2643 -2.9850 0.0000 0.0000 0.0000
1.7852 -2.6954 -2.6441 0.0000 0.0000 0.0000
1.6399 -2.6320 -2.7505 0.0000 0.0000 0.0000
1.3538 -2.6225 -3.0418 0.0000 0.0000 0.0000
1.1248 -2.8930 -3.1981 0.0000 0.0000 0.0000
1.4996 -2.7633 -2.6031 0.0000 0.0000 0.0000
1.1721 -2.7218 -2.9366 0.0000 0.0000 0.0000
1.1398 -3.2612 -2.8586 0.0000 0.0000 0.0000
1.8604 -2.3530 -12.2810 0.0000 0.0000 0.0000
1.4690 -1.8848 -11.9378 0.0000 0.0000 0.0000
1.6562 -2.3285 -12.3205 0.0000 0.0000 0.0000
1.6607 -1.7903 -12.3348 0.0000 0.0000 0.0000
1.7974 -1.9734 -12.0480 0.0000 0.0000 0.0000
1.8010 -1.7446 -11.8347 0.0000 0.0000 0.0000
1.3018 -2.0731 -11.9797 0.0000 0.0000 0.0000
1.5614 -2.1141 -11.8988 0.0000 0.0000 0.0000
1.5018 -1.6413 -11.2601 0.0000 0.0000 0.0000
1.5814 -1.7917 -10.7904 0.0000 0.0000 0.0000
1.2087 -1.6943 -11.0088 0.0000 0.0000 0.0000
1.7355 -2.0329 -11.1142 0.0000 0.0000 0.0000
1.8490 -2.1080 -10.9513 0.0000 0.0000 0.0000
1.1427 -2.3133 -10.7943 0.0000 0.0000 0.0000
1.7013 -2.1091 -11.2585 0.0000 0.0000 0.0000
1.2024 -1.9576 -10.7111 0.0000 0.0000 0.0000
1.7102 -1.8881 -9.6765 0.0000 0.0000 0.0000
1.5936 -2.2156 -9.6335 0.0000 0.0000 0.0000
1.3869 -2.0494 -9.9108 0.0000 0.0000 0.0000
1.3967 -2.1201 -9.6091 0.0000 0.0000 0.0000
1.8282 -2.3611 -9.8663 0.0000 0.0000 0.0000
1.3794 -1.7679 -9.8070 0.0000 0.0000 0.0000
1.1480 -2.0483 -9.6671 0.0000 0.0000 0.0000
1.8216 -1.9693 -9.7424 0.0000 0.0000 0.0000
1.6457 -2.3430 -9.2078 0.0000 0.0000 0.0000
1.5309 -1.9306 -8.6778 0.0000 0.0000 0.0000
1.5135 -2.3640 -9.0155 0.0000 0.0000 0.0000
1.6693 -2.3780 -9.3195 0.0000 0.0000 0.0000
1.8413 -1.6598 -8.9152 0.0000 0.0000 0.0000
1.4078 -2.1897 -8.6675 0.0000 0.0000 0.0000
1.7436 -2.1797 -9.2085 0.0000 0.0000 0.0000
1.4353 -2.1440 -8.6481 0.0000 0.0000 0.0000
1.1208 -1.6495 -8.1696 0.0000 0.0000 0.0000
1.8033 -2.0440 -8.0480 0.0000 0.0000 0.0000
1.7599 -1.9179 -7.8956 0.0000 0.0000 0.0000
1.2605 -2.1333 -7.6813 0.0000 0.0000 0.0000
1.3709 -2.1916 -7.9104 0.0000 0.0000 0.0000
1.3079 -2.1907 -8.0008 0.0000 0.0000 0.0000
1.1029 -2.2468 -8.1546 0.0000 0.0000 0.0000
1.7445 -2.0889 -7.9345 0.0000 0.0000 0.0000
1.2971 -2.3381 -7.2012 0.0000 0.0000 0.0000
1.4545 -2.2648 -7.0447 0.0000 0.0000 0.0000
1.5066 -2.3169 -7.1235 0.0000 0.0000 0.0000
1.1812 -2.3568 -6.9412 0.0000 0.0000 0.0000
1.5647 -2.1799 -6.9484 0.0000 0.0000 0.0000
1.2081 -1.9975 -7.1924 0.0000 0.0000 0.0000
1.3645 -2.1970 -6.7740 0.0000 0.0000 0.0000
1.2985 -1.9351 -6.7137 0.0000 0.0000 0.0000
1.4001 -2.0031 -5.6643 0.0000 0.0000 0.0000
1.1589 -2.3145 -5.9622 0.0000 0.0000 0.0000
1.8918 -2.3029 -6.0540 0.0000 0.0000 0.0000
1.6053 -1.6491 -5.8008 0.0000 0.0000 0.0000
1.8154 -1.7395 -6.3834 0.0000 0.0000 0.0000
1.8169 -2.3455 -6.3457 0.0000 0.0000 0.0000
1.4167 -1.6793 -5.7321 0.0000 0.0000 0.0000
1.6983 -1.8113 -6.0042 0.0000 0.0000 0.0000
1.5358 -1.9019 -5.3009 0.0000 0.0000 0.0000
1.3774 -1.9312 -5.0019 0.0000 0.0000 0.0000
1.6881 -2.2019 -5.1498 0.0000 0.0000 0.0000
1.7812 -1.6195 -4.7362 0.0000 0.0000 0.0000
1.4533 -2.2109 -5.0851 0.0000 0.0000 0.0000
1.4565 -2.1905 -4.6377 0.0000 0.0000 0.0000
1.3716 -1.6811 -4.9653 0.0000 0.0000 0.0000
1.5881 -1.7370 -4.6889 0.0000 0.0000 0.0000
1.6225 -1.7997 -3.6813 0.0000 0.0000 0.0000
1.4187 -1.8596 -4.0476 0.0000 0.0000 0.0000
1.1909 -1.9422 -3.7864 0.0000 0.0000 0.0000
1.3736 -1.8769 -4.0450 0.0000 0.0000 0.0000
1.2346 -2.0152 -4.3544 0.0000 0.0000 0.0000
1.1488 -2.3272 -4.2508 0.0000 0.0000 0.0000
1.5509 -1.7382 -4.0406 0.0000 0.0000 0.0000
1.8994 -2.3307 -4.2435 0.0000 0.0000 0.0000
1.6815 -1.7160 -2.6814 0.0000 0.0000 0.0000
1.4209 -1.7610 -3.0874 0.0000 0.0000 0.0000
1.1826 -2.0119 -3.3106 0.0000 0.0000 0.0000
1.1451 -1.8013 -2.7668 0.0000 0.0000 0.0000
1.5021 -2.1799 -2.6285 0.0000 0.0000 0.0000
1.2111 -1.7942 -2.6087 0.0000 0.0000 0.0000
1.3636 -2.1061 -3.3041 0.0000 0.0000 0.0000
1.3860 -1.9994 -3.2202 0.0000 0.0000 0.0000
1.5193 -0.8244 -11.7521 0.0000 0.0000 0.0000
1.6599 -0.9360 -12.2331 0.0000 0.0000 0.0000
1.3981 -0.8076 -12.3370 0.0000 0.0000 0.0000
1.4785 -1.1502 -12.1850 0.0000 0.0000 0.0000
1.5250 -0.9380 -12.3509 0.0000 0.0000 0.0000
1.1217 -1.1134 -11.7472 0.0000 0.0000 0.0000
1.4826 -0.8915 -11.9255 0.0000 0.0000 0.0000
1.4703 -1.2816 -12.1657 0.0000 0.0000 0.0000
1.2441 -0.6109 -10.7244 0.0000 0.0000 0.0000
1.8547 -1.1669 -11.1418 0.0000 0.0000 0.0000
1.7449 -0.9873 -11.0786 0.0000 0.0000 0.0000
1.3537 -0.6997 -11.2084 0.0000 0.0000 0.0000
1.6628 -0.9573 -10.6459 0.0000 0.0000 0.0000
1.1934 -0.6657 -10.9949 0.0000 0.0000 0.0000
1.1096 -1.3958 -11.0992 0.0000 0.0000 0.0000
1.6009 -0.6150 -10.7013 0.0000 0.0000 0.0000
1.3783 -1.1298 -10.2389 0.0000 0.0000 0.0000
1.5456 -0.7509 -10.2337 0.0000 0.0000 0.0000
1.7687 -0.9244 -9.9806 0.0000 0.0000 0.0000
1.3961 -0.7787 -9.9818 0.0000 0.0000 0.0000
1.4754 -0.8946 -9.6240 0.0000 0.0000 0.0000
1.7379 -0.9010 -10.0999 0.0000 0.0000 0.0000
1.1748 -0.9572 -9.8569 0.0000 0.0000 0.0000
1.8794 -1.3940 -10.2293 0.0000 0.0000 0.0000
1.4111 -1.0409 -8.7056 0.0000 0.0000 0.0000
1.2700 -1.0256 -8.7001 0.0000 0.0000 0.0000
1.8801 -1.3599 -8.7712 0.0000 0.0000 0.0000
1.7342 -1.3939 -9.0065 0.0000 0.0000 0.0000
1.2003 -1.0164 -8.9469 0.0000 0.0000 0.0000
1.5753 -0.9388 -8.9962 0.0000 0.0000 0.0000
1.7239 -0.9847 -8.8305 0.0000 0.0000 0.0000
1.1677 -0.8094 -9.2601 0.0000 0.0000 0.0000
1.8236 -0.7207 -8.3574 0.0000 0.0000 0.0000
1.4970 -1.2127 -7.9820 0.0000 0.0000 0.0000
1.4768 -0.7866 -7.9139 0.0000 0.0000 0.0000
1.2714 -0.7123 -8.1615 0.0000 0.0000 0.0000
1.7928 -0.7981 -8.2990 0.0000 0.0000 0.0000
1.5045 -0.7327 -7.7682 0.0000 0.0000 0.0000
1.8558 -1.1968 -8.2118 0.0000 0.0000 0.0000
1.2112 -0.6106 -7.6422 0.0000 0.0000 0.0000
1.4702 -0.6019 -7.3639 0.0000 0.0000 0.0000
1.1347 -0.7443 -6.6057 0.0000 0.0000 0.0000
1.1024 -1.2370 -7.1102 0.0000 0.0000 0.0000
1.8558 -1.3977 -7.2435 0.0000 0.0000 0.0000
1.7374 -1.3090 -7.0596 0.0000 0.0000 0.0000
1.5458 -1.2418 -6.9758 0.0000 0.0000 0.0000
1.7069 -1.3210 -7.1322 0.0000 0.0000 0.0000
1.5077 -1.0460 -6.9519 0.0000 0.0000 0.0000
1.7753 -0.7831 -5.7069 0.0000 0.0000 0.0000
1.3534 -1.3187 -6.0201 0.0000 0.0000 0.0000
1.2631 -0.8699 -6.0478 0.0000 0.0000 0.0000
1.6675 -0.7349 -5.8314 0.0000 0.0000 0.0000
1.4101 -0.9390 -5.8168 0.0000 0.0000 0.0000
1.1660 -1.2025 -6.2328 0.0000 0.0000 0.0000
1.2433 -0.7364 -6.0874 0.0000 0.0000 0.0000
1.3225 -1.3695 -5.7757 0.0000 0.0000 0.0000
1.5007 -1.0404 -4.7620 0.0000 0.0000 0.0000
1.5527 -0.8914 -4.9024 0.0000 0.0000 0.0000
1.2614 -1.3249 -5.0103 0.0000 0.0000 0.0000
1.6228 -0.6303 -4.9629 0.0000 0.0000 0.0000
1.1518 -1.3666 -5.3704 0.0000 0.0000 0.0000
1.6099 -1.0652 -5.0165 0.0000 0.0000 0.0000
1.4677 -1.2355 -4.9204 0.0000 0.0000 0.0000
1.1182 -0.6531 -4.7747 0.0000 0.0000 0.0000
1.3201 -0.9121 -4.1235 0.0000 0.0000 0.0000
1.4660 -0.8634 -4.0853 0.0000 0.0000 0.0000
1.1246 -0.8314 -4.3748 0.0000 0.0000 0.0000
1.5349 -0.6941 -3.9017 0.0000 0.0000 0.0000
1.3762 -0.7761 -4.2810 0.0000 0.0000 0.0000
1.7974 -0.6074 -4.0587 0.0000 0.0000 0.0000
1.8938 -0.9532 -3.8266 0.0000 0.0000 0.0000
1.5728 -0.9956 -4.0483 0.0000 0.0000 0.0000
1.1329 -0.7017 -3.1629 0.0000 0.0000 0.0000
1.4315 -1.1447 -3.3258 0.0000 0.0000 0.0000
1.3673 -0.8481 -3.2223 0.0000 0.0000 0.0000
1.1506 -1.2696 -3.3752 0.0000 0.0000 0.0000
1.6069 -1.0621 -3.2741 0.0000 0.0000 0.0000
1.4843 -1.0206 -2.9027 0.0000 0.0000 0.0000
1.5167 -0.6540 -2.9033 0.0000 0.0000 0.0000
1.1352 -1.0897 -3.0686 0.0000 0.0000 0.0000
1.8667 -0.2105 -12.0278 0.0000 0.0000 0.0000
1.4609 0.1529 -12.2087 0.0000 0.0000 0.0000
1.4400 -0.0270 -12.2885 0.0000 0.0000 0.0000
1.4467 0.2819 -11.6655 0.0000 0.0000 0.0000
1.7396 0.2798 -11.9881 0.0000 0.0000 0.0000
1.4953 0.3233 -12.0080 0.0000 0.0000 0.0000
1.3505 -0.2995 -12.0918 0.0000 0.0000 0.0000
1.2071 0.1718 -12.2882 0.0000 0.0000 0.0000
1.2970 -0.1495 -10.6422 0.0000 0.0000 0.0000
1.7660 -0.3297 -10.7701 0.0000 0.0000 0.0000
1.7119 -0.3904 -11.1291 0.0000 0.0000 0.0000
1.6825 0.3800 -11.3150 0.0000 0.0000 0.0000
1.6839 0.0162 -11.1892 0.0000 0.0000 0.0000
1.5247 0.3102 -10.8717 0.0000 0.0000 0.0000
1.5377 -0.1066 -10.7593 0.0000 0.0000 0.0000
1.8995 -0.3203 -11.3164 0.0000 0.0000 0.0000
1.5102 0.3572 -10.2149 0.0000 0.0000 0.0000
1.1238 -0.2305 -9.7215 0.0000 0.0000 0.0000
1.8266 -0.3360 -9.7444 0.0000 0.0000 0.0000
1.2362 -0.2875 -10.3234 0.0000 0.0000 0.0000
1.2221 -0.0560 -10.1104 0.0000 0.0000 0.0000
1.5666 -0.2838 -9.7796 0.0000 0.0000 0.0000
1.8874 0.0842 -9.6023 0.0000 0.0000 0.0000
1.8756 -0.2027 -9.7522 0.0000 0.0000 0.0000
1.2215 0.3935 -9.1281 0.0000 0.0000 0.0000
1.5513 -0.2296 -9.3669 0.0000 0.0000 0.0000
1.8215 0.1194 -9.1905 0.0000 0.0000 0.0000
1.4610 -0.0670 -9.2869 0.0000 0.0000 0.0000
1.6743 0.1627 -8.7771 0.0000 0.0000 0.0000
1.7947 0.1552 -9.1038 0.0000 0.0000 0.0000
1.3103 -0.1218 -9.1063 0.0000 0.0000 0.0000
1.6003 -0.0831 -9.3436 0.0000 0.0000 0.0000
1.3104 0.3117 -8.3692 0.0000 0.0000 0.0000
1.3473 0.0863 -7.7079 0.0000 0.0000 0.0000
1.7259 -0.0980 -7.9597 0.0000 0.0000 0.0000
1.1922 -0.0601 -7.7131 0.0000 0.0000 0.0000
1.8197 -0.0301 -7.8919 0.0000 0.0000 0.0000
1.2096 0.3796 -7.8892 0.0000 0.0000 0.0000
1.3405 0.3980 -7.6127 0.0000 0.0000 0.0000
1.1465 -0.2506 -8.1360 0.0000 0.0000 0.0000
1.4774 -0.0644 -7.1482 0.0000 0.0000 0.0000
1.7302 0.3273 -7.1425 0.0000 0.0000 0.0000
1.4520 0.2998 -7.1790 0.0000 0.0000 0.0000
1.2159 -0.2858 -6.7013 0.0000 0.0000 0.0000
1.7043 0.1969 -6.8471 0.0000 0.0000 0.0000
1.3745 -0.0824 -6.7361 0.0000 0.0000 0.0000
1.1695 -0.3175 -6.9490 0.0000 0.0000 0.0000
1.7804 0.1713 -6.9684 0.0000 0.0000 0.0000
1.3858 0.2707 -6.1578 0.0000 0.0000 0.0000
1.4963 0.1400 -6.2592 0.0000 0.0000 0.0000
1.5406 0.0952 -5.9272 0.0000 0.0000 0.0000
1.5829 0.2701 -6.0246 0.0000 0.0000 0.0000
1.8677 -0.3803 -5.9941 0.0000 0.0000 0.0000
1.5464 0.2604 -5.6351 0.0000 0.0000 0.0000
1.7220 -0.0232 -5.8483 0.0000 0.0000 0.0000
1.6544 -0.2979 -5.7030 0.0000 0.0000 0.0000
1.4895 -0.3011 -5.2172 0.0000 0.0000 0.0000
1.1675 -0.3937 -4.7748 0.0000 0.0000 0.0000
1.3593 -0.3158 -5.1489 0.0000 0.0000 0.0000
1.3457 0.2944 -5.3450 0.0000 0.0000 0.0000
1.3024 -0.0253 -5.0899 0.0000 0.0000 0.0000
1.8444 0.1978 -4.6070 0.0000 0.0000 0.0000
1.6597 -0.2551 -4.7004 0.0000 0.0000 0.0000
1.4154 -0.0796 -4.7402 0.0000 0.0000 0.0000
1.7986 0.3142 -4.3750 0.0000 0.0000 0.0000
1.1705 -0.0152 -3.8604 0.0000 0.0000 0.0000
1.7584 -0.2640 -3.8960 0.0000 0.0000 0.0000
1.6838 0.2935 -4.2836 0.0000 0.0000 0.0000
1.5000 -0.3453 -4.2215 0.0000 0.0000 0.0000
1.3976 -0.0397 -4.2323 0.0000 0.0000 0.0000
1.2559 0.0148 -3.9696 0.0000 0.0000 0.0000
1.8692 -0.3702 -4.3854 0.0000 0.0000 0.0000
1.4286 0.2898 -3.1959 0.0000 0.0000 0.0000
1.1545 0.0865 -3.3822 0.0000 0.0000 0.0000
1.4995 -0.0801 -3.0084 0.0000 0.0000 0.0000
1.3347 -0.0715 -2.7630 0.0000 0.0000 0.0000
1.8543 0.0098 -2.7096 0.0000 0.0000 0.0000
1.2964 0.0178 -2.7660 0.0000 0.0000 0.0000
1.2840 -0.0294 -2.9585 0.0000 0.0000 0.0000
1.7099 0.0665 -2.7962 0.0000 0.0000 0.0000
1.1378 0.9752 -11.8998 0.0000 0.0000 0.0000
1.8499 0.6574 -12.3839 0.0000 0.0000 0.0000
1.8134 0.6481 -11.9651 0.0000 0.0000 0.0000
1.2175 1.1856 -11.9326 0.0000 0.0000 0.0000
1.5453 0.6279 -12.0540 0.0000 0.0000 0.0000
1.7821 1.0857 -11.6982 0.0000 0.0000 0.0000
1.2111 1.0873 -11.9124 0.0000 0.0000 0.0000
1.7884 0.7133 -12.2857 0.0000 0.0000 0.0000
1.5275 1.1421 -10.6722 0.0000 0.0000 0.0000
1.4304 0.6288 -11.1159 0.0000 0.0000 0.0000
1.8635 0.9888 -10.6299 0.0000 0.0000 0.0000
1.1691 0.8905 -11.1139 0.0000 0.0000 0.0000
1.5795 0.7568 -11.0142 0.0000 0.0000 0.0000
1.2833 1.1060 -11.1043 0.0000 0.0000 0.0000
1.7210 0.8169 -11.3140 0.0000 0.0000 0.0000
1.6296 0.9465 -11.0840 0.0000 0.0000 0.0000
1.8682 1.1610 -10.1389 0.0000 0.0000 0.0000
1.5370 1.2508 -10.0399 0.0000 0.0000 0.0000
1.2649 0.6595 -10.3689 0.0000 0.0000 0.0000
1.4141 1.0281 -9.7861 0.0000 0.0000 0.0000
1.4522 0.9114 -9.8636 0.0000 0.0000 0.0000
1.8320 0.8165 -9.8194 0.0000 0.0000 0.0000
1.1240 1.0320 -10.0136 0.0000 0.0000 0.0000
1.6289 1.3905 -10.1021 0.0000 0.0000 0.0000
1.1654 1.3226 -8.6373 0.0000 0.0000 0.0000
1.2137 1.2224 -8.6538 0.0000 0.0000 0.0000
1.3487 1.0146 -9.2588 0.0000 0.0000 0.0000
1.8356 1.3520 -9.1780 0.0000 0.0000 0.0000
1.7374 1.0530 -8.9312 0.0000 0.0000 0.0000
1.4937 0.8068 -8.6729 0.0000 0.0000 0.0000
1.3742 1.2935 -8.9090 0.0000 0.0000 0.0000
1.7935 0.8654 -8.8207 0.0000 0.0000 0.0000
1.3291 1.2153 -8.2576 0.0000 0.0000 0.0000
1.8549 0.7877 -7.8444 0.0000 0.0000 0.0000
1.5204 1.2780 -8.0489 0.0000 0.0000 0.0000
1.1773 0.7129 -7.8611 0.0000 0.0000 0.0000
1.6456 1.3923 -8.1857 0.0000 0.0000 0.0000
1.5021 0.6939 -8.0716 0.0000 0.0000 0.0000
1.7384 1.1452 -8.2792 0.0000 0.0000 0.0000
1.7028 0.7349 -8.2408 0.0000 0.0000 0.0000
1.3946 1.3939 -7.3846 0.0000 0.0000 0.0000
1.8055 0.6641 -6.8190 0.0000 0.0000 0.0000
1.1471 0.8738 -7.2665 0.0000 0.0000 0.0000
1.3283 0.7028 -7.3220 0.0000 0.0000 0.0000
1.5529 1.3571 -6.9199 0.0000 0.0000 0.0000
1.8539 0.9176 -6.6205 0.0000 0.0000 0.0000
1.7025 1.1804 -7.2132 0.0000 0.0000 0.0000
1.8476 0.6995 -7.1968 0.0000 0.0000 0.0000
1.3687 1.1564 -6.2279 0.0000 0.0000 0.0000
1.8741 0.6569 -6.2983 0.0000 0.0000 0.0000
1.4951 0.9103 -5.9623 0.0000 0.0000 0.0000
1.5248 1.3625 -6.3709 0.0000 0.0000 0.0000
1.5749 0.7637 -5.9574 0.0000 0.0000 0.0000
1.2559 1.0908 -6.3571 0.0000 0.0000 0.0000
1.2410 1.2007 -6.1159 0.0000 0.0000 0.0000
1.6754 0.7942 -6.3751 0.0000 0.0000 0.0000
1.8734 1.2986 -5.3527 0.0000 0.0000 0.0000
1.7222 1.3340 -5.0549 0.0000 0.0000 0.0000
1.8402 0.9066 -4.6645 0.0000 0.0000 0.0000
1.4518 0.7591 -5.3000 0.0000 0.0000 0.0000
1.4906 0.8417 -4.8930 0.0000 0.0000 0.0000
1.7516 1.2671 -5.1810 0.0000 0.0000 0.0000
1.7844 1.1810 -5.2530 0.0000 0.0000 0.0000
1.5212 1.2355 -4.6819 0.0000 0.0000 0.0000
1.7483 0.7360 -4.3681 0.0000 0.0000 0.0000
1.4464 1.0790 -4.0988 0.0000 0.0000 0.0000
1.4089 0.7744 -4.3293 0.0000 0.0000 0.0000
1.7644 1.3724 -4.3917 0.0000 0.0000 0.0000
1.4641 0.8986 -3.7828 0.0000 0.0000 0.0000
1.8862 1.3094 -4.3949 0.0000 0.0000 0.0000
1.8168 1.3096 -3.8848 0.0000 0.0000 0.0000
1.1090 0.9084 -4.0248 0.0000 0.0000 0.0000
1.4491 0.8509 -2.7167 0.0000 0.0000 0.0000
1.4277 1.1230 -2.8102 0.0000 0.0000 0.0000
1.7857 0.7186 -3.3948 0.0000 0.0000 0.0000
1.8913 0.8153 -3.0050 0.0000 0.0000 0.0000
1.8305 0.6415 -3.2099 0.0000 0.0000 0.0000
1.8429 0.6201 -3.2571 0.0000 0.0000 0.0000
1.7267 0.6001 -3.0507 0.0000 0.0000 0.0000
1.5087 1.1346 -2.7714 0.0000 0.0000 0.0000
1.1309 2.1673 -11.6044 0.0000 0.0000 0.0000
1.6508 2.1143 -12.2545 0.0000 0.0000 0.0000
1.3183 2.1593 -12.2956 0.0000 0.0000 0.0000
1.6543 1.9714 -11.8357 0.0000 0.0000 0.0000
1.2614 1.8300 -11.8926 0.0000 0.0000 0.0000
1.8320 1.6774 -11.9990 0.0000 0.0000 0.0000
1.5729 2.0438 -12.0309 0.0000 0.0000 0.0000
1.1521 2.1006 -12.1478 0.0000 0.0000 0.0000
1.7915 2.0819 -11.3852 0.0000 0.0000 0.0000
1.5099 2.2784 -10.9081 0.0000 0.0000 0.0000
1.8019 2.0263 -11.1443 0.0000 0.0000 0.0000
1.6121 1.6468 -10.8896 0.0000 0.0000 0.0000
1.6402 1.6214 -11.2420 0.0000 0.0000 0.0000
1.2309 1.8267 -11.2358 0.0000 0.0000 0.0000
1.1090 1.7781 -10.7032 0.0000 0.0000 0.0000
1.8910 2.2251 -11.2585 0.0000 0.0000 0.0000
1.7208 1.6515 -10.2820 0.0000 0.0000 0.0000
1.1827 2.1239 -9.8317 0.0000 0.0000 0.0000
1.1112 2.0323 -10.0746 0.0000 0.0000 0.0000
1.4047 2.2286 -10.2652 0.0000 0.0000 0.0000
1.8155 2.1597 -9.8784 0.0000 0.0000 0.0000
1.1629 1.8709 -9.8131 0.0000 0.0000 0.0000
1.7882 1.8941 -9.8887 0.0000 0.0000 0.0000
1.1594 2.0579 -9.8559 0.0000 0.0000 0.0000
1.3580 2.2599 -8.9138 0.0000 0.0000 0.0000
1.6516 1.7907 -9.3961 0.0000 0.0000 0.0000
1.7608 2.0484 -9.2414 0.0000 0.0000 0.0000
1.1601 1.9705 -8.8682 0.0000 0.0000 0.0000
1.3777 1.7195 -8.6791 0.0000 0.0000 0.0000
1.8191 2.3037 -8.9550 0.0000 0.0000 0.0000
1.7810 2.3722 -9.3467 0.0000 0.0000 0.0000
1.4089 1.8091 -9.1653 0.0000 0.0000 0.0000
1.3965 1.9966 -7.9238 0.0000 0.0000 0.0000
1.2075 1.6380 -8.2702 0.0000 0.0000 0.0000
1.3283 2.0572 -7.9661 0.0000 0.0000 0.0000
1.2451 1.9161 -7.6090 0.0000 0.0000 0.0000
1.6822 2.3986 -7.8256 0.0000 0.0000 0.0000
1.3072 1.7335 -8.0141 0.0000 0.0000 0.0000
1.5814 1.8026 -7.8573 0.0000 0.0000 0.0000
1.5139 1.8373 -8.3832 0.0000 0.0000 0.0000
1.4394 2.2965 -7.2216 0.0000 0.0000 0.0000
1.3185 1.7959 -7.3521 0.0000 0.0000 0.0000
1.2927 1.8736 -7.2732 0.0000 0.0000 0.0000
1.5694 1.7858 -7.0603 0.0000 0.0000 0.0000
1.8892 1.8811 -6.7374 0.0000 0.0000 0.0000
1.2264 2.1955 -7.1597 0.0000 0.0000 0.0000
1.5384 1.6662 -7.2288 0.0000 0.0000 0.0000
1.3287 2.2881 -7.0359 0.0000 0.0000 0.0000
1.4450 1.6173 -5.9414 0.0000 0.0000 0.0000
1.6114 1.7671 -6.0888 0.0000 0.0000 0.0000
1.6727 2.2029 -6.1619 0.0000 0.0000 0.0000
1.4977 1.7870 -5.9600 0.0000 0.0000 0.0000
1.7576 2.1217 -6.1529 0.0000 0.0000 0.0000
1.1873 2.2912 -5.6681 0.0000 0.0000 0.0000
1.7828 2.3222 -6.0285 0.0000 0.0000 0.0000
1.6027 1.8722 -6.2314 0.0000 0.0000 0.0000
1.8591 2.2188 -5.0180 0.0000 0.0000 0.0000
1.1542 1.6019 -5.1779 0.0000 0.0000 0.0000
1.7650 2.3139 -4.9318 0.0000 0.0000 0.0000
1.7174 2.2257 -5.0971 0.0000 0.0000 0.0000
1.2318 2.2161 -4.7863 0.0000 0.0000 0.0000
1.5874 2.0047 -4.6209 0.0000 0.0000 0.0000
1.3021 1.6476 -5.1107 0.0000 0.0000 0.0000
1.4848 2.1277 -4.8523 0.0000 0.0000 0.0000
1.6835 2.0850 -4.2173 0.0000 0.0000 0.0000
1.1856 1.9236 -3.9394 0.0000 0.0000 0.0000
1.8182 2.3415 -4.0693 0.0000 0.0000 0.0000
1.2040 1.7298 -4.0202 0.0000 0.0000 0.0000
1.8713 1.6763 -4.2949 0.0000 0.0000 0.0000
1.2948 1.9281 -3.9701 0.0000 0.0000 0.0000
1.3568 2.1007 -3.6503 0.0000 0.0000 0.0000
1.4836 2.0982 -3.7653 0.0000 0.0000 0.0000
1.5517 2.3579 -2.6239 0.0000 0.0000 0.0000
1.3198 1.6945 -3.3235 0.0000 0.0000 0.0000
1.2919 1.7904 -3.3329 0.0000 0.0000 0.0000
1.5900 1.8355 -3.1654 0.0000 0.0000 0.0000
1.3387 1.9185 -2.8796 0.0000 0.0000 0.0000
1.1068 1.7758 -2.8408 0.0000 0.0000 0.0000
1.8829 1.8674 -3.2578 0.0000 0.0000 0.0000
1.4328 2.1790 -2.7796 0.0000 0.0000 0.0000
2.8830 -7.2193 -12.2324 0.0000 0.0000 0.0000
2.2837 -6.6386 -12.0215 0.0000 0.0000 0.0000
2.4776 -7.0461 -12.3828 0.0000 0.0000 0.0000
2.6594 -6.8990 -12.2319 0.0000 0.0000 0.0000
2.5782 -7.3513 -11.7481 0.0000 0.0000 0.0000
2.7019 -7.0719 -11.6241 0.0000 0.0000 0.0000
2.5642 -6.7312 -12.1230 0.0000 0.0000 0.0000
2.1081 -7.1782 -12.2132 0.0000 0.0000 0.0000
2.2781 -6.9044 -11.3050 0.0000 0.0000 0.0000
2.7835 -7.2092 -11.1014 0.0000 0.0000 0.0000
2.4412 -6.8299 -11.0623 0.0000 0.0000 0.0000
2.7441 -7.3914 -10.8158 0.0000 0.0000 0.0000
2.1762 -6.8985 -11.1296 0.0000 0.0000 0.0000
2.7738 -6.8309 -11.0755 0.0000 0.0000 0.0000
2.5029 -7.2639 -11.3412 0.0000 0.0000 0.0000
2.4658 -6.7061 -10.7922 0.0000 0.0000 0.0000
2.2651 -6.9820 -10.0525 0.0000 0.0000 0.0000
2.2782 -6.9320 -9.8828 0.0000 0.0000 0.0000
2.4146 -7.2911 -10.3311 0.0000 0.0000 0.0000
2.7406 -7.2600 -9.7767 0.0000 0.0000 0.0000
2.3280 -6.7433 -9.9874 0.0000 0.0000 0.0000
2.5806 -7.3275 -10.2290 0.0000 0.0000 0.0000
2.2199 -6.7613 -10.1630 0.0000 0.0000 0.0000
2.5546 -6.9136 -10.3454 0.0000 0.0000 0.0000
2.8700 -6.6058 -9.2195 0.0000 0.0000 0.0000
2.7667 -6.7896 -8.6982 0.0000 0.0000 0.0000
2.7810 -7.2188 -9.2299 0.0000 0.0000 0.0000
2.8459 -7.3650 -9.3687 0.0000 0.0000 0.0000
2.6456 -7.3555 -8.8146 0.0000 0.0000 0.0000
2.2661 -6.6885 -9.3304 0.0000 0.0000 0.0000
2.4415 -6.6378 -9.1962 0.0000 0.0000 0.0000
2.8961 -7.0313 -8.7670 0.0000 0.0000 0.0000
2.6505 -7.3280 -8.2038 0.0000 0.0000 0.0000
2.4503 -6.7669 -7.8225 0.0000 0.0000 0.0000
2.1672 -7.0591 -8.0345 0.0000 0.0000 0.0000
2.8439 -7.2369 -8.1717 0.0000 0.0000 0.0000
2.1846 -7.3806 -7.6827 0.0000 0.0000 0.0000
2.2180 -7.0136 -7.8631 0.0000 0.0000 0.0000
2.5776 -6.6479 -8.1309 0.0000 0.0000 0.0000
2.8940 -6.9712 -7.9967 0.0000 0.0000 0.0000
2.1228 -7.2476 -7.3769 0.0000 0.0000 0.0000
2.6955 -7.2263 -6.7332 0.0000 0.0000 0.0000
2.5850 -7.1549 -6.6780 0.0000 0.0000 0.0000
2.3190 -7.2002 -6.9216 0.0000 0.0000 0.0000
2.1921 -6.7648 -6.6496 0.0000 0.0000 0.0000
2.6695 -6.8078 -7.1092 0.0000 0.0000 0.0000
2.1151 -6.9716 -6.6182 0.0000 0.0000 0.0000
2.6859 -6.8810 -7.3652 0.0000 0.0000 0.0000
2.3219 -7.3576 -5.6124 0.0000 0.0000 0.0000
2.8484 -6.8330 -6.1329 0.0000 0.0000 0.0000
2.4786 -6.8122 -5.7696 0.0000 0.0000 0.0000
2.3533 -7.0942 -6.0603 0.0000 0.0000 0.0000
2.4002 -6.9679 -6.2651 0.0000 0.0000 0.0000
2.4427 -7.2397 -6.3509 0.0000 0.0000 0.0000
2.7062 -7.0198 -6.0515 0.0000 0.0000 0.0000
2.2430 -7.3351 -6.1817 0.0000 0.0000 0.0000
2.4698 -7.3399 -5.0510 0.0000 0.0000 0.0000
2.2683 -6.7542 -4.6093 0.0000 0.0000 0.0000
2.8249 -7.1027 -4.8792 0.0000 0.0000 0.0000
2.4421 -7.3955 -5.0421 0.0000 0.0000 0.0000
2.8332 -7.3718 -4.6800 0.0000 0.0000 0.0000
2.6734 -6.8378 -4.7496 0.0000 0.0000 0.0000
2.2841 -7.2669 -4.9844 0.0000 0.0000 0.0000
2.4060 -6.7405 -4.6405 0.0000 0.0000 0.0000
2.6207 -7.1743 -4.0479 0.0000 0.0000 0.0000
2.1413 -6.7328 -4.1827 0.0000 0.0000 0.0000
2.2493 -6.7997 -3.9338 0.0000 0.0000 0.0000
2.1613 -6.6929 -3.8656 0.0000 0.0000 0.0000
2.1431 -7.2914 -4.0498 0.0000 0.0000 0.0000
2.4635 -7.0249 -4.0872 0.0000 0.0000 0.0000
2.5892 -6.9265 -4.0288 0.0000 0.0000 0.0000
2.3411 -7.2288 -4.1039 0.0000 0.0000 0.0000
2.6879 -7.3415 -2.8958 0.0000 0.0000 0.0000
2.6709 -7.2541 -3.2392 0.0000 0.0000 0.0000
2.1137 -6.7197 -3.0911 0.0000 0.0000 0.0000
2.1878 -7.2901 -2.7271 0.0000 0.0000 0.0000
2.8010 -7.1629 -2.6724 0.0000 0.0000 0.0000
2.1138 -7.3433 -3.2261 0.0000 0.0000 0.0000
2.4676 -7.3470 -2.9425 0.0000 0.0000 0.0000
2.3333 -7.3825 -3.2541 0.0000 0.0000 0.0000
2.3695 -5.8272 -11.9776 0.0000 0.0000 0.0000
2.3821 -5.9773 -12.1801 0.0000 0.0000 0.0000
2.3994 -6.0902 -12.2050 0.0000 0.0000 0.0000
2.7913 -6.1727 -11.8860 0.0000 0.0000 0.0000
2.2249 -5.8470 -11.8273 0.0000 0.0000 0.0000
2.8134 -5.9279 -12.1118 0.0000 0.0000 0.0000
2.3454 -5.7226 -11.7115 0.0000 0.0000 0.0000
2.8071 -6.0989 -12.3303 0.0000 0.0000 0.0000
2.7869 -5.9172 -10.8633 0.0000 0.0000 0.0000
2.5379 -5.8200 -11.0398 0.0000 0.0000 0.0000
2.7093 -6.0478 -11.1890 0.0000 0.0000 0.0000
2.5145 -5.8889 -11.3128 0.0000 0.0000 0.0000
2.5899 -6.0275 -11.0932 0.0000 0.0000 0.0000
2.1903 -5.7302 -11.2052 0.0000 0.0000 0.0000
2.6201 -6.1723 -10.8749 0.0000 0.0000 0.0000
2.4237 -5.7643 -11.3410 0.0000 0.0000 0.0000
2.1310 -5.9848 -10.2498 0.0000 0.0000 0.0000
2.2353 -6.1649 -9.7533 0.0000 0.0000 0.0000
2.3378 -5.9598 -10.2179 0.0000 0.0000 0.0000
2.6846 -5.6041 -10.1445 0.0000 0.0000 0.0000
2.7393 -6.3019 -9.9591 0.0000 0.0000 0.0000
2.3175 -5.9034 -9.6369 0.0000 0.0000 0.0000
2.2725 -6.2625 -9.7140 0.0000 0.0000 0.0000
2.5523 -5.7608 -10.1857 0.0000 0.0000 0.0000
2.2788 -6.2408 -9.1743 0.0000 0.0000 0.0000
2.4474 -5.9469 -9.3913 0.0000 0.0000 0.0000
2.8183 -6.2965 -8.7586 0.0000 0.0000 0.0000
2.8420 -6.3390 -8.8730 0.0000 0.0000 0.0000
2.5359 -5.6370 -9.0164 0.0000 0.0000 0.0000
2.8854 -5.6010 -9.2012 0.0000 0.0000 0.0000
2.5741 -5.6792 -8.7530 0.0000 0.0000 0.0000
2.1686 -6.1110 -9.1203 0.0000 0.0000 0.0000
2.6044 -6.2744 -7.8027 0.0000 0.0000 0.0000
2.1120 -5.7923 -7.6458 0.0000 0.0000 0.0000
2.7931 -6.0247 -8.0874 0.0000 0.0000 0.0000
2.5070 -5.6924 -8.0368 0.0000 0.0000 0.0000
2.6875 -6.0449 -8.0486 0.0000 0.0000 0.0000
2.4968 -5.9969 -7.9330 0.0000 0.0000 0.0000
2.6961 -5.6151 -8.2697 0.0000 0.0000 0.0000
2.8124 -6.0229 -7.8423 0.0000 0.0000 0.0000
2.8759 -5.6493 -6.9614 0.0000 0.0000 0.0000
2.3788 -5.8472 -6.9492 0.0000 0.0000 0.0000
2.8958 -5.6302 -6.9652 0.0000 0.0000 0.0000
2.4057 -6.1792 -7.2778 0.0000 0.0000 0.0000
2.5989 -6.0768 -7.2144 0.0000 0.0000 0.0000
2.7756 -6.3764 -6.6278 0.0000 0.0000 0.0000
2.2689 -6.1511 -7.3925 0.0000 0.0000 0.0000
2.5645 -6.3216 -6.7932 0.0000 0.0000 0.0000
2.6350 -5.9072 -5.7236 0.0000 0.0000 0.0000
2.5027 -6.2309 -5.8717 0.0000 0.0000 0.0000
2.5843 -6.3594 -5.8952 0.0000 0.0000 0.0000
2.5049 -6.2861 -6.0536 0.0000 0.0000 0.0000
2.7136 -6.3788 -5.8676 0.0000 0.0000 0.0000
2.3132 -5.8515 -5.7139 0.0000 0.0000 0.0000
2.1857 -6.2006 -6.3890 0.0000 0.0000 0.0000
2.2953 -5.9685 -5.8116 0.0000 0.0000 0.0000
2.7891 -6.2828 -5.2588 0.0000 0.0000 0.0000
2.7544 -6.0671 -4.9491 0.0000 0.0000 0.0000
2.3232 -6.0503 -4.6035 0.0000 0.0000 0.0000
2.1355 -5.7034 -4.8435 0.0000 0.0000 0.0000
2.5641 -5.7088 -4.9654 0.0000 0.0000 0.0000
2.4267 -5.7961 -5.1752 0.0000 0.0000 0.0000
2.7467 -5.6413 -5.0146 0.0000 0.0000 0.0000
2.2878 -5.9951 -5.1424 0.0000 0.0000 0.0000
2.8160 -5.8470 -3.6212 0.0000 0.0000 0.0000
2.2560 -6.3926 -3.6778 0.0000 0.0000 0.0000
2.7863 -6.3029 -3.8901 0.0000 0.0000 0.0000
2.8502 -6.3149 -4.3587 0.0000 0.0000 0.0000
2.5343 -6.1873 -3.6675 0.0000 0.0000 0.0000
2.7228 -5.8285 -3.7253 0.0000 0.0000 0.0000
2.8994 -5.9390 -3.9735 0.0000 0.0000 0.0000
2.6529 -5.9881 -4.2118 0.0000 0.0000 0.0000
2.3149 -6.3115 -2.7334 0.0000 0.0000 0.0000
2.5489 -6.2146 -2.7500 0.0000 0.0000 0.0000
2.3679 -6.1167 -2.7109 0.0000 0.0000 0.0000
2.3381 -5.6761 -3.1723 0.0000 0.0000 0.0000
2.1045 -5.9572 -3.3184 0.0000 0.0000 0.0000
2.2179 -5.9032 -2.9378 0.0000 0.0000 0.0000
2.6766 -6.1647 -3.0222 0.0000 0.0000 0.0000
2.4095 -5.6218 -2.6857 0.0000 0.0000 0.0000
2.1273 -5.3560 -12.1891 0.0000 0.0000 0.0000
2.7875 -4.6562 -12.1218 0.0000 0.0000 0.0000
2.8648 -5.0509 -11.9826 0.0000 0.0000 0.0000
2.1674 -4.6486 -11.9252 0.0000 0.0000 0.0000
2.2237 -5.3997 -12.1503 0.0000 0.0000 0.0000
2.8770 -5.3361 -12.2974 0.0000 0.0000 0.0000
2.5237 -5.3162 -12.0785 0.0000 0.0000 0.0000
2.3493 -4.7935 -12.1807 0.0000 0.0000 0.0000
2.4413 -4.6490 -11.1109 0.0000 0.0000 0.0000
2.2043 -4.9095 -11.1726 0.0000 0.0000 0.0000
2.1485 -4.8656 -10.8376 0.0000 0.0000 0.0000
2.3173 -5.3298 -11.0716 0.0000 0.0000 0.0000
2.7746 -4.9660 -11.0261 0.0000 0.0000 0.0000
2.5373 -5.3957 -11.3350 0.0000 0.0000 0.0000
2.6480 -4.9610 -10.8205 0.0000 0.0000 0.0000
2.8466 -5.3023 -10.9477 0.0000 0.0000 0.0000
2.7301 -4.7940 -10.2456 0.0000 0.0000 0.0000
2.3118 -4.7711 -9.9365 0.0000 0.0000 0.0000
2.8266 -5.1328 -9.6540 0.0000 0.0000 0.0000
2.7141 -5.0426 -9.8968 0.0000 0.0000 0.0000
2.2823 -4.8789 -9.9282 0.0000 0.0000 0.0000
2.5325 -4.9148 -10.1376 0.0000 0.0000 0.0000
2.2656 -5.1507 -10.0093 0.0000 0.0000 0.0000
2.5315 -5.2189 -10.3199 0.0000 0.0000 0.0000
2.8401 -4.7796 -8.7594 0.0000 0.0000 0.0000
2.3644 -5.1890 -8.6249 0.0000 0.0000 0.0000
2.5655 -5.1084 -9.3537 0.0000 0.0000 0.0000
2.2129 -5.3640 -8.7080 0.0000 0.0000 0.0000
2.1457 -4.7156 -8.6174 0.0000 0.0000 0.0000
2.8190 -5.0893 -9.0745 0.0000 0.0000 0.0000
2.4532 -4.9956 -8.9336 0.0000 0.0000 0.0000
2.1190 -5.1518 -9.2596 0.0000 0.0000 0.0000
2.2626 -4.8929 -7.7914 0.0000 0.0000 0.0000
2.3027 -5.1364 -7.7582 0.0000 0.0000 0.0000
2.3579 -4.6847 -7.8308 0.0000 0.0000 0.0000
2.8472 -4.9894 -7.9324 0.0000 0.0000 0.0000
2.6136 -4.8550 -7.7538 0.0000 0.0000 0.0000
2.5492 -4.8186 -7.6791 0.0000 0.0000 0.0000
2.3757 -5.2631 -8.2456 0.0000 0.0000 0.0000
2.1568 -5.2462 -8.2318 0.0000 0.0000 0.0000
2.1977 -5.3984 -7.0842 0.0000 0.0000 0.0000
2.8342 -5.0711 -6.6438 0.0000 0.0000 0.0000
2.4805 -4.7315 -7.2525 0.0000 0.0000 0.0000
2.6223 -5.1452 -6.9765 0.0000 0.0000 0.0000
2.5070 -5.3982 -7.3601 0.0000 0.0000 0.0000
2.3793 -5.1232 -7.0344 0.0000 0.0000 0.0000
2.3983 -5.2943 -6.6576 0.0000 0.0000 0.0000
2.6706 -4.7852 -6.7293 0.0000 0.0000 0.0000
2.4213 -5.2104 -5.8009 0.0000 0.0000 0.0000
2.4115 -5.0370 -6.2867 0.0000 0.0000 0.0000
2.5231 -4.8684 -5.6710 0.0000 0.0000 0.0000
2.1131 -5.1533 -6.0660 0.0000 0.0000 0.0000
2.3516 -4.9783 -6.3808 0.0000 0.0000 0.0000
2.8425 -5.0574 -5.8576 0.0000 0.0000 0.0000
2.1474 -5.2034 -5.8634 0.0000 0.0000 0.0000
2.8481 -5.3261 -5.7205 0.0000 0.0000 0.0000
2.5459 -4.7573 -4.6565 0.0000 0.0000 0.0000
2.4867 -5.3285 -4.6105 0.0000 0.0000 0.0000
2.8245 -5.0014 -5.3555 0.0000 0.0000 0.0000
2.1684 -4.9901 -4.7782 0.0000 0.0000 0.0000
2.5192 -5.3776 -4.8239 0.0000 0.0000 0.0000
2.4340 -5.2908 -5.3789 0.0000 0.0000 0.0000
2.1928 -4.6028 -4.9515 0.0000 0.0000 0.0000
2.4877 -5.0242 -5.1586 0.0000 0.0000 0.0000
2.5008 -4.8066 -4.1391 0.0000 0.0000 0.0000
2.6753 -5.1042 -4.3218 0.0000 0.0000 0.0000
2.5585 -5.2028 -4.3796 0.0000 0.0000 0.0000
2.4237 -5.1261 -3.7814 0.0000 0.0000 0.0000
2.7968 -5.1163 -3.9031 0.0000 0.0000 0.0000
2.2013 -4.6733 -4.1199 0.0000 0.0000 0.0000
2.5294 -4.9065 -3.7983 0.0000 0.0000 0.0000
2.3854 -4.7437 -4.2375 0.0000 0.0000 0.0000
2.6063 -5.0159 -3.3217 0.0000 0.0000 0.0000
2.7111 -5.0430 -3.2741 0.0000 0.0000 0.0000
2.5346 -5.0312 -3.0172 0.0000 0.0000 0.0000
2.3245 -5.3612 -3.3726 0.0000 0.0000 0.0000
2.1059 -5.0056 -2.6795 0.0000 0.0000 0.0000
2.4986 -5.1070 -3.1283 0.0000 0.0000 0.0000
2.3209 -5.0578 -3.2194 0.0000 0.0000 0.0000
2.8867 -4.9726 -2.6331 0.0000 0.0000 0.0000
2.1604 -3.6858 -11.9692 0.0000 0.0000 0.0000
2.3368 -4.1820 -12.1888 0.0000 0.0000 0.0000
2.1488 -4.0802 -11.7544 0.0000 0.0000 0.0000
2.8859 -4.0127 -11.9024 0.0000 0.0000 0.0000
2.4938 -3.6793 -11.8093 0.0000 0.0000 0.0000
2.1620 -3.7083 -11.7344 0.0000 0.0000 0.0000
2.3132 -3.9686 -11.6636 0.0000 0.0000 0.0000
2.5817 -4.0874 -11.6639 0.0000 0.0000 0.0000
2.5833 -3.7079 -11.2448 0.0000 0.0000 0.0000
2.2392 -3.6448 -10.7627 0.0000 0.0000 0.0000
2.1992 -3.7195 -10.7396 0.0000 0.0000 0.0000
2.4067 -4.1454 -10.9470 0.0000 0.0000 0.0000
2.7336 -3.8302 -11.2271 0.0000 0.0000 0.0000
2.4552 -4.2604 -11.3129 0.0000 0.0000 0.0000
2.6226 -3.8191 -11.3744 0.0000 0.0000 0.0000
2.8257 -3.7673 -10.7410 0.0000 0.0000 0.0000
2.2200 -3.6390 -10.1056 0.0000 0.0000 0.0000
2.6998 -4.3209 -10.2020 0.0000 0.0000 0.0000
2.4851 -4.1869 -9.7499 0.0000 0.0000 0.0000
2.4627 -3.6990 -9.9194 0.0000 0.0000 0.0000
2.8516 -3.7410 -9.9381 0.0000 0.0000 0.0000
2.4058 -3.7227 -10.3210 0.0000 0.0000 0.0000
2.3083 -4.3342 -10.1147 0.0000 0.0000 0.0000
2.5333 -3.7093 -9.7209 0.0000 0.0000 0.0000
2.2125 -3.6311 -8.8674 0.0000 0.0000 0.0000
2.4382 -3.7886 -9.1962 0.0000 0.0000 0.0000
2.4533 -3.9489 -9.2968 0.0000 0.0000 0.0000
2.6393 -3.8216 -8.6551 0.0000 0.0000 0.0000
2.4185 -3.8589 -8.6040 0.0000 0.0000 0.0000
2.2587 -3.8251 -8.9458 0.0000 0.0000 0.0000
2.7734 -3.7158 -9.1375 0.0000 0.0000 0.0000
2.2048 -3.7175 -9.3064 0.0000 0.0000 0.0000
2.7674 -3.7460 -7.6497 0.0000 0.0000 0.0000
2.7726 -4.3718 -8.2201 0.0000 0.0000 0.0000
2.4501 -4.3991 -8.3665 0.0000 0.0000 0.0000
2.7025 -3.8587 -7.9225 0.0000 0.0000 0.0000
2.4762 -4.1143 -8.3977 0.0000 0.0000 0.0000
2.7788 -3.6890 -8.0528 0.0000 0.0000 0.0000
2.2712 -4.0175 -7.7114 0.0000 0.0000 0.0000
2.8041 -3.8505 -7.9540 0.0000 0.0000 0.0000
2.6825 -4.2362 -7.2748 0.0000 0.0000 0.0000
2.3625 -3.9208 -7.0320 0.0000 0.0000 0.0000
2.6256 -3.8133 -7.1400 0.0000 0.0000 0.0000
2.4832 -3.6157 -7.0049 0.0000 0.0000 0.0000
2.6697 -3.7864 -7.1035 0.0000 0.0000 0.0000
2.7571 -4.2684 -7.1034 0.0000 0.0000 0.0000
2.2700 -3.9156 -7.2557 0.0000 0.0000 0.0000
2.3060 -3.9575 -6.9548 0.0000 0.0000 0.0000
2.4948 -4.0068 -5.9827 0.0000 0.0000 0.0000
2.8396 -4.2200 -6.3950 0.0000 0.0000 0.0000
2.4367 -4.0840 -5.6402 0.0000 0.0000 0.0000
2.5708 -4.3925 -5.9835 0.0000 0.0000 0.0000
2.3323 -3.9021 -6.1896 0.0000 0.0000 0.0000
2.7214 -4.2787 -6.3357 0.0000 0.0000 0.0000
2.2416 -4.3987 -6.0953 0.0000 0.0000 0.0000
2.5789 -3.9896 -5.6797 0.0000 0.0000 0.0000
2.5594 -4.1194 -5.0725 0.0000 0.0000 0.0000
2.6244 -3.7026 -5.2591 0.0000 0.0000 0.0000
2.3007 -4.0713 -5.1417 0.0000 0.0000 0.0000
2.2631 -3.9810 -5.2024 0.0000 0.0000 0.0000
2.7383 -3.7795 -5.1815 0.0000 0.0000 0.0000
2.5624 -4.1897 -5.2787 0.0000 0.0000 0.0000
2.7898 -3.9408 -5.3619 0.0000 0.0000 0.0000
2.1126 -4.0816 -4.9657 0.0000 0.0000 0.0000
2.4046 -3.6769 -4.0762 0.0000 0.0000 0.0000
2.3423 -4.0207 -4.0119 0.0000 0.0000 0.0000
2.3557 -3.6596 -4.2438 0.0000 0.0000 0.0000
2.1726 -3.9141 -4.0459 0.0000 0.0000 0.0000
2.1065 -3.8730 -4.2625 0.0000 0.0000 0.0000
2.6934 -3.7626 -4.3943 0.0000 0.0000 0.0000
2.1902 -3.8412 -4.3391 0.0000 0.0000 0.0000
2.6065 -4.1955 -3.6927 0.0000 0.0000 0.0000
2.8778 -4.1853 -3.2002 0.0000 0.0000 0.0000
2.3430 -4.1170 -2.9201 0.0000 0.0000 0.0000
2.2882 -3.8345 -2.8217 0.0000 0.0000 0.0000
2.8124 -3.8096 -2.6477 0.0000 0.0000 0.0000
2.6706 -3.6225 -2.9362 0.0000 0.0000 0.0000
2.4301 -4.0904 -3.2654 0.0000 0.0000 0.0000
2.2068 -4.0067 -2.7149 0.0000 0.0000 0.0000
2.8484 -4.3414 -2.9559 0.0000 0.0000 0.0000
2.6957 -3.3557 -12.3534 0.0000 0.0000 0.0000
2.4922 -2.7142 -12.1711 0.0000 0.0000 0.0000
2.5288 -3.3633 -12.0526 0.0000 0.0000 0.0000
2.2767 -2.6925 -11.6944 0.0000 0.0000 0.0000
2.7230 -3.0546 -11.9327 0.0000 0.0000 0.0000
2.7032 -3.0816 -12.1438 0.0000 0.0000 0.0000
2.2247 -3.0630 -12.1271 0.0000 0.0000 0.0000
2.1483 -3.3564 -11.6974 0.0000 0.0000 0.0000
2.8009 -2.7015 -10.6351 0.0000 0.0000 0.0000
2.7110 -2.6477 -10.6685 0.0000 0.0000 0.0000
2.7315 -3.2112 -10.7085 0.0000 0.0000 0.0000
2.3044 -2.9872 -10.8479 0.0000 0.0000 0.0000
2.3267 -2.9981 -11.3327 0.0000 0.0000 0.0000
2.4132 -3.1214 -11.2814 0.0000 0.0000 0.0000
2.4519 -2.8172 -11.3978 0.0000 0.0000 0.0000
2.1056 -3.3656 -10.7003 0.0000 0.0000 0.0000
2.5586 -2.7358 -9.9655 0.0000 0.0000 0.0000
2.5079 -3.1953 -10.3991 0.0000 0.0000 0.0000
2.8964 -3.2297 -10.1230 0.0000 0.0000 0.0000
2.5283 -3.0465 -9.7573 0.0000 0.0000 0.0000
2.7681 -2.9251 -10.0742 0.0000 0.0000 0.0000
2.7061 -2.8993 -9.6527 0.0000 0.0000 0.0000
2.6870 -3.0653 -9.9558 0.0000 0.0000 0.0000
2.5437 -3.1693 -10.1983 0.0000 0.0000 0.0000
2.8001 -2.7074 -9.1780 0.0000 0.0000 0.0000
2.5928 -3.0605 -9.2899 0.0000 0.0000 0.0000
2.7551 -2.9862 -8.7397 0.0000 0.0000 0.0000
2.6628 -3.3918 -8.6593 0.0000 0.0000 0.0000
2.8318 -3.1496 -8.7762 0.0000 0.0000 0.0000
2.1070 -3.0737 -9.1170 0.0000 0.0000 0.0000
2.1093 -3.3097 -8.7911 0.0000 0.0000 0.0000
2.1176 -2.7113 -8.9055 0.0000 0.0000 0.0000
2.7940 -2.9256 -8.2038 0.0000 0.0000 0.0000
2.7922 -2.7734 -7.9532 0.0000 0.0000 0.0000
2.7601 -2.8899 -7.6025 0.0000 0.0000 0.0000
2.3815 -3.2704 -8.3837 0.0000 0.0000 0.0000
2.6894 -2.8320 -8.1594 0.0000 0.0000 0.0000
2.3282 -2.6670 -7.9311 0.0000 0.0000 0.0000
2.6019 -3.2959 -8.0315 0.0000 0.0000 0.0000
2.5275 -2.7707 -8.0597 0.0000 0.0000 0.0000
2.1737 -2.7281 -6.9539 0.0000 0.0000 0.0000
2.8273 -3.2951 -6.7137 0.0000 0.0000 0.0000
2.1412 -3.3546 -7.3795 0.0000 0.0000 0.0000
2.8270 -2.8327 -6.9512 0.0000 0.0000 0.0000
2.6413 -2.8948 -6.7894 0.0000 0.0000 0.0000
2.8708 -3.0947 -6.7202 0.0000 0.0000 0.0000
2.8908 -2.9390 -7.1144 0.0000 0.0000 0.0000
2.6341 -2.8360 -7.1002 0.0000 0.0000 0.0000
2.3379 -2.9290 -5.6404 0.0000 0.0000 0.0000
2.5444 -3.0698 -5.7816 0.0000 0.0000 0.0000
2.1321 -2.9986 -6.1733 0.0000 0.0000 0.0000
2.8728 -3.1764 -6.0860 0.0000 0.0000 0.0000
2.1090 -3.3466 -5.6808 0.0000 0.0000 0.0000
2.3281 -3.0274 -6.3896 0.0000 0.0000 0.0000
2.2679 -3.0348 -5.9778 0.0000 0.0000 0.0000
2.4497 -3.1055 -6.1016 0.0000 0.0000 0.0000
2.5698 -2.8401 -4.6339 0.0000 0.0000 0.0000
2.4220 -3.2626 -4.8295 0.0000 0.0000 0.0000
2.8727 -2.8431 -5.1739 0.0000 0.0000 0.0000
2.6303 -2.9565 -5.2502 0.0000 0.0000 0.0000
2.5831 -3.1359 -4.9738 0.0000 0.0000 0.0000
2.6444 -2.7470 -4.9747 0.0000 0.0000 0.0000
2.6801 -2.8169 -5.1991 0.0000 0.0000 0.0000
2.8193 -2.9913 -5.1270 0.0000 0.0000 0.0000
2.3510 -2.8349 -3.7566 0.0000 0.0000 0.0000
2.8960 -2.9963 -4.0685 0.0000 0.0000 0.0000
2.2225 -3.1079 -4.2566 0.0000 0.0000 0.0000
2.8641 -2.7461 -3.8909 0.0000 0.0000 0.0000
2.5484 -2.6278 -4.1852 0.0000 0.0000 0.0000
2.1618 -3.1936 -4.2658 0.0000 0.0000 0.0000
2.5493 -3.1000 -3.6502 0.0000 0.0000 0.0000
2.3758 -3.1651 -3.6572 0.0000 0.0000 0.0000
2.2237 -3.0649 -3.3774 0.0000 0.0000 0.0000
2.4987 -2.8833 -3.2623 0.0000 0.0000 0.0000
2.5769 -3.1878 -3.2993 0.0000 0.0000 0.0000
2.3374 -3.2323 -3.1199 0.0000 0.0000 0.0000
2.6083 -2.9024 -3.2396 0.0000 0.0000 0.0000
2.4015 -3.3385 -2.7680 0.0000 0.0000 0.0000
2.5268 -3.2659 -3.0015 0.0000 0.0000 0.0000
2.2804 -2.6644 -3.3646 0.0000 0.0000 0.0000
2.7347 -2.3661 -12.1409 0.0000 0.0000 0.0000
2.6521 -2.2609 -12.2964 0.0000 0.0000 0.0000
2.6369 -2.2987 -11.7309 0.0000 0.0000 0.0000
2.8367 -1.9262 -12.2073 0.0000 0.0000 0.0000
2.5854 -2.0637 -11.8712 0.0000 0.0000 0.0000
2.5874 -2.1806 -11.6039 0.0000 0.0000 0.0000
2.8544 -2.2602 -12.0292 0.0000 0.0000 0.0000
2.7633 -1.9729 -11.9523 0.0000 0.0000 0.0000
2.8097 -1.7729 -10.6075 0.0000 0.0000 0.0000
2.4634 -2.3328 -11.1693 0.0000 0.0000 0.0000
2.5846 -1.6117 -11.0782 0.0000 0.0000 0.0000
2.8639 -2.1470 -10.7490 0.0000 0.0000 0.0000
2.5995 -1.8922 -11.1665 0.0000 0.0000 0.0000
2.2716 -2.3058 -10.7820 0.0000 0.0000 0.0000
2.6155 -1.9005 -10.8652 0.0000 0.0000 0.0000
2.2173 -1.8314 -10.7620 0.0000 0.0000 0.0000
2.2125 -1.9969 -10.2552 0.0000 0.0000 0.0000
2.2827 -1.8018 -9.8885 0.0000 0.0000 0.0000
2.5730 -1.6432 -9.7086 0.0000 0.0000 0.0000
2.5024 -2.3478 -10.1696 0.0000 0.0000 0.0000
2.2908 -1.8028 -9.8249 0.0000 0.0000 0.0000
2.1960 -1.9925 -9.7326 0.0000 0.0000 0.0000
2.3756 -2.2609 -10.1460 0.0000 0.0000 0.0000
2.7124 -2.1069 -9.7424 0.0000 0.0000 0.0000
2.8493 -2.0927 -8.7047 0.0000 0.0000 0.0000
2.8975 -1.9628 -9.2397 0.0000 0.0000 0.0000
2.1753 -1.7301 -9.2362 0.0000 0.0000 0.0000
2.8199 -2.0611 -9.1048 0.0000 0.0000 0.0000
2.6512 -1.7355 -9.2352 0.0000 0.0000 0.0000
2.4133 -1.6288 -8.7682 0.0000 0.0000 0.0000
2.6362 -1.8824 -9.0391 0.0000 0.0000 0.0000
2.5399 -2.2864 -8.7079 0.0000 0.0000 0.0000
2.7639 -2.0744 -8.0432 0.0000 0.0000 0.0000
2.7440 -1.7918 -7.8431 0.0000 0.0000 0.0000
2.6327 -2.3196 -8.1050 0.0000 0.0000 0.0000
2.7573 -1.9166 -7.9589 0.0000 0.0000 0.0000
2.7272 -2.1832 -7.8906 0.0000 0.0000 0.0000
2.2646 -1.9815 -7.8255 0.0000 0.0000 0.0000
2.8003 -2.1947 -8.1439 0.0000 0.0000 0.0000
2.1076 -2.2175 -7.7424 0.0000 0.0000 0.0000
2.6469 -1.9320 -7.2261 0.0000 0.0000 0.0000
2.4467 -1.6075 -7.0973 0.0000 0.0000 0.0000
2.2873 -2.0176 -6.9943 0.0000 0.0000 0.0000
2.4313 -1.6793 -7.0945 0.0000 0.0000 0.0000
2.7211 -2.0088 -7.1462 0.0000 0.0000 0.0000
2.6722 -1.6811 -7.2609 0.0000 0.0000 0.0000
2.1133 -2.3098 -7.1993 0.0000 0.0000 0.0000
2.6952 -2.1238 -6.9729 0.0000 0.0000 0.0000
2.8257 -1.9590 -5.6166 0.0000 0.0000 0.0000
2.7605 -1.7187 -5.9419 0.0000 0.0000 0.0000
2.7987 -2.2129 -5.6215 0.0000 0.0000 0.0000
2.2287 -1.6541 -6.2208 0.0000 0.0000 0.0000
2.2655 -1.7097 -6.3277 0.0000 0.0000 0.0000
2.2964 -2.3921 -6.3332 0.0000 0.0000 0.0000
2.5097 -1.6105 -5.8314 0.0000 0.0000 0.0000
2.6125 -2.0379 -5.6475 0.0000 0.0000 0.0000
2.2444 -2.1508 -5.1939 0.0000 0.0000 0.0000
2.3925 -2.2874 -5.3569 0.0000 0.0000 0.0000
2.8452 -2.3889 -4.7946 0.0000 0.0000 0.0000
2.2863 -1.6266 -5.1225 0.0000 0.0000 0.0000
2.7420 -1.6787 -5.0306 0.0000 0.0000 0.0000
2.1095 -1.6475 -4.6074 0.0000 0.0000 0.0000
2.2535 -2.1446 -5.0329 0.0000 0.0000 0.0000
2.4957 -2.1028 -4.9899 0.0000 0.0000 0.0000
2.4940 -2.1973 -4.2523 0.0000 0.0000 0.0000
2.7504 -2.3405 -4.2831 0.0000 0.0000 0.0000
2.8292 -2.2332 -3.6751 0.0000 0.0000 0.0000
2.4397 -2.1764 -3.6680 0.0000 0.0000 0.0000
2.4784 -2.1966 -3.8337 0.0000 0.0000 0.0000
2.6759 -1.8753 -3.7161 0.0000 0.0000 0.0000
2.2123 -1.8407 -4.1479 0.0000 0.0000 0.0000
2.1468 -2.3875 -3.8554 0.0000 0.0000 0.0000
2.1446 -2.1374 -3.1525 0.0000 0.0000 0.0000
2.6032 -2.2111 -3.0258 0.0000 0.0000 0.0000
2.8481 -2.1553 -3.3993 0.0000 0.0000 0.0000
2.8330 -2.0314 -3.0392 0.0000 0.0000 0.0000
2.3143 -2.0837 -2.6478 0.0000 0.0000 0.0000
2.3948 -1.9536 -3.0577 0.0000 0.0000 0.0000
2.3602 -1.9485 -3.0538 0.0000 0.0000 0.0000
2.4494 -1.7636 -2.8347 0.0000 0.0000 0.0000
2.4930 -1.3279 -11.8555 0.0000 0.0000 0.0000
2.5604 -0.6706 -12.0234 0.0000 0.0000 0.0000
2.8992 -1.3955 -12.2158 0.0000 0.0000 0.0000
2.5429 -1.3742 -12.2835 0.0000 0.0000 0.0000
2.8301 -0.7654 -12.0436 0.0000 0.0000 0.0000
2.6844 -0.8097 -11.7523 0.0000 0.0000 0.0000
2.1318 -1.1085 -12.1150 0.0000 0.0000 0.0000
2.3937 -1.0767 -11.8779 0.0000 0.0000 0.0000
2.4603 -0.6230 -10.6820 0.0000 0.0000 0.0000
2.2729 -0.8786 -11.2711 0.0000 0.0000 0.0000
2.3694 -1.3259 -11.0511 0.0000 0.0000 0.0000
2.3855 -0.9761 -10.8837 0.0000 0.0000 0.0000
2.7352 -0.7544 -11.1818 0.0000 0.0000 0.0000
2.7154 -1.0913 -11.2940 0.0000 0.0000 0.0000
2.2719 -0.8111 -10.8288 0.0000 0.0000 0.0000
2.5954 -1.0227 -10.7572 0.0000 0.0000 0.0000
2.5289 -0.6830 -9.7766 0.0000 0.0000 0.0000
2.2938 -1.2904 -9.9024 0.0000 0.0000 0.0000
2.3508 -1.1375 -9.7514 0.0000 0.0000 0.0000
2.7439 -1.3492 -10.1628 0.0000 0.0000 0.0000
2.2608 -0.7803 -9.7127 0.0000 0.0000 0.0000
2.6548 -0.6641 -9.9962 0.0000 0.0000 0.0000
2.1554 -1.2470 -10.3237 0.0000 0.0000 0.0000
2.7177 -0.8601 -9.6014 0.0000 0.0000 0.0000
2.6563 -0.9346 -8.7825 0.0000 0.0000 0.0000
2.1261 -0.8716 -8.9918 0.0000 0.0000 0.0000
2.4872 -1.2778 -8.9908 0.0000 0.0000 0.0000
2.3817 -0.6908 -8.8002 0.0000 0.0000 0.0000
2.7918 -1.1508 -8.7509 0.0000 0.0000 0.0000
2.4387 -0.8433 -9.0203 0.0000 0.0000 0.0000
2.3513 -1.1263 -8.6213 0.0000 0.0000 0.0000
2.8385 -1.1163 -9.1470 0.0000 0.0000 0.0000
2.4497 -1.0001 -7.8579 0.0000 0.0000 0.0000
2.5523 -0.6999 -8.0604 0.0000 0.0000 0.0000
2.5977 -0.8160 -7.7025 0.0000 0.0000 0.0000
2.5163 -0.6323 -8.2388 0.0000 0.0000 0.0000
2.8782 -0.9875 -7.9794 0.0000 0.0000 0.0000
2.1248 -0.7554 -7.7447 0.0000 0.0000 0.0000
2.2245 -1.0006 -8.0898 0.0000 0.0000 0.0000
2.1092 -0.9274 -8.2155 0.0000 0.0000 0.0000
2.7513 -1.2441 -6.7226 0.0000 0.0000 0.0000
2.7025 -0.6593 -6.7958 0.0000 0.0000 0.0000
2.7577 -0.7528 -6.9104 0.0000 0.0000 0.0000
2.4172 -1.1807 -7.2085 0.0000 0.0000 0.0000
2.2191 -1.1656 -7.1500 0.0000 0.0000 0.0000
2.8897 -0.7614 -6.8255 0.0000 0.0000 0.0000
2.7326 -1.2044 -6.6024 0.0000 0.0000 0.0000
2.4684 -1.2387 -7.2090 0.0000 0.0000 0.0000
2.5424 -1.1984 -6.3742 0.0000 0.0000 0.0000
2.3668 -1.3793 -6.1420 0.0000 0.0000 0.0000
2.4183 -1.3439 -6.0758 0.0000 0.0000 0.0000
2.2927 -0.9469 -5.8816 0.0000 0.0000 0.0000
2.2195 -1.2081 -5.6646 0.0000 0.0000 0.0000
2.2954 -1.2518 -5.6879 0.0000 0.0000 0.0000
2.2767 -0.6297 -6.2716 0.0000 0.0000 0.0000
2.3927 -1.2082 -5.7506 0.0000 0.0000 0.0000
2.3217 -1.1736 -5.3696 0.0000 0.0000 0.0000
2.6428 -1.2120 -4.8245 0.0000 0.0000 0.0000
2.2385 -1.3771 -5.2343 0.0000 0.0000 0.0000
2.1532 -0.6280 -5.1500 0.0000 0.0000 0.0000
2.3353 -1.0494 -5.2970 0.0000 0.0000 0.0000
2.3227 -1.0902 -5.2709 0.0000 0.0000 0.0000
2.2483 -0.6262 -4.9626 0.0000 0.0000 0.0000
2.1956 -0.8169 -5.3465 0.0000 0.0000 0.0000
2.7132 -1.0443 -4.0539 0.0000 0.0000 0.0000
2.1567 -0.7308 -3.9698 0.0000 0.0000 0.0000
2.2188 -0.8831 -3.6708 0.0000 0.0000 0.0000
2.8056 -1.2163 -3.8577 0.0000 0.0000 0.0000
2.4386 -0.9707 -4.0374 0.0000 0.0000 0.0000
2.4953 -1.1090 -4.2382 0.0000 0.0000 0.0000
2.8317 -0.9868 -3.6887 0.0000 0.0000 0.0000
2.4202 -1.2710 -4.1365 0.0000 0.0000 0.0000
2.5034 -1.1143 -3.0107 0.0000 0.0000 0.0000
2.3187 -0.9799 -3.3211 0.0000 0.0000 0.0000
2.2357 -0.7124 -3.3366 0.0000 0.0000 0.0000
2.3061 -1.2132 -3.2049 0.0000 0.0000 0.0000
2.1679 -0.6406 -3.2230 0.0000 0.0000 0.0000
2.1594 -0.9926 -2.8851 0.0000 0.0000 0.0000
2.3780 -1.2153 -3.0949 0.0000 0.0000 0.0000
2.7238 -0.7409 -2.9562 0.0000 0.0000 0.0000
2.3545 0.0076 -11.6993 0.0000 0.0000 0.0000
2.1586 0.0667 -12.1039 0.0000 0.0000 0.0000
2.4681 0.1717 -11.9428 0.0000 0.0000 0.0000
2.1292 -0.3289 -12.3454 0.0000 0.0000 0.0000
2.1215 -0.1479 -11.6891 0.0000 0.0000 0.0000
2.8886 0.1735 -11.9606 0.0000 0.0000 0.0000
2.3532 0.3529 -12.3359 0.0000 0.0000 0.0000
2.1886 0.3995 -11.8840 0.0000 0.0000 0.0000
2.3727 0.2389 -10.6889 0.0000 0.0000 0.0000
2.5143 0.2793 -11.2133 0.0000 0.0000 0.0000
2.1942 -0.0633 -10.6253 0.0000 0.0000 0.0000
2.2545 -0.1551 -11.2983 0.0000 0.0000 0.0000
2.4723 0.3030 -10.9323 0.0000 0.0000 0.0000
2.5308 0.1535 -11.0361 0.0000 0.0000 0.0000
2.2523 -0.3194 -11.3586 0.0000 0.0000 0.0000
2.3027 0.3086 -11.3538 0.0000 0.0000 0.0000
2.2532 -0.1979 -10.0327 0.0000 0.0000 0.0000
2.3082 -0.2117 -10.2194 0.0000 0.0000 0.0000
2.8868 -0.0877 -10.2726 0.0000 0.0000 0.0000
2.3069 -0.2473 -10.0747 0.0000 0.0000 0.0000
2.4614 -0.0055 -10.2548 0.0000 0.0000 0.0000
2.1100 -0.0067 -10.0231 0.0000 0.0000 0.0000
2.1696 0.1343 -10.2227 0.0000 0.0000 0.0000
2.2943 -0.0725 -10.0694 0.0000 0.0000 0.0000
2.2357 -0.1774 -8.8498 0.0000 0.0000 0.0000
2.8172 -0.1510 -8.7570 0.0000 0.0000 0.0000
2.6181 0.1361 -8.8655 0.0000 0.0000 0.0000
2.6900 0.0162 -9.1604 0.0000 0.0000 0.0000
2.1398 -0.1055 -9.0681 0.0000 0.0000 0.0000
2.1933 0.3756 -9.0082 0.0000 0.0000 0.0000
2.3970 -0.0145 -8.7200 0.0000 0.0000 0.0000
2.5169 0.3004 -9.2230 0.0000 0.0000 0.0000
2.1681 0.0133 -8.3737 0.0000 0.0000 0.0000
2.3954 -0.3025 -7.9533 0.0000 0.0000 0.0000
2.5108 0.2771 -8.1561 0.0000 0.0000 0.0000
2.5852 -0.3083 -8.3323 0.0000 0.0000 0.0000
2.1206 0.3873 -7.6972 0.0000 0.0000 0.0000
2.5210 0.3769 -7.8329 0.0000 0.0000 0.0000
2.1601 0.0933 -8.3135 0.0000 0.0000 0.0000
2.7673 -0.1067 -7.9540 0.0000 0.0000 0.0000
2.6099 0.0262 -7.3510 0.0000 0.0000 0.0000
2.8439 0.2408 -7.2556 0.0000 0.0000 0.0000
2.7465 0.0660 -6.7126 0.0000 0.0000 0.0000
2.7229 -0.0848 -7.2366 0.0000 0.0000 0.0000
2.4467 -0.3354 -7.2298 0.0000 0.0000 0.0000
2.8595 0.3760 -7.2131 0.0000 0.0000 0.0000
2.2429 0.3513 -7.0358 0.0000 0.0000 0.0000
2.5315 0.0941 -7.2903 0.0000 0.0000 0.0000
2.3931 -0.2898 -6.3119 0.0000 0.0000 0.0000
2.2216 0.0654 -6.3617 0.0000 0.0000 0.0000
2.5133 -0.0468 -5.7125 0.0000 0.0000 0.0000
2.4091 -0.2010 -5.8312 0.0000 0.0000 0.0000
2.6853 0.2275 -6.0380 0.0000 0.0000 0.0000
2.7368 0.2717 -5.8798 0.0000 0.0000 0.0000
2.1502 -0.1325 -5.9708 0.0000 0.0000 0.0000
2.2582 -0.0956 -5.6765 0.0000 0.0000 0.0000
2.1625 0.2959 -4.8047 0.0000 0.0000 0.0000
2.3214 -0.2238 -5.1498 0.0000 0.0000 0.0000
2.2835 -0.2951 -5.2770 0.0000 0.0000 0.0000
2.2070 -0.0808 -4.6229 0.0000 0.0000 0.0000
2.1095 0.1636 -4.9809 0.0000 0.0000 0.0000
2.3804 -0.0015 -4.7112 0.0000 0.0000 0.0000
2.7498 -0.0594 -4.8302 0.0000 0.0000 0.0000
2.4164 0.3371 -5.1214 0.0000 0.0000 0.0000
2.8152 -0.2751 -3.7989 0.0000 0.0000 0.0000
2.6290 -0.1325 -4.1435 0.0000 0.0000 0.0000
2.7040 0.0390 -3.8576 0.0000 0.0000 0.0000
2.2360 0.0091 -3.8006 0.0000 0.0000 0.0000
2.4611 0.1981 -3.6178 0.0000 0.0000 0.0000
2.3346 0.1623 -3.8900 0.0000 0.0000 0.0000
2.1381 0.1347 -3.9631 0.0000 0.0000 0.0000
2.1407 -0.1318 -3.6476 0.0000 0.0000 0.0000
2.8840 0.2718 -2.6047 0.0000 0.0000 0.0000
2.7715 0.2218 -3.2704 0.0000 0.0000 0.0000
2.7103 -0.3503 -2.7547 0.0000 0.0000 0.0000
2.3306 -0.0022 -2.6833 0.0000 0.0000 0.0000
2.2251 -0.0389 -3.0424 0.0000 0.0000 0.0000
2.4374 0.0942 -3.2089 0.0000 0.0000 0.0000
2.4235 -0.0070 -2.8414 0.0000 0.0000 0.0000
2.2311 0.0836 -2.7272 0.0000 0.0000 0.0000
2.5113 1.2215 -12.1776 0.0000 0.0000 0.0000
2.5090 1.0625 -12.0074 0.0000 0.0000 0.0000
2.2350 1.2133 -12.0344 0.0000 0.0000 0.0000
2.6324 1.0766 -11.8859 0.0000 0.0000 0.0000
2.8253 0.9164 -12.3347 0.0000 0.0000 0.0000
2.2213 0.8360 -12.0967 0.0000 0.0000 0.0000
2.5110 1.2028 -11.6687 0.0000 0.0000 0.0000
2.2123 0.8963 -12.0620 0.0000 0.0000 0.0000
2.5504 1.3290 -11.2333 0.0000 0.0000 0.0000
2.1402 0.6188 -10.8944 0.0000 0.0000 0.0000
2.1029 1.3689 -11.2747 0.0000 0.0000 0.0000
2.4149 0.6784 -10.6606 0.0000 0.0000 0.0000
2.2259 1.3602 -10.9084 0.0000 0.0000 0.0000
2.6588 0.8699 -10.8534 0.0000 0.0000 0.0000
2.4117 1.1632 -11.2839 0.0000 0.0000 0.0000
2.6092 1.2024 -10.8974 0.0000 0.0000 0.0000
2.4505 0.8740 -9.9911 0.0000 0.0000 0.0000
2.1373 0.9957 -9.9354 0.0000 0.0000 0.0000
2.2662 0.6371 -9.6871 0.0000 0.0000 0.0000
2.1765 0.9366 -9.9937 0.0000 0.0000 0.0000
2.2826 0.6049 -10.2056 0.0000 0.0000 0.0000
2.7191 0.8074 -9.9075 0.0000 0.0000 0.0000
2.3063 1.0390 -9.8495 0.0000 0.0000 0.0000
2.6794 0.6808 -10.2908 0.0000 0.0000 0.0000
2.2780 0.7075 -8.8964 0.0000 0.0000 0.0000
2.8506 0.9838 -9.2168 0.0000 0.0000 0.0000
2.3181 1.0165 -8.7969 0.0000 0.0000 0.0000
2.3988 1.0596 -9.0429 0.0000 0.0000 0.0000
2.3491 0.6584 -9.1778 0.0000 0.0000 0.0000
2.7791 1.1498 -8.6724 0.0000 0.0000 0.0000
2.1241 1.1103 -9.0111 0.0000 0.0000 0.0000
2.5662 1.1418 -8.8169 0.0000 0.0000 0.0000
2.7443 0.8345 -7.6577 0.0000 0.0000 0.0000
2.4170 1.1913 -8.3205 0.0000 0.0000 0.0000
2.3309 1.0254 -8.0557 0.0000 0.0000 0.0000
2.6319 1.0230 -7.8266 0.0000 0.0000 0.0000
2.8987 0.9976 -7.8646 0.0000 0.0000 0.0000
2.7297 0.7914 -8.0027 0.0000 0.0000 0.0000
2.3700 1.2800 -7.9341 0.0000 0.0000 0.0000
2.8215 1.1877 -8.0617 0.0000 0.0000 0.0000
2.8908 0.7356 -7.0496 0.0000 0.0000 0.0000
2.5191 1.0999 -7.1340 0.0000 0.0000 0.0000
2.6999 0.8405 -6.7250 0.0000 0.0000 0.0000
2.7974 0.6332 -7.2337 0.0000 0.0000 0.0000
2.3233 0.9267 -7.2343 0.0000 0.0000 0.0000
2.4610 0.9380 -6.6323 0.0000 0.0000 0.0000
2.7437 0.6322 -7.1410 0.0000 0.0000 0.0000
2.5084 1.1992 -7.1885 0.0000 0.0000 0.0000
2.5139 1.3261 -6.3454 0.0000 0.0000 0.0000
2.6388 0.6863 -5.8818 0.0000 0.0000 0.0000
2.2922 0.7357 -5.8709 0.0000 0.0000 0.0000
2.6242 1.0927 -6.3723 0.0000 0.0000 0.0000
2.1056 0.9568 -6.3614 0.0000 0.0000 0.0000
2.7602 0.7428 -6.1509 0.0000 0.0000 0.0000
2.6201 1.1675 -5.6858 0.0000 0.0000 0.0000
2.5569 0.8405 -5.7957 0.0000 0.0000 0.0000
2.8269 0.7622 -5.2469 0.0000 0.0000 0.0000
2.6118 0.7162 -4.6449 0.0000 0.0000 0.0000
2.5043 1.2832 -5.1059 0.0000 0.0000 0.0000
2.1328 0.6389 -5.2604 0.0000 0.0000 0.0000
2.8662 0.7641 -5.2105 0.0000 0.0000 0.0000
2.1561 0.7928 -5.1054 0.0000 0.0000 0.0000
2.1435 1.3075 -4.7507 0.0000 0.0000 0.0000
2.8230 1.0983 -5.3509 0.0000 0.0000 0.0000
2.2092 0.6190 -3.8340 0.0000 0.0000 0.0000
2.7738 1.3943 -3.7866 0.0000 0.0000 0.0000
2.7823 1.0372 -4.1767 0.0000 0.0000 0.0000
2.1904 0.7158 -4.3780 0.0000 0.0000 0.0000
2.4435 1.0026 -4.2696 0.0000 0.0000 0.0000
2.3048 1.0459 -3.7800 0.0000 0.0000 0.0000
2.1032 0.8819 -4.0896 0.0000 0.0000 0.0000
2.5559 1.0032 -4.0017 0.0000 0.0000 0.0000
2.1373 1.1386 -2.6743 0.0000 0.0000 0.0000
2.7824 0.6039 -3.1934 0.0000 0.0000 0.0000
2.7540 1.1634 -3.2281 0.0000 0.0000 0.0000
2.4871 1.2537 -2.6660 0.0000 0.0000 0.0000
2.7169 1.2040 -3.2014 0.0000 0.0000 0.0000
2.2363 0.6471 -2.8087 0.0000 0.0000 0.0000
2.1071 1.0779 -3.1802 0.0000 0.0000 0.0000
2.7131 1.3213 -3.0111 0.0000 0.0000 0.0000
2.1694 1.9058 -11.6773 0.0000 0.0000 0.0000
2.1115 2.2660 -12.1637 0.0000 0.0000 0.0000
2.2662 1.8774 -11.7418 0.0000 0.0000 0.0000
2.8993 2.2480 -12.3240 0.0000 0.0000 0.0000
2.7203 2.2951 -12.1734 0.0000 0.0000 0.0000
2.8578 1.7769 -12.2615 0.0000 0.0000 0.0000
2.7527 1.6730 -12.0665 0.0000 0.0000 0.0000
2.1397 1.6875 -12.3155 0.0000 0.0000 0.0000
2.5396 2.1851 -11.2761 0.0000 0.0000 0.0000
2.8279 2.0633 -11.1593 0.0000 0.0000 0.0000
2.3844 2.2960 -11.3964 0.0000 0.0000 0.0000
2.5315 1.6739 -10.6778 0.0000 0.0000 0.0000
2.3447 1.7376 -11.2147 0.0000 0.0000 0.0000
2.6524 2.3722 -10.8053 0.0000 0.0000 0.0000
2.5602 2.3726 -11.2240 0.0000 0.0000 0.0000
2.4353 1.9771 -11.2663 0.0000 0.0000 0.0000
2.3628 1.9559 -9.9900 0.0000 0.0000 0.0000
2.8310 1.7506 -9.7818 0.0000 0.0000 0.0000
2.7501 2.2392 -9.7200 0.0000 0.0000 0.0000
2.3850 2.3228 -9.9527 0.0000 0.0000 0.0000
2.1416 1.7993 -9.8152 0.0000 0.0000 0.0000
2.2066 1.7493 -9.7620 0.0000 0.0000 0.0000
2.1155 1.7297 -9.6374 0.0000 0.0000 0.0000
2.3754 1.6393 -10.0145 0.0000 0.0000 0.0000
2.6980 2.1100 -8.9517 0.0000 0.0000 0.0000
2.3504 1.8912 -9.2501 0.0000 0.0000 0.0000
2.5869 2.3147 -9.1696 0.0000 0.0000 0.0000
2.4856 2.0173 -8.6121 0.0000 0.0000 0.0000
2.5284 1.8385 -9.0638 0.0000 0.0000 0.0000
2.6954 1.6730 -9.3126 0.0000 0.0000 0.0000
2.1783 1.6593 -9.3188 0.0000 0.0000 0.0000
2.1059 1.7271 -9.1367 0.0000 0.0000 0.0000
2.5003 1.9174 -7.8737 0.0000 0.0000 0.0000
2.3260 1.9159 -8.3612 0.0000 0.0000 0.0000
2.8218 2.1311 -8.3721 0.0000 0.0000 0.0000
2.6851 1.8434 -7.7372 0.0000 0.0000 0.0000
2.1313 2.1967 -8.2485 0.0000 0.0000 0.0000
2.7020 1.6894 -8.0648 0.0000 0.0000 0.0000
2.4244 2.0795 -7.7991 0.0000 0.0000 0.0000
2.3171 1.7101 -7.6519 0.0000 0.0000 0.0000
2.4279 2.3446 -7.0607 0.0000 0.0000 0.0000
2.8148 1.8995 -7.3249 0.0000 0.0000 0.0000
2.2101 1.9574 -7.0235 0.0000 0.0000 0.0000
2.4678 1.7003 -7.1255 0.0000 0.0000 0.0000
2.2065 1.7256 -6.6770 0.0000 0.0000 0.0000
2.5440 1.9304 -6.8990 0.0000 0.0000 0.0000
2.4158 2.1144 -6.9634 0.0000 0.0000 0.0000
2.2576 1.6619 -6.8322 0.0000 0.0000 0.0000
2.7583 2.2241 -6.2173 0.0000 0.0000 0.0000
2.4536 1.6307 -6.3968 0.0000 0.0000 0.0000
2.2184 2.1327 -5.9810 0.0000 0.0000 0.0000
2.1045 2.0439 -6.3367 0.0000 0.0000 0.0000
2.2441 1.6444 -5.6515 0.0000 0.0000 0.0000
2.3950 1.7292 -5.8446 0.0000 0.0000 0.0000
2.1210 1.8083 -6.3077 0.0000 0.0000 0.0000
2.2511 1.8297 -5.7404 0.0000 0.0000 0.0000
2.8349 2.2753 -4.7382 0.0000 0.0000 0.0000
2.1366 2.3685 -4.6713 0.0000 0.0000 0.0000
2.7965 2.3723 -4.9000 0.0000 0.0000 0.0000
2.4594 2.1369 -4.7912 0.0000 0.0000 0.0000
2.5130 2.2585 -5.2985 0.0000 0.0000 0.0000
2.2716 2.0108 -4.9729 0.0000 0.0000 0.0000
2.4002 2.1298 -5.2608 0.0000 0.0000 0.0000
2.8977 1.8292 -5.3244 0.0000 0.0000 0.0000
2.7786 2.3585 -3.9211 0.0000 0.0000 0.0000
2.2178 2.1534 -4.3715 0.0000 0.0000 0.0000
2.7101 1.9773 -3.7975 0.0000 0.0000 0.0000
2.5939 1.7679 -3.8969 0.0000 0.0000 0.0000
2.7849 1.6771 -3.7480 0.0000 0.0000 0.0000
2.2693 2.0649 -3.9040 0.0000 0.0000 0.0000
2.6662 2.1849 -3.8790 0.0000 0.0000 0.0000
2.5761 1.8823 -3.6582 0.0000 0.0000 0.0000
2.5173 2.3211 -2.7666 0.0000 0.0000 0.0000
2.1551 1.8223 -3.0309 0.0000 0.0000 0.0000
2.5265 1.9902 -2.8539 0.0000 0.0000 0.0000
2.3049 2.2112 -2.6914 0.0000 0.0000 0.0000
2.3469 1.7608 -2.7055 0.0000 0.0000 0.0000
2.5587 2.3342 -3.0233 0.0000 0.0000 0.0000
2.6008 1.8434 -3.0857 0.0000 0.0000 0.0000
2.1305 2.2077 -3.3717 0.0000 0.0000 0.0000
3.6321 -6.8745 -12.0792 0.0000 0.0000 0.0000
3.3988 -6.8450 -11.6891 0.0000 0.0000 0.0000
3.2908 -7.0299 -11.6874 0.0000 0.0000 0.0000
3.7422 -6.9652 -12.2353 0.0000 0.0000 0.0000
3.3431 -6.8957 -11.6186 0.0000 0.0000 0.0000
3.6544 -7.3588 -12.2986 0.0000 0.0000 0.0000
3.1913 -6.8219 -11.6571 0.0000 0.0000 0.0000
3.3555 -6.6147 -12.1272 0.0000 0.0000 0.0000
3.1007 -6.9930 -11.0706 0.0000 0.0000 0.0000
3.4277 -7.3971 -10.9965 0.0000 0.0000 0.0000
3.5507 -7.1836 -10.8176 0.0000 0.0000 0.0000
3.3457 -6.7091 -11.2348 0.0000 0.0000 0.0000
3.6800 -6.7952 -10.9228 0.0000 0.0000 0.0000
3.2798 -6.6551 -11.3435 0.0000 0.0000 0.0000
3.3563 -7.0419 -10.9012 0.0000 0.0000 0.0000
3.6115 -6.6157 -10.9515 0.0000 0.0000 0.0000
3.1228 -6.9741 -10.1716 0.0000 0.0000 0.0000
3.8570 -6.8698 -10.0770 0.0000 0.0000 0.0000
3.8518 -7.0141 -9.7670 0.0000 0.0000 0.0000
3.2172 -7.3844 -10.3515 0.0000 0.0000 0.0000
3.8485 -7.2057 -10.3281 0.0000 0.0000 0.0000
3.3143 -6.9794 -10.3544 0.0000 0.0000 0.0000
3.4461 -6.9650 -10.1906 0.0000 0.0000 0.0000
3.3427 -6.8521 -10.2327 0.0000 0.0000 0.0000
3.5999 -7.1686 -8.8652 0.0000 0.0000 0.0000
3.2592 -6.9149 -8.9735 0.0000 0.0000 0.0000
3.7377 -7.0097 -8.6869 0.0000 0.0000 0.0000
3.6173 -6.9973 -8.9419 0.0000 0.0000 0.0000
3.4807 -6.7418 -9.1704 0.0000 0.0000 0.0000
3.2949 -7.0376 -8.8238 0.0000 0.0000 0.0000
3.3527 -6.7819 -8.7699 0.0000 0.0000 0.0000
3.8165 -6.6450 -8.9049 0.0000 0.0000 0.0000
3.4279 -7.3760 -8.0838 0.0000 0.0000 0.0000
3.2692 -7.1794 -7.7005 0.0000 0.0000 0.0000
3.8395 -6.8298 -8.3207 0.0000 0.0000 0.0000
3.8678 -6.9475 -8.0564 0.0000 0.0000 0.0000
3.8913 -6.7117 -8.2531 0.0000 0.0000 0.0000
3.3085 -6.9584 -7.7561 0.0000 0.0000 0.0000
3.7004 -6.7964 -8.2598 0.0000 0.0000 0.0000
3.4325 -7.1189 -8.3669 0.0000 0.0000 0.0000
3.7059 -7.0464 -7.3008 0.0000 0.0000 0.0000
3.3747 -6.7389 -6.9948 0.0000 0.0000 0.0000
3.4545 -6.6323 -6.6900 0.0000 0.0000 0.0000
3.4298 -7.2172 -7.0647 0.0000 0.0000 0.0000
3.4784 -6.6097 -6.9605 0.0000 0.0000 0.0000
3.6914 -6.8442 -7.3473 0.0000 0.0000 0.0000
3.6471 -7.1184 -7.1310 0.0000 0.0000 0.0000
3.3888 -7.1747 -6.9871 0.0000 0.0000 0.0000
3.2816 -6.9294 -6.2049 0.0000 0.0000 0.0000
3.5032 -6.8959 -5.7638 0.0000 0.0000 0.0000
3.5839 -7.1145 -5.7176 0.0000 0.0000 0.0000
3.2661 -6.8122 -6.2947 0.0000 0.0000 0.0000
3.8955 -7.3394 -6.1725 0.0000 0.0000 0.0000
3.5528 -6.7072 -5.6034 0.0000 0.0000 0.0000
3.3205 -6.6301 -5.6457 0.0000 0.0000 0.0000
3.3582 -7.2032 -5.6743 0.0000 0.0000 0.0000
3.2153 -7.0444 -4.6196 0.0000 0.0000 0.0000
3.4510 -7.3866 -4.8648 0.0000 0.0000 0.0000
3.3424 -6.6828 -4.9660 0.0000 0.0000 0.0000
3.5141 -6.8105 -4.8851 0.0000 0.0000 0.0000
3.5548 -7.0869 -5.3971 0.0000 0.0000 0.0000
3.5741 -7.3913 -4.6858 0.0000 0.0000 0.0000
3.3648 -7.2562 -4.8512 0.0000 0.0000 0.0000
3.5190 -7.0398 -4.7115 0.0000 0.0000 0.0000
3.5506 -7.2414 -3.8067 0.0000 0.0000 0.0000
3.2100 -7.0304 -3.9870 0.0000 0.0000 0.0000
3.8361 -7.0959 -3.9390 0.0000 0.0000 0.0000
3.4435 -7.1821 -4.1990 0.0000 0.0000 0.0000
3.2953 -7.1634 -3.9669 0.0000 0.0000 0.0000
3.5748 -7.1431 -3.6666 0.0000 0.0000 0.0000
3.4815 -6.7277 -3.8003 0.0000 0.0000 0.0000
3.8003 -6.6133 -4.1300 0.0000 0.0000 0.0000
3.8173 -7.3156 -3.3233 0.0000 0.0000 0.0000
3.3371 -7.1638 -2.7200 0.0000 0.0000 0.0000
3.3643 -6.8093 -3.1465 0.0000 0.0000 0.0000
3.2309 -6.9756 -2.9136 0.0000 0.0000 0.0000
3.1817 -6.6095 -2.8709 0.0000 0.0000 0.0000
3.8028 -6.8603 -3.3105 0.0000 0.0000 0.0000
3.2057 -7.2385 -2.8168 0.0000 0.0000 0.0000
3.1064 -6.9066 -3.2011 0.0000 0.0000 0.0000
3.2458 -5.6815 -11.8732 0.0000 0.0000 0.0000
3.3112 -5.9766 -12.2823 0.0000 0.0000 0.0000
3.2211 -6.2985 -11.9047 0.0000 0.0000 0.0000
3.7309 -6.3011 -11.7906 0.0000 0.0000 0.0000
3.2788 -5.7063 -12.0907 0.0000 0.0000 0.0000
3.2797 -6.1078 -12.0270 0.0000 0.0000 0.0000
3.4733 -6.0821 -11.9041 0.0000 0.0000 0.0000
3.7539 -6.1553 -11.6245 0.0000 0.0000 0.0000
3.3872 -5.9911 -10.9410 0.0000 0.0000 0.0000
3.7956 -5.9233 -11.1120 0.0000 0.0000 0.0000
3.1442 -5.6114 -10.7610 0.0000 0.0000 0.0000
3.6578 -6.3937 -10.9452 0.0000 0.0000 0.0000
3.2028 -5.8523 -11.3789 0.0000 0.0000 0.0000
3.1517 -5.8059 -10.6892 0.0000 0.0000 0.0000
3.1517 -6.3924 -10.7221 0.0000 0.0000 0.0000
3.8905 -6.3254 -10.6597 0.0000 0.0000 0.0000
3.1071 -5.7838 -9.8858 0.0000 0.0000 0.0000
3.6191 -5.9600 -9.6126 0.0000 0.0000 0.0000
3.8557 -5.6383 -10.2779 0.0000 0.0000 0.0000
3.2533 -6.3342 -10.0693 0.0000 0.0000 0.0000
3.7238 -6.3970 -9.7622 0.0000 0.0000 0.0000
3.4105 -6.3932 -9.6214 0.0000 0.0000 0.0000
3.2689 -5.9720 -10.3024 0.0000 0.0000 0.0000
3.5503 -6.3663 -9.9675 0.0000 0.0000 0.0000
3.4505 -6.3545 -9.3360 0.0000 0.0000 0.0000
3.3897 -6.1269 -9.0179 0.0000 0.0000 0.0000
3.8099 -6.3458 -9.1606 0.0000 0.0000 0.0000
3.1994 -6.3214 -8.9398 0.0000 0.0000 0.0000
3.7441 -6.1178 -9.0944 0.0000 0.0000 0.0000
3.5808 -6.0457 -8.7339 0.0000 0.0000 0.0000
3.6890 -5.6323 -9.0180 0.0000 0.0000 0.0000
3.6165 -6.3212 -9.0993 0.0000 0.0000 0.0000
3.7019 -5.7269 -7.7285 0.0000 0.0000 0.0000
3.6985 -6.2474 -8.0662 0.0000 0.0000 0.0000
3.4162 -6.2693 -8.0023 0.0000 0.0000 0.0000
3.8395 -6.3582 -7.7198 0.0000 0.0000 0.0000
3.7843 -5.9399 -7.8649 0.0000 0.0000 0.0000
3.2564 -5.6994 -7.9156 0.0000 0.0000 0.0000
3.8953 -5.6709 -7.7457 0.0000 0.0000 0.0000
3.8205 -6.1242 -7.9004 0.0000 0.0000 0.0000
3.2505 -5.8467 -7.0344 0.0000 0.0000 0.0000
3.4003 -5.7714 -6.7237 0.0000 0.0000 0.0000
3.3794 -5.9665 -7.0000 0.0000 0.0000 0.0000
3.3025 -6.3225 -7.3898 0.0000 0.0000 0.0000
3.6018 -6.1365 -6.9210 0.0000 0.0000 0.0000
3.3122 -5.6836 -7.1162 0.0000 0.0000 0.0000
3.8232 -5.9083 -7.2359 0.0000 0.0000 0.0000
3.2439 -5.6706 -7.3400 0.0000 0.0000 0.0000
3.2007 -6.3681 -6.0232 0.0000 0.0000 0.0000
3.5180 -6.3691 -5.8883 0.0000 0.0000 0.0000
3.4470 -5.6266 -6.1544 0.0000 0.0000 0.0000
3.1641 -6.1925 -5.7292 0.0000 0.0000 0.0000
3.3414 -5.9114 -6.0200 0.0000 0.0000 0.0000
3.3666 -5.8816 -6.2757 0.0000 0.0000 0.0000
3.2055 -5.7939 -6.3408 0.0000 0.0000 0.0000
3.4349 -5.7118 -6.2731 0.0000 0.0000 0.0000
3.3069 -5.8407 -5.3925 0.0000 0.0000 0.0000
3.8959 -6.2213 -5.3085 0.0000 0.0000 0.0000
3.7085 -5.8894 -4.8059 0.0000 0.0000 0.0000
3.4342 -5.7046 -5.0667 0.0000 0.0000 0.0000
3.4549 -6.3132 -4.6425 0.0000 0.0000 0.0000
3.3178 -6.0891 -4.8625 0.0000 0.0000 0.0000
3.6477 -6.0117 -5.1350 0.0000 0.0000 0.0000
3.6115 -6.2056 -4.7460 0.0000 0.0000 0.0000
3.7667 -6.3680 -3.8726 0.0000 0.0000 0.0000
3.5791 -6.0504 -4.3264 0.0000 0.0000 0.0000
3.8648 -5.7755 -3.6458 0.0000 0.0000 0.0000
3.4970 -6.1157 -4.1340 0.0000 0.0000 0.0000
3.2188 -5.9480 -4.0973 0.0000 0.0000 0.0000
3.5543 -5.7909 -3.7010 0.0000 0.0000 0.0000
3.7740 -5.8072 -4.1966 0.0000 0.0000 0.0000
3.1789 -6.2252 -3.7521 0.0000 0.0000 0.0000
3.7927 -5.7323 -3.0713 0.0000 0.0000 0.0000
3.6850 -5.9063 -2.6895 0.0000 0.0000 0.0000
3.4579 -6.3729 -3.3171 0.0000 0.0000 0.0000
3.4199 -5.9224 -3.0069 0.0000 0.0000 0.0000
3.4177 -5.6516 -2.8625 0.0000 0.0000 0.0000
3.1853 -5.8602 -3.2571 0.0000 0.0000 0.0000
3.8581 -5.8566 -2.7570 0.0000 0.0000 0.0000
3.6260 -5.8627 -2.9370 0.0000 0.0000 0.0000
3.6332 -5.0064 -11.9482 0.0000 0.0000 0.0000
3.1480 -5.3151 -12.0355 0.0000 0.0000 0.0000
3.3885 -4.7242 -12.2855 0.0000 0.0000 0.0000
3.7751 -5.1453 -12.2318 0.0000 0.0000 0.0000
3.5181 -5.0005 -11.9095 0.0000 0.0000 0.0000
3.1750 -5.2991 -12.2936 0.0000 0.0000 0.0000
3.6537 -4.8897 -11.7327 0.0000 0.0000 0.0000
3.5775 -4.9318 -12.2003 0.0000 0.0000 0.0000
3.6885 -5.3651 -10.9903 0.0000 0.0000 0.0000
3.2067 -5.1422 -11.0295 0.0000 0.0000 0.0000
3.2495 -4.7595 -10.6493 0.0000 0.0000 0.0000
3.5224 -5.1496 -10.8043 0.0000 0.0000 0.0000
3.5771 -5.3766 -10.9699 0.0000 0.0000 0.0000
3.2141 -5.2538 -10.9312 0.0000 0.0000 0.0000
3.2731 -4.9024 -10.8955 0.0000 0.0000 0.0000
3.4094 -4.7977 -10.9532 0.0000 0.0000 0.0000
3.4151 -4.7822 -9.8413 0.0000 0.0000 0.0000
3.7893 -5.1147 -9.9510 0.0000 0.0000 0.0000
3.2274 -4.6512 -9.7896 0.0000 0.0000 0.0000
3.4861 -5.2081 -10.1805 0.0000 0.0000 0.0000
3.5457 -5.2537 -9.7819 0.0000 0.0000 0.0000
3.8813 -4.7715 -9.6417 0.0000 0.0000 0.0000
3.1486 -4.7752 -9.6886 0.0000 0.0000 0.0000
3.2371 -5.1796 -10.0652 0.0000 0.0000 0.0000
3.4654 -5.1492 -9.0472 0.0000 0.0000 0.0000
3.3151 -5.3237 -9.1196 0.0000 0.0000 0.0000
3.3682 -4.6521 -8.6267 0.0000 0.0000 0.0000
3.1477 -4.8837 -8.6865 0.0000 0.0000 0.0000
3.4068 -4.6215 -9.3362 0.0000 0.0000 0.0000
3.2582 -4.7886 -9.3140 0.0000 0.0000 0.0000
3.8251 -5.3049 -9.1324 0.0000 0.0000 0.0000
3.3193 -5.1840 -8.7404 0.0000 0.0000 0.0000
3.4055 -5.0547 -8.0789 0.0000 0.0000 0.0000
3.3896 -5.0384 -8.0882 0.0000 0.0000 0.0000
3.7321 -4.9659 -8.0774 0.0000 0.0000 0.0000
3.7242 -5.2959 -8.0723 0.0000 0.0000 0.0000
3.3886 -4.6452 -7.8791 0.0000 0.0000 0.0000
3.4147 -5.1966 -7.7153 0.0000 0.0000 0.0000
3.6592 -4.8182 -8.3448 0.0000 0.0000 0.0000
3.6884 -5.3722 -7.8070 0.0000 0.0000 0.0000
3.2186 -4.7833 -7.3354 0.0000 0.0000 0.0000
3.3845 -5.2431 -7.2941 0.0000 0.0000 0.0000
3.3050 -5.2313 -7.1600 0.0000 0.0000 0.0000
3.8691 -4.9367 -6.9817 0.0000 0.0000 0.0000
3.8097 -4.9460 -7.0200 0.0000 0.0000 0.0000
3.2059 -4.8316 -6.6843 0.0000 0.0000 0.0000
3.3410 -4.8635 -6.7363 0.0000 0.0000 0.0000
3.7072 -4.8913 -6.6664 0.0000 0.0000 0.0000
3.6550 -5.1364 -6.0963 0.0000 0.0000 0.0000
3.2038 -4.9490 -5.8865 0.0000 0.0000 0.0000
3.1228 -5.3361 -6.1419 0.0000 0.0000 0.0000
3.4871 -4.8748 -5.8863 0.0000 0.0000 0.0000
3.1272 -4.9707 -5.7141 0.0000 0.0000 0.0000
3.8091 -4.6370 -5.6207 0.0000 0.0000 0.0000
3.5271 -4.7134 -5.9036 0.0000 0.0000 0.0000
3.4850 -4.7631 -5.7907 0.0000 0.0000 0.0000
3.8430 -5.2767 -5.2792 0.0000 0.0000 0.0000
3.8797 -4.9447 -5.0546 0.0000 0.0000 0.0000
3.7707 -5.0632 -4.6560 0.0000 0.0000 0.0000
3.2583 -5.3849 -4.7789 0.0000 0.0000 0.0000
3.3851 -4.7430 -5.0523 0.0000 0.0000 0.0000
3.4014 -5.2320 -5.0749 0.0000 0.0000 0.0000
3.2137 -5.1710 -5.0570 0.0000 0.0000 0.0000
3.5151 -4.6223 -5.0083 0.0000 0.0000 0.0000
3.3610 -5.3175 -3.9855 0.0000 0.0000 0.0000
3.3336 -5.3517 -3.8290 0.0000 0.0000 0.0000
3.6349 -5.0518 -4.1817 0.0000 0.0000 0.0000
3.7796 -5.0216 -3.8642 0.0000 0.0000 0.0000
3.2041 -5.0483 -4.3430 0.0000 0.0000 0.0000
3.3772 -4.6538 -3.9414 0.0000 0.0000 0.0000
3.2003 -5.1888 -4.3703 0.0000 0.0000 0.0000
3.5876 -4.6531 -4.0188 0.0000 0.0000 0.0000
3.6499 -5.0242 -2.8789 0.0000 0.0000 0.0000
3.5311 -5.0975 -2.8337 0.0000 0.0000 0.0000
3.6684 -5.2595 -2.9283 0.0000 0.0000 0.0000
3.7551 -5.2382 -3.1747 0.0000 0.0000 0.0000
3.6940 -5.3640 -2.8372 0.0000 0.0000 0.0000
3.4835 -4.9481 -3.3746 0.0000 0.0000 0.0000
3.5569 -5.3705 -3.1240 0.0000 0.0000 0.0000
3.4777 -4.8215 -3.3550 0.0000 0.0000 0.0000
3.3875 -3.7698 -11.6029 0.0000 0.0000 0.0000
3.2347 -3.7334 -12.2314 0.0000 0.0000 0.0000
3.7384 -3.9797 -11.7379 0.0000 0.0000 0.0000
3.6251 -4.0953 -12.0526 0.0000 0.0000 0.0000
3.5896 -3.9447 -11.9867 0.0000 0.0000 0.0000
3.6372 -3.7434 -11.7204 0.0000 0.0000 0.0000
3.7149 -4.3385 -11.9750 0.0000 0.0000 0.0000
3.7860 -4.3380 -12.2566 0.0000 0.0000 0.0000
3.6076 -3.7439 -11.3130 0.0000 0.0000 0.0000
3.1541 -3.8476 -11.2856 0.0000 0.0000 0.0000
3.5279 -4.3855 -11.0687 0.0000 0.0000 0.0000
3.3863 -3.8376 -11.2696 0.0000 0.0000 0.0000
3.4483 -3.8219 -10.7259 0.0000 0.0000 0.0000
3.6602 -3.7061 -10.7025 0.0000 0.0000 0.0000
3.5804 -4.1431 -10.8981 0.0000 0.0000 0.0000
3.1849 -4.2186 -11.3051 0.0000 0.0000 0.0000
3.8676 -4.0790 -9.7182 0.0000 0.0000 0.0000
3.1876 -4.3965 -10.1570 0.0000 0.0000 0.0000
3.8060 -4.0956 -10.1386 0.0000 0.0000 0.0000
3.3790 -3.6928 -10.3069 0.0000 0.0000 0.0000
3.2212 -3.8204 -10.3450 0.0000 0.0000 0.0000
3.1683 -4.0640 -9.9718 0.0000 0.0000 0.0000
3.2751 -3.7501 -10.0644 0.0000 0.0000 0.0000
3.2303 -3.6517 -10.2578 0.0000 0.0000 0.0000
3.4687 -4.1939 -8.9586 0.0000 0.0000 0.0000
3.6995 -4.3560 -9.3578 0.0000 0.0000 0.0000
3.7314 -3.7653 -9.3185 0.0000 0.0000 0.0000
3.4862 -3.8601 -8.6204 0.0000 0.0000 0.0000
3.5973 -4.1562 -9.0478 0.0000 0.0000 0.0000
3.6553 -3.9824 -9.1481 0.0000 0.0000 0.0000
3.8533 -3.6952 -8.8306 0.0000 0.0000 0.0000
3.4304 -4.3017 -8.8074 0.0000 0.0000 0.0000
3.7883 -3.6241 -7.7047 0.0000 0.0000 0.0000
3.1320 -4.0273 -8.0331 0.0000 0.0000 0.0000
3.1779 -3.6886 -8.1460 0.0000 0.0000 0.0000
3.5085 -3.6794 -8.1700 0.0000 0.0000 0.0000
3.7454 -3.6952 -8.1485 0.0000 0.0000 0.0000
3.5985 -3.7027 -8.0501 0.0000 0.0000 0.0000
3.3233 -3.6918 -8.2889 0.0000 0.0000 0.0000
3.4086 -3.8477 -7.8983 0.0000 0.0000 0.0000
3.3591 -3.7060 -6.6705 0.0000 0.0000 0.0000
3.1103 -4.3330 -6.6706 0.0000 0.0000 0.0000
3.7219 -3.9932 -6.7699 0.0000 0.0000 0.0000
3.8327 -4.3019 -7.2927 0.0000 0.0000 0.0000
3.6056 -3.6441 -7.0590 0.0000 0.0000 0.0000
3.8063 -4.3927 -6.6934 0.0000 0.0000 0.0000
3.5029 -4.1890 -6.7933 0.0000 0.0000 0.0000
3.3457 -4.2118 -6.6900 0.0000 0.0000 0.0000
3.1091 -3.8173 -5.9753 0.0000 0.0000 0.0000
3.2831 -4.3563 -5.8272 0.0000 0.0000 0.0000
3.8159 -3.7630 -5.8457 0.0000 0.0000 0.0000
3.2341 -3.8194 -5.9598 0.0000 0.0000 0.0000
3.5108 -3.8089 -6.1926 0.0000 0.0000 0.0000
3.2613 -3.6150 -5.6893 0.0000 0.0000 0.0000
3.6784 -3.6505 -5.6579 0.0000 0.0000 0.0000
3.1834 -4.2537 -5.9780 0.0000 0.0000 0.0000
3.4398 -4.2860 -4.7662 0.0000 0.0000 0.0000
3.4792 -3.8132 -5.2102 0.0000 0.0000 0.0000
3.3906 -3.9816 -4.9205 0.0000 0.0000 0.0000
3.8654 -3.9153 -4.6072 0.0000 0.0000 0.0000
3.6716 -4.3037 -5.3136 0.0000 0.0000 0.0000
3.6225 -3.6925 -5.1904 0.0000 0.0000 0.0000
3.6845 -3.9360 -4.6589 0.0000 0.0000 0.0000
3.5335 -4.3628 -5.3502 0.0000 0.0000 0.0000
3.7952 -4.3574 -4.2762 0.0000 0.0000 0.0000
3.7821 -3.9999 -4.3681 0.0000 0.0000 0.0000
3.1905 -4.2993 -3.6123 0.0000 0.0000 0.0000
3.1486 -3.7613 -4.3277 0.0000 0.0000 0.0000
3.4014 -4.3146 -4.2002 0.0000 0.0000 0.0000
3.6253 -3.7487 -3.6951 0.0000 0.0000 0.0000
3.2631 -3.7604 -3.7208 0.0000 0.0000 0.0000
3.4463 -4.3276 -4.0156 0.0000 0.0000 0.0000
3.2872 -4.1935 -2.6138 0.0000 0.0000 0.0000
3.2303 -3.8833 -3.1469 0.0000 0.0000 0.0000
3.2669 -4.0983 -3.2780 0.0000 0.0000 0.0000
3.3266 -4.1954 -2.9114 0.0000 0.0000 0.0000
3.5163 -4.3076 -2.8366 0.0000 0.0000 0.0000
3.7962 -4.0561 -3.1472 0.0000 0.0000 0.0000
3.6329 -4.2030 -3.0520 0.0000 0.0000 0.0000
3.8265 -3.9906 -2.8888 0.0000 0.0000 0.0000
3.1002 -2.6351 -11.7168 0.0000 0.0000 0.0000
3.2967 -3.1066 -12.0410 0.0000 0.0000 0.0000
3.7974 -3.3161 -11.7645 0.0000 0.0000 0.0000
3.6726 -3.2942 -11.6075 0.0000 0.0000 0.0000
3.2730 -2.9989 -12.1027 0.0000 0.0000 0.0000
3.7451 -3.3191 -12.1567 0.0000 0.0000 0.0000
3.4120 -3.2989 -11.6426 0.0000 0.0000 0.0000
3.1178 -3.3594 -12.1368 0.0000 0.0000 0.0000
3.3439 -2.9414 -11.0596 0.0000 0.0000 0.0000
3.8927 -3.1080 -11.0704 0.0000 0.0000 0.0000
3.7585 -3.2206 -10.7824 0.0000 0.0000 0.0000
3.5679 -3.2220 -10.9864 0.0000 0.0000 0.0000
3.1019 -2.9970 -11.3907 0.0000 0.0000 0.0000
3.1930 -2.7977 -10.9959 0.0000 0.0000 0.0000
3.5905 -3.1250 -10.7791 0.0000 0.0000 0.0000
3.4263 -2.7302 -10.8108 0.0000 0.0000 0.0000
3.2068 -2.8051 -10.3156 0.0000 0.0000 0.0000
3.6097 -2.7334 -10.1781 0.0000 0.0000 0.0000
3.4767 -3.2248 -10.2540 0.0000 0.0000 0.0000
3.4055 -3.2183 -10.3404 0.0000 0.0000 0.0000
3.2722 -2.6011 -10.3532 0.0000 0.0000 0.0000
3.5903 -3.1213 -9.8389 0.0000 0.0000 0.0000
3.8413 -3.0161 -9.9518 0.0000 0.0000 0.0000
3.5522 -2.9117 -9.8191 0.0000 0.0000 0.0000
3.2672 -2.7814 -9.3587 0.0000 0.0000 0.0000
3.7615 -3.3640 -8.7793 0.0000 0.0000 0.0000
3.1042 -2.6665 -8.9404 0.0000 0.0000 0.0000
3.7449 -2.6778 -9.1743 0.0000 0.0000 0.0000
3.7977 -3.3361 -9.2787 0.0000 0.0000 0.0000
3.5279 -2.6561 -9.2865 0.0000 0.0000 0.0000
3.5750 -2.9060 -9.1070 0.0000 0.0000 0.0000
3.8118 -3.1409 -8.6333 0.0000 0.0000 0.0000
3.5777 -2.9130 -8.0755 0.0000 0.0000 0.0000
3.8757 -3.2984 -8.2972 0.0000 0.0000 0.0000
3.3076 -3.0470 -8.3747 0.0000 0.0000 0.0000
3.5238 -3.3948 -7.8414 0.0000 0.0000 0.0000
3.6060 -2.9058 -8.0287 0.0000 0.0000 0.0000
3.5757 -3.0616 -8.0169 0.0000 0.0000 0.0000
3.7822 -2.7736 -8.2968 0.0000 0.0000 0.0000
3.5571 -3.0539 -8.0119 0.0000 0.0000 0.0000
3.8901 -3.0577 -6.6018 0.0000 0.0000 0.0000
3.6373 -3.2976 -7.3873 0.0000 0.0000 0.0000
3.7536 -3.3461 -7.2995 0.0000 0.0000 0.0000
3.3752 -2.9087 -7.0534 0.0000 0.0000 0.0000
3.4821 -3.2942 -7.1033 0.0000 0.0000 0.0000
3.2577 -2.7887 -7.0870 0.0000 0.0000 0.0000
3.7730 -2.7394 -6.9476 0.0000 0.0000 0.0000
3.8076 -2.9831 -6.8959 0.0000 0.0000 0.0000
3.6413 -2.8239 -5.9255 0.0000 0.0000 0.0000
3.3246 -3.2481 -6.3475 0.0000 0.0000 0.0000
3.7641 -3.1490 -5.6899 0.0000 0.0000 0.0000
3.3263 -3.1627 -5.7116 0.0000 0.0000 0.0000
3.4024 -3.0255 -6.3460 0.0000 0.0000 0.0000
3.4795 -2.9880 -6.0081 0.0000 0.0000 0.0000
3.2407 -2.8319 -5.6090 0.0000 0.0000 0.0000
3.5987 -3.2548 -6.2485 0.0000 0.0000 0.0000
3.4768 -2.7369 -5.2975 0.0000 0.0000 0.0000
3.4312 -2.9661 -4.7502 0.0000 0.0000 0.0000
3.1934 -3.3471 -4.9584 0.0000 0.0000 0.0000
3.8361 -2.9483 -4.9052 0.0000 0.0000 0.0000
3.5458 -3.3566 -4.9615 0.0000 0.0000 0.0000
3.1383 -3.3556 -5.2254 0.0000 0.0000 0.0000
3.3512 -2.6123 -5.3004 0.0000 0.0000 0.0000
3.4249 -2.9796 -4.9541 0.0000 0.0000 0.0000
3.6072 -3.1334 -3.7804 0.0000 0.0000 0.0000
3.7272 -2.6187 -4.0891 0.0000 0.0000 0.0000
3.3826 -2.9758 -4.0558 0.0000 0.0000 0.0000
3.3361 -3.0251 -4.3570 0.0000 0.0000 0.0000
3.8224 -2.8336 -3.7998 0.0000 0.0000 0.0000
3.4993 -3.0849 -4.1311 0.0000 0.0000 0.0000
3.3148 -3.3763 -3.7354 0.0000 0.0000 0.0000
3.2915 -3.1267 -4.1930 0.0000 0.0000 0.0000
3.4435 -2.7262 -2.7910 0.0000 0.0000 0.0000
3.4950 -2.6397 -3.2623 0.0000 0.0000 0.0000
3.2630 -3.3027 -2.9887 0.0000 0.0000 0.0000
3.5745 -3.1603 -2.6388 0.0000 0.0000 0.0000
3.7820 -2.8480 -3.3849 0.0000 0.0000 0.0000
3.1352 -2.6945 -3.2247 0.0000 0.0000 0.0000
3.8366 -3.3524 -3.2466 0.0000 0.0000 0.0000
3.6562 -2.8835 -3.2235 0.0000 0.0000 0.0000
3.5385 -1.9279 -11.9969 0.0000 0.0000 0.0000
3.3076 -2.2616 -11.6119 0.0000 0.0000 0.0000
3.8328 -2.0723 -12.3966 0.0000 0.0000 0.0000
3.3045 -1.7413 -12.1538 0.0000 0.0000 0.0000
3.6574 -1.9319 -12.1641 0.0000 0.0000 0.0000
3.6320 -1.8685 -12.2390 0.0000 0.0000 0.0000
3.8456 -2.2686 -12.2668 0.0000 0.0000 0.0000
3.1176 -1.9501 -11.6851 0.0000 0.0000 0.0000
3.5290 -1.8534 -11.3206 0.0000 0.0000 0.0000
3.1941 -1.8839 -11.2994 0.0000 0.0000 0.0000
3.7391 -1.6308 -11.0957 0.0000 0.0000 0.0000
3.1730 -2.3214 -11.0375 0.0000 0.0000 0.0000
3.3638 -1.6708 -11.2417 0.0000 0.0000 0.0000
3.8043 -1.7132 -11.1699 0.0000 0.0000 0.0000
3.4744 -1.6103 -11.2613 0.0000 0.0000 0.0000
3.8654 -1.8307 -11.0897 0.0000 0.0000 0.0000
3.5715 -2.3466 -10.3665 0.0000 0.0000 0.0000
3.4854 -1.8879 -9.7459 0.0000 0.0000 0.0000
3.8465 -2.2313 -9.8402 0.0000 0.0000 0.0000
3.7594 -2.3646 -9.8056 0.0000 0.0000 0.0000
3.2255 -1.8839 -10.2004 0.0000 0.0000 0.0000
3.4517 -2.1721 -9.6062 0.0000 0.0000 0.0000
3.3072 -2.3770 -9.6640 0.0000 0.0000 0.0000
3.7113 -1.9385 -10.3433 0.0000 0.0000 0.0000
3.5799 -1.6636 -9.1780 0.0000 0.0000 0.0000
3.6562 -2.0252 -9.1321 0.0000 0.0000 0.0000
3.2408 -2.3337 -9.0801 0.0000 0.0000 0.0000
3.7094 -1.7428 -9.2276 0.0000 0.0000 0.0000
3.6870 -2.0582 -8.8490 0.0000 0.0000 0.0000
3.4900 -2.2026 -9.1182 0.0000 0.0000 0.0000
3.7539 -1.9619 -8.7479 0.0000 0.0000 0.0000
3.3271 -1.7956 -9.1247 0.0000 0.0000 0.0000
3.1793 -1.9421 -7.9649 0.0000 0.0000 0.0000
3.2100 -1.9508 -7.6582 0.0000 0.0000 0.0000
3.6520 -2.0048 -8.0822 0.0000 0.0000 0.0000
3.3824 -2.0230 -7.7782 0.0000 0.0000 0.0000
3.1564 -1.7310 -8.2639 0.0000 0.0000 0.0000
3.8373 -1.9105 -7.6372 0.0000 0.0000 0.0000
3.1609 -1.8968 -8.0428 0.0000 0.0000 0.0000
3.4207 -1.6063 -7.8170 0.0000 0.0000 0.0000
3.4925 -2.3191 -7.2977 0.0000 0.0000 0.0000
3.5846 -1.9763 -7.3980 0.0000 0.0000 0.0000
3.7225 -1.6754 -6.7639 0.0000 0.0000 0.0000
3.1836 -1.9563 -6.9119 0.0000 0.0000 0.0000
3.1332 -2.3092 -7.3489 0.0000 0.0000 0.0000
3.8947 -1.9501 -7.0028 0.0000 0.0000 0.0000
3.4705 -2.0090 -6.7712 0.0000 0.0000 0.0000
3.4209 -1.6578 -6.9575 0.0000 0.0000 0.0000
3.5604 -1.8826 -6.0026 0.0000 0.0000 0.0000
3.8751 -2.2747 -5.7706 0.0000 0.0000 0.0000
3.2288 -1.9595 -5.7531 0.0000 0.0000 0.0000
3.7286 -2.1276 -5.8205 0.0000 0.0000 0.0000
3.2438 -1.8898 -6.2299 0.0000 0.0000 0.0000
3.3592 -2.2342 -6.0065 0.0000 0.0000 0.0000
3.8633 -2.0902 -5.9503 0.0000 0.0000 0.0000
3.1099 -1.6923 -5.8273 0.0000 0.0000 0.0000
3.8998 -1.8036 -4.6286 0.0000 0.0000 0.0000
3.2609 -2.2094 -5.1601 0.0000 0.0000 0.0000
3.6116 -2.2532 -4.6632 0.0000 0.0000 0.0000
3.7781 -2.3667 -4.6125 0.0000 0.0000 0.0000
3.2779 -1.9339 -4.9690 0.0000 0.0000 0.0000
3.7432 -2.0073 -5.2504 0.0000 0.0000 0.0000
3.2504 -2.1918 -4.6931 0.0000 0.0000 0.0000
3.7606 -1.8888 -5.0593 0.0000 0.0000 0.0000
3.3549 -1.9444 -3.7836 0.0000 0.0000 0.0000
3.7348 -1.9676 -3.9267 0.0000 0.0000 0.0000
3.2319 -2.1753 -3.7902 0.0000 0.0000 0.0000
3.2499 -1.6595 -4.3602 0.0000 0.0000 0.0000
3.2405 -2.0191 -3.8996 0.0000 0.0000 0.0000
3.5492 -1.8042 -3.8175 0.0000 0.0000 0.0000
3.6450 -1.6904 -4.3480 0.0000 0.0000 0.0000
3.5189 -2.2921 -4.2754 0.0000 0.0000 0.0000
3.2217 -1.7988 -2.7971 0.0000 0.0000 0.0000
3.1791 -1.6823 -3.3637 0.0000 0.0000 0.0000
3.6203 -2.1958 -2.9983 0.0000 0.0000 0.0000
3.7105 -2.3474 -3.2850 0.0000 0.0000 0.0000
3.8226 -1.6547 -2.8295 0.0000 0.0000 0.0000
3.4832 -2.0908 -3.3968 0.0000 0.0000 0.0000
3.4415 -1.9240 -3.3204 0.0000 0.0000 0.0000
3.1670 -2.2948 -2.8930 0.0000 0.0000 0.0000
3.7178 -1.0792 -12.0953 0.0000 0.0000 0.0000
3.3927 -0.8361 -12.2748 0.0000 0.0000 0.0000
3.7257 -0.8666 -12.3216 0.0000 0.0000 0.0000
3.3840 -0.7835 -11.7636 0.0000 0.0000 0.0000
3.4812 -0.7580 -12.1367 0.0000 0.0000 0.0000
3.7330 -0.8379 -12.1650 0.0000 0.0000 0.0000
3.3511 -0.9082 -12.1143 0.0000 0.0000 0.0000
3.3753 -0.7335 -11.7843 0.0000 0.0000 0.0000
3.5666 -1.3722 -11.2182 0.0000 0.0000 0.0000
3.3652 -1.1645 -10.6633 0.0000 0.0000 0.0000
3.7971 -1.2472 -10.9809 0.0000 0.0000 0.0000
3.4499 -1.3426 -10.7957 0.0000 0.0000 0.0000
3.8008 -0.9462 -10.7506 0.0000 0.0000 0.0000
3.6662 -0.9565 -11.3312 0.0000 0.0000 0.0000
3.3566 -0.8269 -10.7090 0.0000 0.0000 0.0000
3.8993 -0.8845 -10.6380 0.0000 0.0000 0.0000
3.6218 -1.2558 -10.1400 0.0000 0.0000 0.0000
3.2816 -1.2332 -9.7027 0.0000 0.0000 0.0000
3.2085 -0.9634 -9.6747 0.0000 0.0000 0.0000
3.6034 -1.1017 -9.8669 0.0000 0.0000 0.0000
3.2375 -1.2373 -10.2273 0.0000 0.0000 0.0000
3.2911 -0.9180 -9.6520 0.0000 0.0000 0.0000
3.4150 -1.0854 -10.0240 0.0000 0.0000 0.0000
3.4631 -1.1760 -9.8427 0.0000 0.0000 0.0000
3.4729 -1.0101 -8.7051 0.0000 0.0000 0.0000
3.6700 -1.0056 -8.6635 0.0000 0.0000 0.0000
3.8830 -0.8217 -9.0658 0.0000 0.0000 0.0000
3.7280 -1.1144 -8.9701 0.0000 0.0000 0.0000
3.6355 -0.8689 -9.3138 0.0000 0.0000 0.0000
3.5063 -0.7165 -9.0223 0.0000 0.0000 0.0000
3.8882 -1.0241 -9.0700 0.0000 0.0000 0.0000
3.5850 -0.7105 -8.8130 0.0000 0.0000 0.0000
3.1302 -0.7106 -7.9301 0.0000 0.0000 0.0000
3.6415 -1.3282 -8.3382 0.0000 0.0000 0.0000
3.2686 -1.0046 -7.6553 0.0000 0.0000 0.0000
3.7382 -1.0839 -7.9450 0.0000 0.0000 0.0000
3.6711 -0.7390 -7.6600 0.0000 0.0000 0.0000
3.7105 -0.7582 -7.8494 0.0000 0.0000 0.0000
3.6780 -0.9000 -8.3142 0.0000 0.0000 0.0000
3.5460 -1.3491 -8.1170 0.0000 0.0000 0.0000
3.3621 -1.0235 -7.3976 0.0000 0.0000 0.0000
3.1254 -0.6276 -7.1308 0.0000 0.0000 0.0000
3.3176 -1.1892 -7.3005 0.0000 0.0000 0.0000
3.7600 -0.6033 -7.3454 0.0000 0.0000 0.0000
3.8799 -1.2409 -7.0309 0.0000 0.0000 0.0000
3.5218 -1.0840 -7.0763 0.0000 0.0000 0.0000
3.1742 -0.6533 -7.3672 0.0000 0.0000 0.0000
3.2488 -1.2254 -6.8911 0.0000 0.0000 0.0000
3.8802 -0.8473 -5.9932 0.0000 0.0000 0.0000
3.3094 -1.2501 -6.3575 0.0000 0.0000 0.0000
3.3572 -1.2997 -6.2655 0.0000 0.0000 0.0000
3.6984 -0.8349 -6.0106 0.0000 0.0000 0.0000
3.7000 -0.9927 -5.6569 0.0000 0.0000 0.0000
3.4479 -0.9251 -5.6646 0.0000 0.0000 0.0000
3.6301 -0.6382 -6.2014 0.0000 0.0000 0.0000
3.7078 -1.0683 -6.3263 0.0000 0.0000 0.0000
3.4641 -0.9760 -4.7858 0.0000 0.0000 0.0000
3.2993 -0.8961 -4.9929 0.0000 0.0000 0.0000
3.1813 -0.7018 -4.6796 0.0000 0.0000 0.0000
3.8311 -0.8632 -5.1371 0.0000 0.0000 0.0000
3.4201 -0.6062 -5.2359 0.0000 0.0000 0.0000
3.8041 -0.8105 -5.0221 0.0000 0.0000 0.0000
3.5846 -0.7674 -4.7278 0.0000 0.0000 0.0000
3.5472 -0.6656 -5.2116 0.0000 0.0000 0.0000
3.3092 -1.2159 -4.1799 0.0000 0.0000 0.0000
3.6834 -0.6683 -3.8076 0.0000 0.0000 0.0000
3.5646 -0.9797 -3.7692 0.0000 0.0000 0.0000
3.4419 -1.1316 -4.3334 0.0000 0.0000 0.0000
3.3871 -1.2723 -3.7282 0.0000 0.0000 0.0000
3.2117 -0.9254 -4.2318 0.0000 0.0000 0.0000
3.2649 -0.9063 -3.7162 0.0000 0.0000 0.0000
3.2609 -1.1655 -3.9529 0.0000 0.0000 0.0000
3.8922 -0.7482 -2.9529 0.0000 0.0000 0.0000
3.8880 -0.6641 -2.8822 0.0000 0.0000 0.0000
3.1367 -0.7638 -3.3164 0.0000 0.0000 0.0000
3.7966 -1.3810 -3.2388 0.0000 0.0000 0.0000
3.4617 -1.3295 -2.6767 0.0000 0.0000 0.0000
3.4008 -1.1171 -3.0828 0.0000 0.0000 0.0000
3.8742 -1.0776 -3.1869 0.0000 0.0000 0.0000
3.1268 -1.3359 -2.6668 0.0000 0.0000 0.0000
3.6837 0.3569 -11.9049 0.0000 0.0000 0.0000
3.5133 -0.3954 -12.2805 0.0000 0.0000 0.0000
3.5247 0.2272 -11.6373 0.0000 0.0000 0.0000
3.7610 -0.1163 -11.6497 0.0000 0.0000 0.0000
3.8082 -0.0424 -12.0379 0.0000 0.0000 0.0000
3.6810 -0.0778 -11.8354 0.0000 0.0000 0.0000
3.5533 0.0177 -11.6049 0.0000 0.0000 0.0000
3.4355 -0.0580 -11.6015 0.0000 0.0000 0.0000
3.1487 0.1533 -10.6866 0.0000 0.0000 0.0000
3.8113 -0.2633 -10.6762 0.0000 0.0000 0.0000
3.5228 -0.2294 -11.2592 0.0000 0.0000 0.0000
3.7287 0.2021 -11.2047 0.0000 0.0000 0.0000
3.3500 0.1050 -10.8252 0.0000 0.0000 0.0000
3.6505 -0.3610 -11.3348 0.0000 0.0000 0.0000
3.6629 -0.1831 -10.8891 0.0000 0.0000 0.0000
3.3212 0.2880 -11.1218 0.0000 0.0000 0.0000
3.3585 -0.1390 -9.6082 0.0000 0.0000 0.0000
3.8656 0.1545 -10.1040 0.0000 0.0000 0.0000
3.6769 -0.1621 -9.6568 0.0000 0.0000 0.0000
3.1056 -0.1392 -9.9369 0.0000 0.0000 0.0000
3.6777 0.1952 -10.0002 0.0000 0.0000 0.0000
3.8517 -0.2413 -9.9209 0.0000 0.0000 0.0000
3.6541 -0.3755 -10.0830 0.0000 0.0000 0.0000
3.7723 0.3514 -10.2465 0.0000 0.0000 0.0000
3.3657 -0.0152 -9.1148 0.0000 0.0000 0.0000
3.5757 0.3348 -9.0658 0.0000 0.0000 0.0000
3.3470 0.2149 -9.1205 0.0000 0.0000 0.0000
3.2719 -0.3781 -8.9050 0.0000 0.0000 0.0000
3.5304 -0.3143 -8.6632 0.0000 0.0000 0.0000
3.4876 -0.3954 -9.0612 0.0000 0.0000 0.0000
3.7615 0.3108 -9.2427 0.0000 0.0000 0.0000
3.8296 -0.1104 -9.2162 0.0000 0.0000 0.0000
3.2583 0.2958 -8.0341 0.0000 0.0000 0.0000
3.3472 0.3569 -7.7157 0.0000 0.0000 0.0000
3.6071 0.3210 -8.2164 0.0000 0.0000 0.0000
3.2895 -0.2285 -7.9465 0.0000 0.0000 0.0000
3.5486 -0.2220 -8.1447 0.0000 0.0000 0.0000
3.6080 0.2855 -7.8170 0.0000 0.0000 0.0000
3.8903 -0.3847 -8.1479 0.0000 0.0000 0.0000
3.4559 0.3049 -7.8941 0.0000 0.0000 0.0000
3.3185 -0.0566 -7.3280 0.0000 0.0000 0.0000
3.7433 0.3555 -7.2948 0.0000 0.0000 0.0000
3.8123 0.1748 -7.0618 0.0000 0.0000 0.0000
3.6522 0.3765 -7.0199 0.0000 0.0000 0.0000
3.4933 -0.3799 -6.7854 0.0000 0.0000 0.0000
3.3423 0.3140 -6.8737 0.0000 0.0000 0.0000
3.6117 -0.0752 -6.9923 0.0000 0.0000 0.0000
3.2476 0.1144 -7.2685 0.0000 0.0000 0.0000
3.3659 0.2531 -5.6611 0.0000 0.0000 0.0000
3.8784 -0.1985 -6.1244 0.0000 0.0000 0.0000
3.8912 0.1475 -6.3852 0.0000 0.0000 0.0000
3.2872 0.1965 -6.0534 0.0000 0.0000 0.0000
3.7988 -0.2773 -5.8130 0.0000 0.0000 0.0000
3.7157 -0.0038 -5.7517 0.0000 0.0000 0.0000
3.1521 0.2442 -6.2776 0.0000 0.0000 0.0000
3.2229 -0.1495 -6.3905 0.0000 0.0000 0.0000
3.6492 -0.2012 -5.2425 0.0000 0.0000 0.0000
3.7288 0.1605 -4.7326 0.0000 0.0000 0.0000
3.2280 -0.0971 -4.8940 0.0000 0.0000 0.0000
3.8927 0.2013 -5.1429 0.0000 0.0000 0.0000
3.1284 0.1100 -5.1917 0.0000 0.0000 0.0000
3.5609 -0.1735 -5.2182 0.0000 0.0000 0.0000
3.8304 0.2635 -5.0953 0.0000 0.0000 0.0000
3.1396 0.3871 -5.3296 0.0000 0.0000 0.0000
3.5227 -0.3420 -3.8738 0.0000 0.0000 0.0000
3.1609 0.2737 -4.1427 0.0000 0.0000 0.0000
3.5970 0.0272 -4.0147 0.0000 0.0000 0.0000
3.3675 -0.1687 -3.8282 0.0000 0.0000 0.0000
3.2968 -0.3288 -3.7142 0.0000 0.0000 0.0000
3.3371 -0.0280 -3.7662 0.0000 0.0000 0.0000
3.7496 0.2182 -4.3574 0.0000 0.0000 0.0000
3.4108 0.0385 -3.6731 0.0000 0.0000 0.0000
3.6342 -0.3345 -3.1299 0.0000 0.0000 0.0000
3.6968 -0.0276 -3.0541 0.0000 0.0000 0.0000
3.7685 -0.3490 -3.2111 0.0000 0.0000 0.0000
3.5505 0.2361 -2.7410 0.0000 0.0000 0.0000
3.6631 0.3870 -2.9534 0.0000 0.0000 0.0000
3.4859 0.3908 -3.1590 0.0000 0.0000 0.0000
3.2859 0.3440 -2.9475 0.0000 0.0000 0.0000
3.4632 0.2504 -2.9872 0.0000 0.0000 0.0000
3.4509 1.3561 -11.8327 0.0000 0.0000 0.0000
3.3502 0.9380 -12.0779 0.0000 0.0000 0.0000
3.3135 0.6755 -11.8033 0.0000 0.0000 0.0000
3.2603 0.7140 -11.8064 0.0000 0.0000 0.0000
3.5463 0.8527 -11.8502 0.0000 0.0000 0.0000
3.8791 0.6696 -11.8760 0.0000 0.0000 0.0000
3.8543 1.2848 -11.8075 0.0000 0.0000 0.0000
3.8282 1.1447 -12.3349 0.0000 0.0000 0.0000
3.5238 1.1942 -10.7998 0.0000 0.0000 0.0000
3.1276 0.6860 -11.1444 0.0000 0.0000 0.0000
3.8406 0.6820 -11.0762 0.0000 0.0000 0.0000
3.1049 1.3345 -11.3187 0.0000 0.0000 0.0000
3.2331 0.7450 -10.8079 0.0000 0.0000 0.0000
3.4776 0.7861 -10.7662 0.0000 0.0000 0.0000
3.3223 0.9024 -10.6515 0.0000 0.0000 0.0000
3.2658 1.0999 -10.6354 0.0000 0.0000 0.0000
3.5746 1.2452 -10.3352 0.0000 0.0000 0.0000
3.1990 1.1945 -10.3762 0.0000 0.0000 0.0000
3.5026 1.3479 -9.8327 0.0000 0.0000 0.0000
3.2454 0.8842 -9.9255 0.0000 0.0000 0.0000
3.5582 0.6164 -9.6547 0.0000 0.0000 0.0000
3.2815 1.2364 -9.9146 0.0000 0.0000 0.0000
3.5490 1.1472 -10.3888 0.0000 0.0000 0.0000
3.6778 1.2843 -10.0585 0.0000 0.0000 0.0000
3.6137 1.2811 -8.9106 0.0000 0.0000 0.0000
3.6819 1.3825 -8.9250 0.0000 0.0000 0.0000
3.2181 0.8917 -8.8020 0.0000 0.0000 0.0000
3.1388 0.9612 -8.9601 0.0000 0.0000 0.0000
3.7171 1.1867 -9.0208 0.0000 0.0000 0.0000
3.1969 0.6686 -8.6387 0.0000 0.0000 0.0000
3.8647 1.1131 -9.3026 0.0000 0.0000 0.0000
3.5146 1.3499 -9.0244 0.0000 0.0000 0.0000
3.8865 0.7697 -8.2877 0.0000 0.0000 0.0000
3.8055 0.9512 -8.3162 0.0000 0.0000 0.0000
3.6776 0.8960 -7.9994 0.0000 0.0000 0.0000
3.3350 1.3614 -8.1124 0.0000 0.0000 0.0000
3.7676 1.3353 -8.1932 0.0000 0.0000 0.0000
3.5187 0.8003 -7.9849 0.0000 0.0000 0.0000
3.6050 1.1188 -7.8443 0.0000 0.0000 0.0000
3.2290 1.0760 -8.0674 0.0000 0.0000 0.0000
3.6694 1.1339 -6.6396 0.0000 0.0000 0.0000
3.7638 1.2852 -7.2583 0.0000 0.0000 0.0000
3.7591 0.7946 -6.7441 0.0000 0.0000 0.0000
3.3194 0.7030 -6.6932 0.0000 0.0000 0.0000
3.2335 0.8970 -6.6872 0.0000 0.0000 0.0000
3.6253 1.3137 -6.9505 0.0000 0.0000 0.0000
3.2845 1.2748 -6.8997 0.0000 0.0000 0.0000
3.3754 0.6367 -6.9847 0.0000 0.0000 0.0000
3.3503 1.2615 -6.0370 0.0000 0.0000 0.0000
3.7820 1.3254 -5.8264 0.0000 0.0000 0.0000
3.8689 1.3204 -5.8325 0.0000 0.0000 0.0000
3.8676 0.7889 -5.7537 0.0000 0.0000 0.0000
3.4911 1.1453 -6.0035 0.0000 0.0000 0.0000
3.7156 1.2184 -5.9559 0.0000 0.0000 0.0000
3.7834 1.0090 -6.1903 0.0000 0.0000 0.0000
3.3898 0.7897 -6.2009 0.0000 0.0000 0.0000
3.5706 0.6573 -4.6136 0.0000 0.0000 0.0000
3.5740 1.0283 -5.2445 0.0000 0.0000 0.0000
3.8924 1.1299 -5.2777 0.0000 0.0000 0.0000
3.6269 0.7712 -5.0082 0.0000 0.0000 0.0000
3.1741 0.7648 -5.0678 0.0000 0.0000 0.0000
3.2702 0.9527 -5.2447 0.0000 0.0000 0.0000
3.5297 0.6093 -5.1071 0.0000 0.0000 0.0000
3.1199 0.7646 -5.0833 0.0000 0.0000 0.0000
3.5686 1.1947 -4.0562 0.0000 0.0000 0.0000
3.3770 0.9458 -4.2782 0.0000 0.0000 0.0000
3.6961 1.0045 -4.2906 0.0000 0.0000 0.0000
3.6810 1.3023 -3.8019 0.0000 0.0000 0.0000
3.3645 0.7020 -3.7797 0.0000 0.0000 0.0000
3.6394 1.1988 -4.3310 0.0000 0.0000 0.0000
3.3796 0.7328 -4.0543 0.0000 0.0000 0.0000
3.4588 1.1597 -3.8314 0.0000 0.0000 0.0000
3.3439 1.3202 -2.8213 0.0000 0.0000 0.0000
3.2436 1.2662 -3.1174 0.0000 0.0000 0.0000
3.1522 0.8926 -2.7939 0.0000 0.0000 0.0000
3.8623 0.9345 -2.7132 0.0000 0.0000 0.0000
3.8378 0.7559 -2.6377 0.0000 0.0000 0.0000
3.5648 1.1584 -3.2685 0.0000 0.0000 0.0000
3.8865 0.9419 -3.2885 0.0000 0.0000 0.0000
3.4667 1.2068 -3.0220 0.0000 0.0000 0.0000
3.8147 1.7132 -12.1030 0.0000 0.0000 0.0000
3.7700 2.3820 -11.6186 0.0000 0.0000 0.0000
3.8877 2.3542 -12.1883 0.0000 0.0000 0.0000
3.5389 2.3046 -11.9633 0.0000 0.0000 0.0000
3.3581 2.2038 -12.1866 0.0000 0.0000 0.0000
3.2054 2.0695 -11.9607 0.0000 0.0000 0.0000
3.8528 2.0080 -12.3867 0.0000 0.0000 0.0000
3.1225 2.2679 -11.6036 0.0000 0.0000 0.0000
3.4208 1.9254 -10.7654 0.0000 0.0000 0.0000
3.8807 1.6447 -11.0851 0.0000 0.0000 0.0000
3.5505 1.9010 -11.3871 0.0000 0.0000 0.0000
3.2535 1.9529 -10.6098 0.0000 0.0000 0.0000
3.6156 1.8444 -11.1295 0.0000 0.0000 0.0000
3.1875 1.7433 -10.9612 0.0000 0.0000 0.0000
3.3655 1.7777 -10.9111 0.0000 0.0000 0.0000
3.2065 1.6572 -10.9699 0.0000 0.0000 0.0000
3.6910 1.8811 -9.9559 0.0000 0.0000 0.0000
3.4855 1.6582 -10.1522 0.0000 0.0000 0.0000
3.8396 1.7500 -10.3114 0.0000 0.0000 0.0000
3.8613 2.0004 -10.1551 0.0000 0.0000 0.0000
3.3941 2.1896 -10.1443 0.0000 0.0000 0.0000
3.7927 2.3858 -10.1762 0.0000 0.0000 0.0000
3.2090 2.1596 -10.3482 0.0000 0.0000 0.0000
3.3505 1.8275 -10.2393 0.0000 0.0000 0.0000
3.1916 1.7429 -8.7384 0.0000 0.0000 0.0000
3.6299 1.6262 -9.1717 0.0000 0.0000 0.0000
3.1903 1.8350 -9.0144 0.0000 0.0000 0.0000
3.5923 2.1100 -9.1035 0.0000 0.0000 0.0000
3.4383 2.0858 -8.9927 0.0000 0.0000 0.0000
3.2254 1.8152 -9.1979 0.0000 0.0000 0.0000
3.3346 1.6140 -8.8941 0.0000 0.0000 0.0000
3.5349 1.6307 -9.2219 0.0000 0.0000 0.0000
3.4439 1.9795 -8.0570 0.0000 0.0000 0.0000
3.6017 2.0208 -8.0245 0.0000 0.0000 0.0000
3.5760 2.0547 -8.1545 0.0000 0.0000 0.0000
3.2944 1.8313 -8.1636 0.0000 0.0000 0.0000
3.3549 1.9465 -8.1158 0.0000 0.0000 0.0000
3.5541 1.9679 -8.1245 0.0000 0.0000 0.0000
3.8868 2.1743 -8.0157 0.0000 0.0000 0.0000
3.3786 1.9033 -7.7340 0.0000 0.0000 0.0000
3.8023 2.0718 -6.6419 0.0000 0.0000 0.0000
3.2738 1.6659 -6.7037 0.0000 0.0000 0.0000
3.5958 2.1047 -7.1847 0.0000 0.0000 0.0000
3.6072 1.6462 -6.9603 0.0000 0.0000 0.0000
3.6215 1.8795 -6.6511 0.0000 0.0000 0.0000
3.2710 1.9637 -6.8329 0.0000 0.0000 0.0000
3.7502 2.0565 -6.7796 0.0000 0.0000 0.0000
3.7979 2.0381 -7.1646 0.0000 0.0000 0.0000
3.7570 1.7854 -5.8211 0.0000 0.0000 0.0000
3.8397 2.2881 -5.6283 0.0000 0.0000 0.0000
3.8296 2.3858 -5.7228 0.0000 0.0000 0.0000
3.3893 2.2278 -6.3932 0.0000 0.0000 0.0000
3.3988 1.8238 -5.7651 0.0000 0.0000 0.0000
3.5422 1.9274 -6.3420 0.0000 0.0000 0.0000
3.7748 2.0636 -5.8129 0.0000 0.0000 0.0000
3.5085 1.6877 -5.9766 0.0000 0.0000 0.0000
3.3404 1.7654 -5.2086 0.0000 0.0000 0.0000
3.4720 2.0390 -4.9233 0.0000 0.0000 0.0000
3.4343 1.9430 -5.0948 0.0000 0.0000 0.0000
3.4067 2.3936 -4.7574 0.0000 0.0000 0.0000
3.4482 2.2244 -4.8965 0.0000 0.0000 0.0000
3.4621 2.0230 -4.6379 0.0000 0.0000 0.0000
3.4414 2.3589 -4.9535 0.0000 0.0000 0.0000
3.2027 2.1496 -4.9408 0.0000 0.0000 0.0000
3.5410 2.1508 -4.0061 0.0000 0.0000 0.0000
3.2117 1.9805 -4.0512 0.0000 0.0000 0.0000
3.7542 2.3060 -4.2065 0.0000 0.0000 0.0000
3.8527 2.1910 -4.0630 0.0000 0.0000 0.0000
3.5324 1.9280 -4.3131 0.0000 0.0000 0.0000
3.5005 2.0914 -4.3390 0.0000 0.0000 0.0000
3.1077 2.2075 -4.1597 0.0000 0.0000 0.0000
3.8803 1.9731 -4.1223 0.0000 0.0000 0.0000
3.7927 2.2352 -2.9767 0.0000 0.0000 0.0000
3.3486 2.1073 -2.6224 0.0000 0.0000 0.0000
3.2377 2.2633 -2.7299 0.0000 0.0000 0.0000
3.2423 1.6630 -3.2159 0.0000 0.0000 0.0000
3.3795 2.1052 -2.9206 0.0000 0.0000 0.0000
3.6492 2.2772 -2.7636 0.0000 0.0000 0.0000
3.2524 2.3414 -3.3687 0.0000 0.0000 0.0000
3.6809 2.3306 -2.7587 0.0000 0.0000 0.0000
4.8477 -6.8270 -12.1438 0.0000 0.0000 0.0000
4.2381 -7.1847 -11.6222 0.0000 0.0000 0.0000
4.8504 -6.6200 -12.0889 0.0000 0.0000 0.0000
4.7224 -6.8832 -11.8499 0.0000 0.0000 0.0000
4.5011 -6.6753 -11.8128 0.0000 0.0000 0.0000
4.8848 -6.7147 -11.7736 0.0000 0.0000 0.0000
4.1896 -7.0914 -11.7180 0.0000 0.0000 0.0000
4.2682 -7.1090 -11.6538 0.0000 0.0000 0.0000
4.4613 -7.1877 -10.6170 0.0000 0.0000 0.0000
4.3821 -6.6736 -11.1869 0.0000 0.0000 0.0000
4.8054 -6.6127 -10.7505 0.0000 0.0000 0.0000
4.7903 -6.6359 -10.8393 0.0000 0.0000 0.0000
4.3882 -6.8452 -10.8232 0.0000 0.0000 0.0000
4.3631 -6.8626 -10.7517 0.0000 0.0000 0.0000
4.8002 -7.1874 -11.2331 0.0000 0.0000 0.0000
4.2357 -6.7331 -10.9351 0.0000 0.0000 0.0000
4.1789 -6.8326 -10.0374 0.0000 0.0000 0.0000
4.3257 -7.1341 -9.9623 0.0000 0.0000 0.0000
4.3769 -7.1738 -9.8746 0.0000 0.0000 0.0000
4.8902 -6.7714 -10.3671 0.0000 0.0000 0.0000
4.1640 -6.9021 -9.7701 0.0000 0.0000 0.0000
4.6150 -6.6117 -9.7174 0.0000 0.0000 0.0000
4.8668 -7.1346 -10.0850 0.0000 0.0000 0.0000
4.8557 -6.8218 -9.7322 0.0000 0.0000 0.0000
4.6194 -7.2536 -9.0152 0.0000 0.0000 0.0000
4.3156 -6.6188 -8.9345 0.0000 0.0000 0.0000
4.2948 -6.6194 -9.1382 0.0000 0.0000 0.0000
4.3834 -7.3260 -9.1197 0.0000 0.0000 0.0000
4.1632 -6.7739 -8.9304 0.0000 0.0000 0.0000
4.7728 -7.2555 -9.3742 0.0000 0.0000 0.0000
4.7916 -6.8202 -8.9457 0.0000 0.0000 0.0000
4.8111 -7.2762 -8.8690 0.0000 0.0000 0.0000
4.2113 -6.6087 -7.9857 0.0000 0.0000 0.0000
4.4973 -7.3274 -8.3633 0.0000 0.0000 0.0000
4.5696 -7.2943 -7.9282 0.0000 0.0000 0.0000
4.1697 -7.2304 -7.8402 0.0000 0.0000 0.0000
4.8546 -6.9450 -7.8806 0.0000 0.0000 0.0000
4.5208 -6.6734 -7.6039 0.0000 0.0000 0.0000
4.7519 -6.6883 -7.6270 0.0000 0.0000 0.0000
4.7876 -6.7640 -8.3948 0.0000 0.0000 0.0000
4.3462 -6.6609 -6.8303 0.0000 0.0000 0.0000
4.3771 -7.1638 -7.3818 0.0000 0.0000 0.0000
4.7359 -7.0481 -7.2697 0.0000 0.0000 0.0000
4.1924 -7.0010 -6.8944 0.0000 0.0000 0.0000
4.7586 -6.6133 -7.1478 0.0000 0.0000 0.0000
4.7276 -7.2520 -7.3589 0.0000 0.0000 0.0000
4.4088 -6.8467 -6.8345 0.0000 0.0000 0.0000
4.5997 -6.7688 -7.0535 0.0000 0.0000 0.0000
4.6473 -7.1705 -6.3371 0.0000 0.0000 0.0000
4.7815 -7.1474 -5.9516 0.0000 0.0000 0.0000
4.5426 -7.3863 -5.9689 0.0000 0.0000 0.0000
4.1880 -6.8153 -5.7666 0.0000 0.0000 0.0000
4.1505 -7.0751 -5.7690 0.0000 0.0000 0.0000
4.8012 -6.6232 -6.2887 0.0000 0.0000 0.0000
4.7356 -6.6801 -6.3841 0.0000 0.0000 0.0000
4.5084 -6.6070 -6.3144 0.0000 0.0000 0.0000
4.3709 -6.7138 -5.1770 0.0000 0.0000 0.0000
4.6914 -6.7020 -4.9489 0.0000 0.0000 0.0000
4.3439 -7.2536 -4.7891 0.0000 0.0000 0.0000
4.1193 -6.6639 -4.9178 0.0000 0.0000 0.0000
4.1632 -7.2893 -5.0491 0.0000 0.0000 0.0000
4.3987 -7.0957 -5.2876 0.0000 0.0000 0.0000
4.1364 -6.7141 -4.8960 0.0000 0.0000 0.0000
4.6553 -6.7163 -4.6148 0.0000 0.0000 0.0000
4.2180 -6.7809 -4.3094 0.0000 0.0000 0.0000
4.8217 -6.7559 -3.7943 0.0000 0.0000 0.0000
4.5317 -6.6212 -4.2756 0.0000 0.0000 0.0000
4.3017 -6.7385 -3.9449 0.0000 0.0000 0.0000
4.6763 -6.8661 -4.0669 0.0000 0.0000 0.0000
4.1914 -7.0361 -3.9633 0.0000 0.0000 0.0000
4.5686 -7.0320 -3.8358 0.0000 0.0000 0.0000
4.7776 -7.1576 -3.6618 0.0000 0.0000 0.0000
4.5852 -6.8027 -2.9249 0.0000 0.0000 0.0000
4.4895 -6.8620 -3.3302 0.0000 0.0000 0.0000
4.7495 -6.8728 -3.1896 0.0000 0.0000 0.0000
4.6571 -7.2197 -3.3186 0.0000 0.0000 0.0000
4.4768 -7.0960 -2.6653 0.0000 0.0000 0.0000
4.5921 -6.8987 -2.9158 0.0000 0.0000 0.0000
4.8644 -6.8691 -2.9630 0.0000 0.0000 0.0000
4.2399 -7.3136 -3.3005 0.0000 0.0000 0.0000
4.3789 -6.1696 -11.8111 0.0000 0.0000 0.0000
4.3347 -6.2775 -12.0484 0.0000 0.0000 0.0000
4.3834 -5.6674 -11.8598 0.0000 0.0000 0.0000
4.1805 -6.2321 -11.8884 0.0000 0.0000 0.0000
4.6217 -5.8317 -11.6691 0.0000 0.0000 0.0000
4.6831 -6.2463 -12.3665 0.0000 0.0000 0.0000
4.3517 -6.1498 -11.9642 0.0000 0.0000 0.0000
4.3595 -5.8474 -11.9392 0.0000 0.0000 0.0000
4.3489 -5.7885 -10.9041 0.0000 0.0000 0.0000
4.7331 -5.8038 -10.9771 0.0000 0.0000 0.0000
4.6136 -5.9611 -10.6093 0.0000 0.0000 0.0000
4.4589 -5.9793 -11.1621 0.0000 0.0000 0.0000
4.6076 -6.1531 -11.3742 0.0000 0.0000 0.0000
4.7406 -5.6452 -11.0462 0.0000 0.0000 0.0000
4.4313 -5.6708 -10.9705 0.0000 0.0000 0.0000
4.7613 -6.2267 -11.2974 0.0000 0.0000 0.0000
4.3041 -5.9179 -9.6092 0.0000 0.0000 0.0000
4.8883 -6.2629 -9.8322 0.0000 0.0000 0.0000
4.4489 -6.2707 -9.8091 0.0000 0.0000 0.0000
4.7987 -6.2614 -9.6820 0.0000 0.0000 0.0000
4.2151 -5.9301 -10.2398 0.0000 0.0000 0.0000
4.3753 -6.2891 -10.2668 0.0000 0.0000 0.0000
4.7514 -5.8787 -9.8822 0.0000 0.0000 0.0000
4.4295 -6.0593 -10.1395 0.0000 0.0000 0.0000
4.7818 -5.7283 -8.6374 0.0000 0.0000 0.0000
4.1637 -6.1224 -8.6102 0.0000 0.0000 0.0000
4.7889 -6.3455 -9.3895 0.0000 0.0000 0.0000
4.8382 -6.2156 -9.2965 0.0000 0.0000 0.0000
4.2046 -6.3413 -8.7544 0.0000 0.0000 0.0000
4.2509 -5.7343 -8.6387 0.0000 0.0000 0.0000
4.2408 -5.8674 -9.2692 0.0000 0.0000 0.0000
4.7936 -6.1997 -8.6033 0.0000 0.0000 0.0000
4.6017 -5.9692 -7.9955 0.0000 0.0000 0.0000
4.2284 -6.2064 -8.0032 0.0000 0.0000 0.0000
4.7826 -5.9211 -7.9119 0.0000 0.0000 0.0000
4.8735 -6.3306 -8.3020 0.0000 0.0000 0.0000
4.3429 -5.9665 -7.8365 0.0000 0.0000 0.0000
4.3990 -6.2758 -7.6748 0.0000 0.0000 0.0000
4.4544 -6.2957 -8.2775 0.0000 0.0000 0.0000
4.8927 -5.8407 -7.6101 0.0000 0.0000 0.0000
4.2842 -5.8594 -7.2786 0.0000 0.0000 0.0000
4.7765 -6.1919 -7.0109 0.0000 0.0000 0.0000
4.7614 -6.3447 -6.6061 0.0000 0.0000 0.0000
4.3884 -5.8849 -7.2243 0.0000 0.0000 0.0000
4.1900 -5.8213 -7.3500 0.0000 0.0000 0.0000
4.1728 -5.6154 -7.2980 0.0000 0.0000 0.0000
4.2485 -6.3151 -6.8328 0.0000 0.0000 0.0000
4.6311 -6.2470 -6.9104 0.0000 0.0000 0.0000
4.5890 -5.8639 -6.1910 0.0000 0.0000 0.0000
4.4869 -6.3897 -6.3114 0.0000 0.0000 0.0000
4.3099 -6.0774 -5.6586 0.0000 0.0000 0.0000
4.8280 -5.9857 -5.9895 0.0000 0.0000 0.0000
4.6404 -5.6604 -6.0548 0.0000 0.0000 0.0000
4.2483 -5.6597 -5.8501 0.0000 0.0000 0.0000
4.1221 -6.0031 -5.7949 0.0000 0.0000 0.0000
4.3406 -6.0692 -6.1977 0.0000 0.0000 0.0000
4.5750 -6.3638 -5.1786 0.0000 0.0000 0.0000
4.1617 -5.7501 -5.0931 0.0000 0.0000 0.0000
4.4636 -6.0292 -5.2149 0.0000 0.0000 0.0000
4.3994 -5.9372 -4.7783 0.0000 0.0000 0.0000
4.1597 -5.8586 -5.2957 0.0000 0.0000 0.0000
4.1726 -6.2139 -4.6015 0.0000 0.0000 0.0000
4.2336 -6.2294 -5.3691 0.0000 0.0000 0.0000
4.6662 -6.1604 -4.8367 0.0000 0.0000 0.0000
4.2819 -6.0804 -3.8486 0.0000 0.0000 0.0000
4.6413 -6.0981 -4.1028 0.0000 0.0000 0.0000
4.3186 -6.0521 -4.2569 0.0000 0.0000 0.0000
4.8703 -5.6625 -3.9127 0.0000 0.0000 0.0000
4.6355 -6.0278 -4.2994 0.0000 0.0000 0.0000
4.6674 -5.8069 -4.0295 0.0000 0.0000 0.0000
4.8109 -5.9802 -3.7228 0.0000 0.0000 0.0000
4.1646 -6.1906 -3.6213 0.0000 0.0000 0.0000
4.2527 -5.7552 -3.0267 0.0000 0.0000 0.0000
4.6433 -6.3627 -2.6266 0.0000 0.0000 0.0000
4.6111 -6.2053 -2.9766 0.0000 0.0000 0.0000
4.1760 -5.7192 -3.0871 0.0000 0.0000 0.0000
4.4543 -5.6319 -2.8647 0.0000 0.0000 0.0000
4.3144 -6.1832 -3.2091 0.0000 0.0000 0.0000
4.1811 -6.1432 -2.7905 0.0000 0.0000 0.0000
4.3148 -5.6441 -2.9334 0.0000 0.0000 0.0000
4.2060 -5.2846 -12.2191 0.0000 0.0000 0.0000
4.6529 -5.3590 -12.3921 0.0000 0.0000 0.0000
4.1477 -4.9792 -12.0172 0.0000 0.0000 0.0000
4.8428 -4.9128 -12.3939 0.0000 0.0000 0.0000
4.1272 -5.1640 -11.6670 0.0000 0.0000 0.0000
4.2723 -5.0766 -11.6742 0.0000 0.0000 0.0000
4.3580 -4.9300 -11.7162 0.0000 0.0000 0.0000
4.3964 -4.9153 -11.8733 0.0000 0.0000 0.0000
4.4541 -5.3223 -11.0427 0.0000 0.0000 0.0000
4.8308 -5.2027 -10.8333 0.0000 0.0000 0.0000
4.1477 -5.2173 -11.3209 0.0000 0.0000 0.0000
4.2469 -5.2042 -10.7989 0.0000 0.0000 0.0000
4.1267 -4.9914 -10.8498 0.0000 0.0000 0.0000
4.3682 -5.1631 -10.7345 0.0000 0.0000 0.0000
4.4648 -5.1115 -11.3323 0.0000 0.0000 0.0000
4.4940 -5.3351 -10.7703 0.0000 0.0000 0.0000
4.2026 -4.6333 -9.7722 0.0000 0.0000 0.0000
4.5160 -5.0096 -10.1402 0.0000 0.0000 0.0000
4.8011 -4.7963 -10.3806 0.0000 0.0000 0.0000
4.2252 -4.9872 -9.9032 0.0000 0.0000 0.0000
4.7617 -5.3602 -9.9595 0.0000 0.0000 0.0000
4.4919 -4.8819 -10.0881 0.0000 0.0000 0.0000
4.4128 -5.0941 -9.6757 0.0000 0.0000 0.0000
4.3532 -5.2829 -10.3806 0.0000 0.0000 0.0000
4.8616 -5.0263 -8.8104 0.0000 0.0000 0.0000
4.5580 -4.6889 -9.0402 0.0000 0.0000 0.0000
4.7921 -4.9578 -9.0418 0.0000 0.0000 0.0000
4.3797 -5.3066 -8.7713 0.0000 0.0000 0.0000
4.4272 -4.7885 -9.2156 0.0000 0.0000 0.0000
4.2598 -5.2431 -8.8330 0.0000 0.0000 0.0000
4.7523 -5.3285 -8.9652 0.0000 0.0000 0.0000
4.5645 -4.8798 -9.1164 0.0000 0.0000 0.0000
4.6089 -4.6629 -8.1134 0.0000 0.0000 0.0000
4.6367 -5.2912 -8.0819 0.0000 0.0000 0.0000
4.7878 -4.7874 -8.0032 0.0000 0.0000 0.0000
4.2979 -4.9516 -8.2143 0.0000 0.0000 0.0000
4.5967 -5.0233 -7.7257 0.0000 0.0000 0.0000
4.6383 -4.8947 -7.7957 0.0000 0.0000 0.0000
4.4443 -5.3835 -8.2338 0.0000 0.0000 0.0000
4.5285 -5.1674 -7.8891 0.0000 0.0000 0.0000
4.3944 -4.6953 -7.1521 0.0000 0.0000 0.0000
4.5902 -4.8392 -7.1754 0.0000 0.0000 0.0000
4.7108 -4.7204 -6.6718 0.0000 0.0000 0.0000
4.3399 -5.2529 -7.3102 0.0000 0.0000 0.0000
4.5009 -4.9776 -7.1456 0.0000 0.0000 0.0000
4.2912 -4.7465 -7.2860 0.0000 0.0000 0.0000
4.8460 -5.0364 -7.0927 0.0000 0.0000 0.0000
4.5200 -4.6670 -7.3786 0.0000 0.0000 0.0000
4.6540 -4.9504 -5.7326 0.0000 0.0000 0.0000
4.2930 -5.2973 -6.0884 0.0000 0.0000 0.0000
4.7740 -5.0749 -6.0925 0.0000 0.0000 0.0000
4.5883 -5.0726 -5.8694 0.0000 0.0000 0.0000
4.4352 -5.3830 -6.3560 0.0000 0.0000 0.0000
4.4725 -4.6031 -6.2965 0.0000 0.0000 0.0000
4.2364 -5.2381 -6.3238 0.0000 0.0000 0.0000
4.8911 -5.1693 -5.9658 0.0000 0.0000 0.0000
4.7735 -4.8887 -4.6969 0.0000 0.0000 0.0000
4.1728 -5.0997 -5.3377 0.0000 0.0000 0.0000
4.3901 -5.1266 -4.9216 0.0000 0.0000 0.0000
4.1897 -4.6633 -4.9390 0.0000 0.0000 0.0000
4.4880 -5.3535 -4.6513 0.0000 0.0000 0.0000
4.1412 -4.9661 -4.6201 0.0000 0.0000 0.0000
4.5098 -5.0669 -4.7635 0.0000 0.0000 0.0000
4.3747 -5.1842 -5.2025 0.0000 0.0000 0.0000
4.1941 -4.7041 -4.2669 0.0000 0.0000 0.0000
4.2852 -4.9489 -4.0018 0.0000 0.0000 0.0000
4.3283 -5.2763 -3.9889 0.0000 0.0000 0.0000
4.3031 -4.6170 -4.1687 0.0000 0.0000 0.0000
4.1889 -5.3969 -3.6922 0.0000 0.0000 0.0000
4.7372 -4.6726 -3.8215 0.0000 0.0000 0.0000
4.2108 -5.2746 -4.3904 0.0000 0.0000 0.0000
4.7132 -5.3145 -3.8381 0.0000 0.0000 0.0000
4.8578 -5.1693 -3.3086 0.0000 0.0000 0.0000
4.8915 -5.1017 -3.0774 0.0000 0.0000 0.0000
4.4515 -5.3406 -3.3597 0.0000 0.0000 0.0000
4.4815 -4.9070 -3.0106 0.0000 0.0000 0.0000
4.4164 -4.7998 -2.8743 0.0000 0.0000 0.0000
4.1107 -4.6405 -2.6867 0.0000 0.0000 0.0000
4.1810 -5.3415 -3.1436 0.0000 0.0000 0.0000
4.5905 -4.8028 -3.0977 0.0000 0.0000 0.0000
4.5013 -4.2417 -12.1879 0.0000 0.0000 0.0000
4.8759 -3.9119 -11.7217 0.0000 0.0000 0.0000
4.3450 -3.9283 -12.3909 0.0000 0.0000 0.0000
4.2266 -3.6114 -11.8189 0.0000 0.0000 0.0000
4.5322 -4.0871 -12.1568 0.0000 0.0000 0.0000
4.2087 -4.0363 -11.6786 0.0000 0.0000 0.0000
4.6805 -3.9461 -12.2752 0.0000 0.0000 0.0000
4.1163 -4.3771 -12.2644 0.0000 0.0000 0.0000
4.1996 -3.9452 -10.7046 0.0000 0.0000 0.0000
4.6129 -3.8624 -10.9694 0.0000 0.0000 0.0000
4.2954 -4.3447 -11.0133 0.0000 0.0000 0.0000
4.7255 -3.9095 -11.1199 0.0000 0.0000 0.0000
4.5297 -3.9230 -10.8566 0.0000 0.0000 0.0000
4.6708 -3.9893 -10.8359 0.0000 0.0000 0.0000
4.3718 -4.2221 -10.8989 0.0000 0.0000 0.0000
4.2236 -3.9325 -11.1016 0.0000 0.0000 0.0000
4.1273 -3.7308 -10.0938 0.0000 0.0000 0.0000
4.8727 -4.3319 -10.1007 0.0000 0.0000 0.0000
4.1002 -4.3432 -9.9924 0.0000 0.0000 0.0000
4.8354 -4.1306 -9.9233 0.0000 0.0000 0.0000
4.2398 -3.8848 -10.2875 0.0000 0.0000 0.0000
4.6655 -4.3526 -9.8033 0.0000 0.0000 0.0000
4.7921 -3.7401 -9.6971 0.0000 0.0000 0.0000
4.3032 -4.1482 -10.2243 0.0000 0.0000 0.0000
4.1973 -4.1485 -8.9379 0.0000 0.0000 0.0000
4.3923 -3.9600 -9.3183 0.0000 0.0000 0.0000
4.6077 -4.2942 -8.9803 0.0000 0.0000 0.0000
4.1739 -4.1336 -9.2750 0.0000 0.0000 0.0000
4.2325 -3.6722 -8.9621 0.0000 0.0000 0.0000
4.8884 -3.9550 -8.8205 0.0000 0.0000 0.0000
4.2354 -3.7825 -9.3490 0.0000 0.0000 0.0000
4.4013 -3.9090 -9.2110 0.0000 0.0000 0.0000
4.5473 -4.2161 -8.3760 0.0000 0.0000 0.0000
4.5066 -3.8576 -7.9152 0.0000 0.0000 0.0000
4.8344 -4.0914 -8.3303 0.0000 0.0000 0.0000
4.6464 -4.0722 -8.0027 0.0000 0.0000 0.0000
4.8400 -4.0718 -8.0160 0.0000 0.0000 0.0000
4.4893 -4.0669 -7.9639 0.0000 0.0000 0.0000
4.8989 -3.9727 -8.0821 0.0000 0.0000 0.0000
4.1387 -4.3014 -7.7257 0.0000 0.0000 0.0000
4.6967 -3.8812 -6.8348 0.0000 0.0000 0.0000
4.4022 -4.2861 -7.1358 0.0000 0.0000 0.0000
4.5045 -3.7481 -6.8084 0.0000 0.0000 0.0000
4.8988 -4.2302 -6.9160 0.0000 0.0000 0.0000
4.7186 -4.3634 -7.0589 0.0000 0.0000 0.0000
4.7951 -4.1759 -6.9958 0.0000 0.0000 0.0000
4.1425 -4.1820 -6.8032 0.0000 0.0000 0.0000
4.2978 -3.7523 -6.6745 0.0000 0.0000 0.0000
4.2281 -4.2061 -5.8491 0.0000 0.0000 0.0000
4.5850 -3.8130 -6.0981 0.0000 0.0000 0.0000
4.1990 -3.6882 -6.3014 0.0000 0.0000 0.0000
4.6182 -4.1951 -5.8751 0.0000 0.0000 0.0000
4.3499 -3.6397 -5.6357 0.0000 0.0000 0.0000
4.1665 -4.0292 -6.1699 0.0000 0.0000 0.0000
4.3132 -3.9005 -6.0161 0.0000 0.0000 0.0000
4.8331 -3.7366 -6.3120 0.0000 0.0000 0.0000
4.6844 -4.1847 -5.0677 0.0000 0.0000 0.0000
4.8163 -3.8781 -5.2074 0.0000 0.0000 0.0000
4.2539 -3.9976 -5.0593 0.0000 0.0000 0.0000
4.6056 -4.0807 -5.3155 0.0000 0.0000 0.0000
4.4875 -3.7307 -4.8507 0.0000 0.0000 0.0000
4.2232 -4.1553 -5.1800 0.0000 0.0000 0.0000
4.3358 -4.2241 -5.2299 0.0000 0.0000 0.0000
4.5093 -3.6964 -5.2043 0.0000 0.0000 0.0000
4.8259 -3.9622 -4.1145 0.0000 0.0000 0.0000
4.6181 -3.8257 -4.0039 0.0000 0.0000 0.0000
4.8856 -3.9127 -4.3589 0.0000 0.0000 0.0000
4.3202 -4.3227 -4.0248 0.0000 0.0000 0.0000
4.8417 -4.3913 -4.2139 0.0000 0.0000 0.0000
4.2082 -4.2874 -3.9738 0.0000 0.0000 0.0000
4.5625 -3.9339 -3.9037 0.0000 0.0000 0.0000
4.5723 -4.1656 -3.7094 0.0000 0.0000 0.0000
4.8333 -4.0535 -3.0708 0.0000 0.0000 0.0000
4.8762 -3.7284 -3.1478 0.0000 0.0000 0.0000
4.5341 -3.6524 -3.3912 0.0000 0.0000 0.0000
4.8722 -3.7035 -2.6510 0.0000 0.0000 0.0000
4.6114 -4.3348 -3.3166 0.0000 0.0000 0.0000
4.7141 -4.2914 -3.1204 0.0000 0.0000 0.0000
4.5479 -4.0360 -3.1322 0.0000 0.0000 0.0000
4.8177 -4.3628 -3.2998 0.0000 0.0000 0.0000
4.6083 -2.6047 -12.2102 0.0000 0.0000 0.0000
4.8241 -3.2975 -12.2660 0.0000 0.0000 0.0000
4.8297 -2.9275 -12.1197 0.0000 0.0000 0.0000
4.4377 -3.2123 -12.3377 0.0000 0.0000 0.0000
4.7247 -3.0336 -11.8369 0.0000 0.0000 0.0000
4.8488 -2.9189 -12.2761 0.0000 0.0000 0.0000
4.5641 -3.0426 -11.8555 0.0000 0.0000 0.0000
4.4164 -2.7138 -12.3360 0.0000 0.0000 0.0000
4.7615 -2.9301 -10.9080 0.0000 0.0000 0.0000
4.3024 -3.3674 -10.7081 0.0000 0.0000 0.0000
4.2583 -3.3563 -10.6420 0.0000 0.0000 0.0000
4.1231 -3.0234 -10.6937 0.0000 0.0000 0.0000
4.6027 -2.8698 -10.9859 0.0000 0.0000 0.0000
4.7703 -2.9291 -10.7392 0.0000 0.0000 0.0000
4.4126 -2.6518 -11.3104 0.0000 0.0000 0.0000
4.4959 -3.2775 -11.0347 0.0000 0.0000 0.0000
4.8716 -2.9718 -9.6296 0.0000 0.0000 0.0000
4.4222 -2.6209 -10.1137 0.0000 0.0000 0.0000
4.5011 -2.8781 -10.2774 0.0000 0.0000 0.0000
4.3985 -3.2571 -9.8840 0.0000 0.0000 0.0000
4.3705 -3.1835 -9.8815 0.0000 0.0000 0.0000
4.7566 -3.2134 -9.6790 0.0000 0.0000 0.0000
4.3536 -2.9363 -9.9284 0.0000 0.0000 0.0000
4.3395 -2.6671 -9.9147 0.0000 0.0000 0.0000
4.4263 -2.8739 -9.0840 0.0000 0.0000 0.0000
4.8360 -2.6737 -8.8950 0.0000 0.0000 0.0000
4.5192 -2.6276 -9.3382 0.0000 0.0000 0.0000
4.1056 -2.6552 -9.2729 0.0000 0.0000 0.0000
4.7427 -2.7879 -8.7077 0.0000 0.0000 0.0000
4.2298 -2.6420 -8.7024 0.0000 0.0000 0.0000
4.1189 -3.0488 -9.3900 0.0000 0.0000 0.0000
4.6271 -3.0377 -8.8500 0.0000 0.0000 0.0000
4.1416 -3.1659 -8.0611 0.0000 0.0000 0.0000
4.6850 -2.7004 -8.3435 0.0000 0.0000 0.0000
4.2872 -3.1709 -7.6329 0.0000 0.0000 0.0000
4.1118 -2.7556 -8.1912 0.0000 0.0000 0.0000
4.5530 -2.8631 -8.1556 0.0000 0.0000 0.0000
4.1850 -2.9652 -7.9922 0.0000 0.0000 0.0000
4.6969 -3.0584 -7.8996 0.0000 0.0000 0.0000
4.5573 -3.2350 -7.7959 0.0000 0.0000 0.0000
4.2736 -2.6102 -7.2139 0.0000 0.0000 0.0000
4.2123 -2.8500 -6.9289 0.0000 0.0000 0.0000
4.2458 -2.8564 -7.0392 0.0000 0.0000 0.0000
4.2011 -3.0323 -7.1217 0.0000 0.0000 0.0000
4.6952 -3.1818 -6.6373 0.0000 0.0000 0.0000
4.1933 -3.3937 -6.7558 0.0000 0.0000 0.0000
4.3375 -2.6081 -6.9706 0.0000 0.0000 0.0000
4.6991 -2.6774 -6.8139 0.0000 0.0000 0.0000
4.2069 -2.7000 -6.0503 0.0000 0.0000 0.0000
4.1465 -3.2834 -5.6519 0.0000 0.0000 0.0000
4.6933 -2.6206 -5.8974 0.0000 0.0000 0.0000
4.2343 -2.7478 -5.6081 0.0000 0.0000 0.0000
4.6886 -3.1336 -5.8544 0.0000 0.0000 0.0000
4.2113 -3.2342 -5.7084 0.0000 0.0000 0.0000
4.7697 -2.8558 -5.7382 0.0000 0.0000 0.0000
4.5170 -3.3724 -5.6097 0.0000 0.0000 0.0000
4.8618 -2.9076 -4.8364 0.0000 0.0000 0.0000
4.6522 -3.3845 -5.0854 0.0000 0.0000 0.0000
4.8203 -2.6564 -5.1304 0.0000 0.0000 0.0000
4.7679 -2.7440 -5.0871 0.0000 0.0000 0.0000
4.7917 -3.2958 -4.6665 0.0000 0.0000 0.0000
4.7707 -3.3617 -5.3614 0.0000 0.0000 0.0000
4.1516 -2.9639 -5.3428 0.0000 0.0000 0.0000
4.7448 -2.9560 -5.3590 0.0000 0.0000 0.0000
4.6537 -2.6400 -4.3962 0.0000 0.0000 0.0000
4.6251 -3.2340 -3.9107 0.0000 0.0000 0.0000
4.1567 -2.6633 -3.7990 0.0000 0.0000 0.0000
4.8448 -3.2599 -4.0372 0.0000 0.0000 0.0000
4.3193 -2.9747 -4.1054 0.0000 0.0000 0.0000
4.2613 -3.3661 -3.9138 0.0000 0.0000 0.0000
4.6813 -3.1653 -4.3670 0.0000 0.0000 0.0000
4.5600 -3.1258 -4.0604 0.0000 0.0000 0.0000
4.7811 -3.2104 -3.0001 0.0000 0.0000 0.0000
4.1298 -3.0198 -3.3066 0.0000 0.0000 0.0000
4.1779 -2.7211 -2.6363 0.0000 0.0000 0.0000
4.5522 -3.0348 -3.3350 0.0000 0.0000 0.0000
4.7467 -2.7315 -2.9824 0.0000 0.0000 0.0000
4.4176 -2.8299 -2.9275 0.0000 0.0000 0.0000
4.7585 -3.3008 -3.0774 0.0000 0.0000 0.0000
4.3902 -2.7386 -2.9309 0.0000 0.0000 0.0000
4.8871 -2.0910 -11.6928 0.0000 0.0000 0.0000
4.4865 -2.1958 -11.8673 0.0000 0.0000 0.0000
4.7978 -2.3760 -12.0165 0.0000 0.0000 0.0000
4.7076 -2.3902 -11.6735 0.0000 0.0000 0.0000
4.1546 -2.2556 -12.2306 0.0000 0.0000 0.0000
4.5343 -1.6842 -11.9258 0.0000 0.0000 0.0000
4.2401 -1.9614 -12.2418 0.0000 0.0000 0.0000
4.4011 -2.2411 -12.1714 0.0000 0.0000 0.0000
4.8904 -1.9634 -11.0515 0.0000 0.0000 0.0000
4.4601 -2.1758 -11.1327 0.0000 0.0000 0.0000
4.1187 -2.1871 -10.9657 0.0000 0.0000 0.0000
4.5312 -1.9240 -10.8037 0.0000 0.0000 0.0000
4.5038 -1.8332 -10.8445 0.0000 0.0000 0.0000
4.3339 -1.8470 -11.0724 0.0000 0.0000 0.0000
4.6820 -1.6232 -10.9496 0.0000 0.0000 0.0000
4.4821 -2.1792 -11.3767 0.0000 0.0000 0.0000
4.6764 -2.3536 -10.3545 0.0000 0.0000 0.0000
4.6840 -1.9484 -9.8119 0.0000 0.0000 0.0000
4.2388 -2.0939 -10.3105 0.0000 0.0000 0.0000
4.1937 -2.2441 -10.3312 0.0000 0.0000 0.0000
4.3217 -1.7845 -10.1025 0.0000 0.0000 0.0000
4.3708 -1.6936 -9.7624 0.0000 0.0000 0.0000
4.2742 -2.2125 -9.6482 0.0000 0.0000 0.0000
4.6374 -1.8982 -10.0600 0.0000 0.0000 0.0000
4.4879 -2.1898 -8.8759 0.0000 0.0000 0.0000
4.6868 -2.2397 -9.0529 0.0000 0.0000 0.0000
4.5052 -1.8577 -9.0275 0.0000 0.0000 0.0000
4.2577 -2.3995 -8.7625 0.0000 0.0000 0.0000
4.5399 -2.0377 -9.0601 0.0000 0.0000 0.0000
4.4022 -2.1756 -8.8930 0.0000 0.0000 0.0000
4.8899 -1.9695 -9.1625 0.0000 0.0000 0.0000
4.6739 -1.8129 -8.7383 0.0000 0.0000 0.0000
4.3666 -2.3954 -8.2070 0.0000 0.0000 0.0000
4.4241 -1.7087 -7.9202 0.0000 0.0000 0.0000
4.2279 -1.8203 -7.9799 0.0000 0.0000 0.0000
4.5588 -1.9758 -7.7449 0.0000 0.0000 0.0000
4.1377 -1.9509 -8.0396 0.0000 0.0000 0.0000
4.5527 -1.8781 -8.1881 0.0000 0.0000 0.0000
4.5159 -1.9547 -7.6379 0.0000 0.0000 0.0000
4.4099 -1.8213 -8.1121 0.0000 0.0000 0.0000
4.4076 -1.6189 -6.8446 0.0000 0.0000 0.0000
4.3545 -1.6528 -7.0006 0.0000 0.0000 0.0000
4.3667 -1.9806 -6.9352 0.0000 0.0000 0.0000
4.2569 -1.9555 -6.8619 0.0000 0.0000 0.0000
4.2932 -1.9188 -7.1642 0.0000 0.0000 0.0000
4.1962 -2.3615 -6.9172 0.0000 0.0000 0.0000
4.6907 -2.0828 -7.0769 0.0000 0.0000 0.0000
4.6177 -1.8948 -7.1533 0.0000 0.0000 0.0000
4.8293 -1.7788 -6.0678 0.0000 0.0000 0.0000
4.4785 -1.9543 -6.0842 0.0000 0.0000 0.0000
4.7368 -2.0929 -5.8101 0.0000 0.0000 0.0000
4.8725 -1.7433 -6.2517 0.0000 0.0000 0.0000
4.5822 -2.2617 -5.6332 0.0000 0.0000 0.0000
4.2869 -1.6283 -6.1864 0.0000 0.0000 0.0000
4.4812 -1.6684 -5.9255 0.0000 0.0000 0.0000
4.4548 -2.3869 -5.7312 0.0000 0.0000 0.0000
4.5592 -1.7952 -5.3454 0.0000 0.0000 0.0000
4.2043 -2.1367 -5.2015 0.0000 0.0000 0.0000
4.6857 -2.2047 -5.2886 0.0000 0.0000 0.0000
4.6945 -1.7767 -5.1794 0.0000 0.0000 0.0000
4.6922 -2.1382 -5.3630 0.0000 0.0000 0.0000
4.1081 -1.6183 -5.1350 0.0000 0.0000 0.0000
4.4521 -1.7130 -5.1554 0.0000 0.0000 0.0000
4.4307 -1.8132 -4.6234 0.0000 0.0000 0.0000
4.4059 -2.0169 -4.3599 0.0000 0.0000 0.0000
4.8654 -2.3426 -4.3043 0.0000 0.0000 0.0000
4.6816 -2.0981 -3.7145 0.0000 0.0000 0.0000
4.3586 -1.7842 -4.2754 0.0000 0.0000 0.0000
4.6571 -1.6613 -3.9272 0.0000 0.0000 0.0000
4.5817 -2.1218 -3.9160 0.0000 0.0000 0.0000
4.6886 -2.2222 -4.1470 0.0000 0.0000 0.0000
4.2423 -1.8315 -4.3622 0.0000 0.0000 0.0000
4.1288 -1.7406 -2.6527 0.0000 0.0000 0.0000
4.7735 -1.6644 -2.8137 0.0000 0.0000 0.0000
4.1159 -1.9361 -3.3281 0.0000 0.0000 0.0000
4.4784 -1.7980 -3.0280 0.0000 0.0000 0.0000
4.8856 -1.9101 -3.2991 0.0000 0.0000 0.0000
4.2201 -2.0981 -2.6361 0.0000 0.0000 0.0000
4.3270 -2.1428 -2.9911 0.0000 0.0000 0.0000
4.7301 -2.0572 -3.1515 0.0000 0.0000 0.0000
4.7035 -0.7515 -11.6443 0.0000 0.0000 0.0000
4.2145 -0.6774 -12.1007 0.0000 0.0000 0.0000
4.7105 -1.2064 -11.8410 0.0000 0.0000 0.0000
4.5661 -1.0424 -12.0489 0.0000 0.0000 0.0000
4.8314 -1.3811 -12.2488 0.0000 0.0000 0.0000
4.4200 -1.3094 -12.2812 0.0000 0.0000 0.0000
4.5323 -1.2034 -11.7816 0.0000 0.0000 0.0000
4.6855 -0.9166 -11.7560 0.0000 0.0000 0.0000
4.2164 -0.6733 -10.9624 0.0000 0.0000 0.0000
4.6217 -0.9926 -11.1041 0.0000 0.0000 0.0000
4.7142 -0.9567 -11.2822 0.0000 0.0000 0.0000
4.4793 -1.3407 -11.2658 0.0000 0.0000 0.0000
4.5277 -1.3827 -10.8572 0.0000 0.0000 0.0000
4.5330 -0.7520 -10.6309 0.0000 0.0000 0.0000
4.5805 -0.8529 -11.3510 0.0000 0.0000 0.0000
4.3129 -0.6898 -10.7507 0.0000 0.0000 0.0000
4.3086 -0.7678 -9.8377 0.0000 0.0000 0.0000
4.7084 -1.1331 -9.6632 0.0000 0.0000 0.0000
4.3530 -1.3062 -9.7144 0.0000 0.0000 0.0000
4.4636 -1.0240 -10.1080 0.0000 0.0000 0.0000
4.8054 -0.9830 -10.2073 0.0000 0.0000 0.0000
4.5977 -1.2696 -10.2103 0.0000 0.0000 0.0000
4.2503 -1.1343 -9.7172 0.0000 0.0000 0.0000
4.1984 -0.8356 -10.1295 0.0000 0.0000 0.0000
4.4406 -1.0115 -8.8385 0.0000 0.0000 0.0000
4.7171 -1.0343 -8.6567 0.0000 0.0000 0.0000
4.4943 -1.2019 -9.0698 0.0000 0.0000 0.0000
4.2009 -1.2367 -8.8962 0.0000 0.0000 0.0000
4.5888 -1.3367 -9.3859 0.0000 0.0000 0.0000
4.1839 -1.0406 -8.7855 0.0000 0.0000 0.0000
4.5589 -0.8292 -9.2648 0.0000 0.0000 0.0000
4.4660 -0.8101 -8.6771 0.0000 0.0000 0.0000
4.3103 -1.2003 -7.6012 0.0000 0.0000 0.0000
4.3651 -1.0973 -8.2753 0.0000 0.0000 0.0000
4.4722 -0.7577 -7.6440 0.0000 0.0000 0.0000
4.6528 -1.1921 -7.6994 0.0000 0.0000 0.0000
4.4701 -1.2079 -8.1275 0.0000 0.0000 0.0000
4.5612 -1.2234 -7.7790 0.0000 0.0000 0.0000
4.6908 -0.7608 -7.8576 0.0000 0.0000 0.0000
4.2362 -1.2172 -7.9042 0.0000 0.0000 0.0000
4.8454 -0.9356 -6.9574 0.0000 0.0000 0.0000
4.1265 -1.2700 -6.6597 0.0000 0.0000 0.0000
4.2773 -0.9684 -7.1139 0.0000 0.0000 0.0000
4.1106 -0.7426 -7.1263 0.0000 0.0000 0.0000
4.1517 -0.9980 -6.6483 0.0000 0.0000 0.0000
4.8402 -1.0998 -6.8904 0.0000 0.0000 0.0000
4.5935 -0.9309 -6.7599 0.0000 0.0000 0.0000
4.7157 -1.3511 -7.0354 0.0000 0.0000 0.0000
4.7717 -1.3461 -5.6116 0.0000 0.0000 0.0000
4.5012 -1.3137 -5.9474 0.0000 0.0000 0.0000
4.6051 -0.9790 -5.9629 0.0000 0.0000 0.0000
4.2270 -0.6641 -6.2802 0.0000 0.0000 0.0000
4.6225 -1.0874 -6.3236 0.0000 0.0000 0.0000
4.8760 -1.2784 -5.9852 0.0000 0.0000 0.0000
4.6130 -0.9057 -6.3916 0.0000 0.0000 0.0000
4.8089 -1.0223 -6.2061 0.0000 0.0000 0.0000
4.7607 -1.2244 -5.0109 0.0000 0.0000 0.0000
4.8857 -1.2244 -4.9474 0.0000 0.0000 0.0000
4.1572 -1.1483 -5.2505 0.0000 0.0000 0.0000
4.5449 -0.8544 -4.9049 0.0000 0.0000 0.0000
4.5195 -1.2045 -5.0024 0.0000 0.0000 0.0000
4.5452 -1.1337 -4.9363 0.0000 0.0000 0.0000
4.7940 -1.2567 -4.6261 0.0000 0.0000 0.0000
4.3677 -0.8131 -5.1105 0.0000 0.0000 0.0000
4.3497 -1.1755 -4.1091 0.0000 0.0000 0.0000
4.7732 -0.6478 -3.7169 0.0000 0.0000 0.0000
4.4409 -1.2500 -3.7624 0.0000 0.0000 0.0000
4.4360 -0.6518 -4.3700 0.0000 0.0000 0.0000
4.7976 -0.9773 -3.7490 0.0000 0.0000 0.0000
4.4130 -0.7710 -3.7356 0.0000 0.0000 0.0000
4.7833 -0.9165 -4.0835 0.0000 0.0000 0.0000
4.3514 -0.8287 -4.2595 0.0000 0.0000 0.0000
4.6512 -1.1932 -2.6983 0.0000 0.0000 0.0000
4.2463 -0.9352 -3.3934 0.0000 0.0000 0.0000
4.5582 -0.9789 -3.1366 0.0000 0.0000 0.0000
4.5847 -0.9037 -2.8527 0.0000 0.0000 0.0000
4.6112 -0.7940 -3.1845 0.0000 0.0000 0.0000
4.3615 -1.1179 -3.0352 0.0000 0.0000 0.0000
4.7709 -0.9715 -2.6160 0.0000 0.0000 0.0000
4.3651 -1.1801 -3.3837 0.0000 0.0000 0.0000
4.2111 0.2515 -11.6856 0.0000 0.0000 0.0000
4.4781 -0.0374 -12.1151 0.0000 0.0000 0.0000
4.3237 0.3585 -11.9665 0.0000 0.0000 0.0000
4.1804 0.0339 -11.6256 0.0000 0.0000 0.0000
4.1875 -0.3817 -11.7453 0.0000 0.0000 0.0000
4.4363 0.3351 -11.8660 0.0000 0.0000 0.0000
4.1489 -0.0749 -11.7166 0.0000 0.0000 0.0000
4.5287 -0.3816 -12.3384 0.0000 0.0000 0.0000
4.3258 0.0764 -11.1458 0.0000 0.0000 0.0000
4.7112 -0.3864 -10.6713 0.0000 0.0000 0.0000
4.1557 0.1517 -11.1845 0.0000 0.0000 0.0000
4.8712 -0.2266 -10.6018 0.0000 0.0000 0.0000
4.6006 0.2875 -10.7373 0.0000 0.0000 0.0000
4.4772 0.1690 -11.1249 0.0000 0.0000 0.0000
4.3339 0.1422 -11.2719 0.0000 0.0000 0.0000
4.7101 -0.0966 -11.1839 0.0000 0.0000 0.0000
4.1672 0.0881 -9.8644 0.0000 0.0000 0.0000
4.6038 -0.3651 -9.8284 0.0000 0.0000 0.0000
4.8585 0.3738 -9.9230 0.0000 0.0000 0.0000
4.7830 -0.0723 -9.9589 0.0000 0.0000 0.0000
4.7551 0.2065 -9.6207 0.0000 0.0000 0.0000
4.5291 -0.1257 -10.1664 0.0000 0.0000 0.0000
4.1823 -0.1182 -10.0556 0.0000 0.0000 0.0000
4.3550 0.1088 -9.8901 0.0000 0.0000 0.0000
4.3137 0.2840 -9.1518 0.0000 0.0000 0.0000
4.5092 0.3124 -8.7291 0.0000 0.0000 0.0000
4.8372 -0.0678 -8.7561 0.0000 0.0000 0.0000
4.5998 0.2662 -8.8747 0.0000 0.0000 0.0000
4.3059 -0.0553 -8.9865 0.0000 0.0000 0.0000
4.7671 0.1338 -9.2981 0.0000 0.0000 0.0000
4.4895 -0.1374 -9.1769 0.0000 0.0000 0.0000
4.6319 -0.3731 -9.2031 0.0000 0.0000 0.0000
4.5031 0.3089 -8.2471 0.0000 0.0000 0.0000
4.7319 -0.0298 -7.7295 0.0000 0.0000 0.0000
4.5584 0.2694 -7.7093 0.0000 0.0000 0.0000
4.5274 0.3846 -8.2170 0.0000 0.0000 0.0000
4.8121 -0.1095 -8.1667 0.0000 0.0000 0.0000
4.5235 -0.0198 -7.8469 0.0000 0.0000 0.0000
4.2459 -0.2721 -7.9602 0.0000 0.0000 0.0000
4.6030 0.1334 -8.0355 0.0000 0.0000 0.0000
4.4263 -0.0477 -7.3644 0.0000 0.0000 0.0000
4.2574 0.3597 -7.2337 0.0000 0.0000 0.0000
4.2970 0.3706 -6.9256 0.0000 0.0000 0.0000
4.5563 0.0723 -6.6847 0.0000 0.0000 0.0000
4.8489 -0.3570 -6.8195 0.0000 0.0000 0.0000
4.5787 -0.0301 -7.3337 0.0000 0.0000 0.0000
4.6274 -0.0468 -6.8380 0.0000 0.0000 0.0000
4.2461 -0.1530 -7.0928 0.0000 0.0000 0.0000
4.5427 -0.3457 -6.3997 0.0000 0.0000 0.0000
4.1512 0.1272 -6.2684 0.0000 0.0000 0.0000
4.6182 0.2043 -5.8786 0.0000 0.0000 0.0000
4.8542 -0.3281 -6.3292 0.0000 0.0000 0.0000
4.7818 0.3386 -6.0561 0.0000 0.0000 0.0000
4.8325 0.3237 -5.7010 0.0000 0.0000 0.0000
4.8208 0.1442 -6.0833 0.0000 0.0000 0.0000
4.8841 -0.0802 -5.8445 0.0000 0.0000 0.0000
4.4586 0.2643 -4.9408 0.0000 0.0000 0.0000
4.1096 -0.2691 -4.8874 0.0000 0.0000 0.0000
4.5652 -0.0044 -5.2582 0.0000 0.0000 0.0000
4.6425 0.2265 -5.0221 0.0000 0.0000 0.0000
4.5598 0.1462 -5.3148 0.0000 0.0000 0.0000
4.8781 0.0736 -4.7891 0.0000 0.0000 0.0000
4.6279 -0.2213 -5.0583 0.0000 0.0000 0.0000
4.8619 0.3882 -5.2025 0.0000 0.0000 0.0000
4.5272 -0.0425 -4.1864 0.0000 0.0000 0.0000
4.2375 -0.3029 -4.0013 0.0000 0.0000 0.0000
4.1958 -0.0228 -4.1885 0.0000 0.0000 0.0000
4.8439 0.2772 -3.6704 0.0000 0.0000 0.0000
4.4357 0.1421 -3.6657 0.0000 0.0000 0.0000
4.2697 0.1927 -4.1201 0.0000 0.0000 0.0000
4.4697 0.3080 -4.3085 0.0000 0.0000 0.0000
4.8786 -0.0417 -4.3799 0.0000 0.0000 0.0000
4.8197 0.2803 -2.8810 0.0000 0.0000 0.0000
4.5498 -0.0449 -2.8568 0.0000 0.0000 0.0000
4.6225 -0.3347 -2.7351 0.0000 0.0000 0.0000
4.4704 0.1198 -3.0078 0.0000 0.0000 0.0000
4.4948 0.2976 -3.1383 0.0000 0.0000 0.0000
4.3205 0.2386 -3.2862 0.0000 0.0000 0.0000
4.3321 0.3260 -3.2635 0.0000 0.0000 0.0000
4.8249 -0.2290 -2.9430 0.0000 0.0000 0.0000
4.3635 0.7873 -12.0046 0.0000 0.0000 0.0000
4.5699 0.9561 -12.1731 0.0000 0.0000 0.0000
4.3421 0.7206 -11.9541 0.0000 0.0000 0.0000
4.3502 0.6848 -11.9105 0.0000 0.0000 0.0000
4.5964 1.2475 -12.0246 0.0000 0.0000 0.0000
4.4235 1.2308 -12.2191 0.0000 0.0000 0.0000
4.2941 0.6768 -11.6860 0.0000 0.0000 0.0000
4.2480 0.6875 -12.2701 0.0000 0.0000 0.0000
4.2630 0.6724 -10.7049 0.0000 0.0000 0.0000
4.4696 1.0842 -10.6032 0.0000 0.0000 0.0000
4.5018 1.3232 -10.6049 0.0000 0.0000 0.0000
4.3845 0.9849 -11.1659 0.0000 0.0000 0.0000
4.6510 0.9629 -11.1845 0.0000 0.0000 0.0000
4.1820 0.8204 -11.1078 0.0000 0.0000 0.0000
4.1948 0.8716 -11.1764 0.0000 0.0000 0.0000
4.3114 0.6558 -11.2958 0.0000 0.0000 0.0000
4.4144 0.9547 -10.3838 0.0000 0.0000 0.0000
4.6994 0.7918 -10.3401 0.0000 0.0000 0.0000
4.5284 0.8277 -10.1787 0.0000 0.0000 0.0000
4.7350 1.0183 -9.8185 0.0000 0.0000 0.0000
4.5186 1.1787 -9.7975 0.0000 0.0000 0.0000
4.8107 0.6740 -10.2689 0.0000 0.0000 0.0000
4.5020 1.0348 -10.0739 0.0000 0.0000 0.0000
4.3836 0.8354 -10.2909 0.0000 0.0000 0.0000
4.7604 0.8249 -9.2948 0.0000 0.0000 0.0000
4.2303 0.6968 -8.8747 0.0000 0.0000 0.0000
4.7833 1.2659 -9.0266 0.0000 0.0000 0.0000
4.5126 0.7970 -9.3524 0.0000 0.0000 0.0000
4.6875 0.9551 -9.1083 0.0000 0.0000 0.0000
4.6539 1.0992 -8.7484 0.0000 0.0000 0.0000
4.1494 0.9068 -8.7676 0.0000 0.0000 0.0000
4.8771 1.0626 -9.2436 0.0000 0.0000 0.0000
4.4338 1.3887 -8.1990 0.0000 0.0000 0.0000
4.8474 0.6659 -7.7494 0.0000 0.0000 0.0000
4.3625 0.7492 -7.7621 0.0000 0.0000 0.0000
4.7347 0.8663 -7.6832 0.0000 0.0000 0.0000
4.8839 1.0928 -8.3775 0.0000 0.0000 0.0000
4.4612 0.9903 -7.8990 0.0000 0.0000 0.0000
4.7441 0.6901 -7.6628 0.0000 0.0000 0.0000
4.2237 1.3129 -7.9515 0.0000 0.0000 0.0000
4.7010 1.3276 -6.9249 0.0000 0.0000 0.0000
4.7797 0.9343 -6.7818 0.0000 0.0000 0.0000
4.7808 1.0194 -7.1837 0.0000 0.0000 0.0000
4.5195 0.8919 -6.8796 0.0000 0.0000 0.0000
4.3612 1.2878 -6.9270 0.0000 0.0000 0.0000
4.8943 1.2537 -7.0078 0.0000 0.0000 0.0000
4.5799 1.3569 -7.3515 0.0000 0.0000 0.0000
4.6935 0.9099 -6.6494 0.0000 0.0000 0.0000
4.7545 0.9276 -6.3051 0.0000 0.0000 0.0000
4.1055 0.6841 -5.8192 0.0000 0.0000 0.0000
4.4645 0.9752 -6.1981 0.0000 0.0000 0.0000
4.1158 0.7053 -5.6797 0.0000 0.0000 0.0000
4.1790 0.7757 -5.6929 0.0000 0.0000 0.0000
4.4360 0.7771 -6.2397 0.0000 0.0000 0.0000
4.3910 0.6397 -5.8814 0.0000 0.0000 0.0000
4.8866 1.0019 -5.6439 0.0000 0.0000 0.0000
4.7495 0.9902 -5.1187 0.0000 0.0000 0.0000
4.7042 0.9741 -5.0423 0.0000 0.0000 0.0000
4.1678 0.6644 -5.1425 0.0000 0.0000 0.0000
4.8098 0.6072 -5.3940 0.0000 0.0000 0.0000
4.1137 0.9083 -5.3546 0.0000 0.0000 0.0000
4.4894 1.1402 -4.7539 0.0000 0.0000 0.0000
4.6101 0.8439 -4.7395 0.0000 0.0000 0.0000
4.2714 0.9831 -4.8473 0.0000 0.0000 0.0000
4.1280 1.0042 -3.9397 0.0000 0.0000 0.0000
4.8006 0.9518 -3.9432 0.0000 0.0000 0.0000
4.2089 0.7007 -4.0192 0.0000 0.0000 0.0000
4.2946 1.0232 -3.7802 0.0000 0.0000 0.0000
4.5795 1.0629 -3.7877 0.0000 0.0000 0.0000
4.1190 0.7626 -4.3688 0.0000 0.0000 0.0000
4.5114 1.0072 -3.6812 0.0000 0.0000 0.0000
4.4059 0.7773 -4.1981 0.0000 0.0000 0.0000
4.3210 0.7984 -3.1408 0.0000 0.0000 0.0000
4.2260 0.9337 -2.6469 0.0000 0.0000 0.0000
4.1857 0.9580 -2.6811 0.0000 0.0000 0.0000
4.8197 1.3470 -2.8085 0.0000 0.0000 0.0000
4.1679 1.3218 -2.6445 0.0000 0.0000 0.0000
4.1827 0.8583 -2.9590 0.0000 0.0000 0.0000
4.1363 0.8297 -2.7845 0.0000 0.0000 0.0000
4.5323 1.1172 -2.9815 0.0000 0.0000 0.0000
4.3266 2.0208 -11.8681 0.0000 0.0000 0.0000
4.8570 1.9800 -12.3636 0.0000 0.0000 0.0000
4.3448 1.8681 -11.8869 0.0000 0.0000 0.0000
4.5217 1.9022 -11.9360 0.0000 0.0000 0.0000
4.1435 1.6216 -11.6351 0.0000 0.0000 0.0000
4.7388 2.3684 -12.3502 0.0000 0.0000 0.0000
4.2133 2.3624 -12.1239 0.0000 0.0000 0.0000
4.1025 2.1581 -11.6973 0.0000 0.0000 0.0000
4.6026 2.1295 -11.2876 0.0000 0.0000 0.0000
4.8309 2.1175 -10.7718 0.0000 0.0000 0.0000
4.3925 2.0219 -11.2257 0.0000 0.0000 0.0000
4.2290 1.7939 -11.0786 0.0000 0.0000 0.0000
4.1018 1.6054 -11.0140 0.0000 0.0000 0.0000
4.4442 1.8403 -11.1961 0.0000 0.0000 0.0000
4.8477 1.9350 -10.7131 0.0000 0.0000 0.0000
4.4270 2.3357 -11.2709 0.0000 0.0000 0.0000
4.8747 2.2596 -9.6680 0.0000 0.0000 0.0000
4.2859 2.2153 -10.0592 0.0000 0.0000 0.0000
4.2278 1.9173 -9.9755 0.0000 0.0000 0.0000
4.3907 2.1914 -9.6299 0.0000 0.0000 0.0000
4.2476 1.7909 -9.8241 0.0000 0.0000 0.0000
4.2900 2.0457 -10.0114 0.0000 0.0000 0.0000
4.6507 2.2825 -9.7930 0.0000 0.0000 0.0000
4.4269 1.6746 -9.6577 0.0000 0.0000 0.0000
4.2722 2.1837 -9.2112 0.0000 0.0000 0.0000
4.4867 2.0518 -9.0954 0.0000 0.0000 0.0000
4.7749 2.1139 -8.7875 0.0000 0.0000 0.0000
4.4687 1.7793 -8.8934 0.0000 0.0000 0.0000
4.6606 2.3382 -9.2647 0.0000 0.0000 0.0000
4.8798 1.7955 -9.2768 0.0000 0.0000 0.0000
4.4330 1.7499 -9.1417 0.0000 0.0000 0.0000
4.1988 2.1316 -9.1579 0.0000 0.0000 0.0000
4.6438 2.3557 -7.8457 0.0000 0.0000 0.0000
4.2326 2.3643 -8.2771 0.0000 0.0000 0.0000
4.7977 1.8089 -8.3747 0.0000 0.0000 0.0000
4.1996 2.3639 -8.0977 0.0000 0.0000 0.0000
4.5098 2.1470 -8.3927 0.0000 0.0000 0.0000
4.3921 2.0545 -7.6528 0.0000 0.0000 0.0000
4.4019 1.8374 -7.6515 0.0000 0.0000 0.0000
4.7890 1.8640 -8.2113 0.0000 0.0000 0.0000
4.2878 1.9382 -7.2835 0.0000 0.0000 0.0000
4.2081 2.3199 -6.9161 0.0000 0.0000 0.0000
4.1143 1.6809 -6.6144 0.0000 0.0000 0.0000
4.1164 2.1170 -7.2856 0.0000 0.0000 0.0000
4.8723 2.2283 -6.9638 0.0000 0.0000 0.0000
4.2981 2.0330 -7.3535 0.0000 0.0000 0.0000
4.3916 2.0110 -7.2623 0.0000 0.0000 0.0000
4.6817 1.9050 -7.3975 0.0000 0.0000 0.0000
4.7393 1.7344 -5.8428 0.0000 0.0000 0.0000
4.2375 1.9146 -5.6912 0.0000 0.0000 0.0000
4.2856 1.9317 -6.0205 0.0000 0.0000 0.0000
4.5541 1.9138 -6.3025 0.0000 0.0000 0.0000
4.7347 2.2213 -6.1563 0.0000 0.0000 0.0000
4.5410 2.1820 -6.2011 0.0000 0.0000 0.0000
4.3753 2.0125 -5.6096 0.0000 0.0000 0.0000
4.4952 1.8181 -6.1425 0.0000 0.0000 0.0000
4.7488 2.1062 -5.3835 0.0000 0.0000 0.0000
4.5179 2.0807 -5.0742 0.0000 0.0000 0.0000
4.3424 2.0314 -4.6654 0.0000 0.0000 0.0000
4.1151 2.1228 -5.2183 0.0000 0.0000 0.0000
4.5352 1.6276 -4.7331 0.0000 0.0000 0.0000
4.3429 1.9700 -5.0535 0.0000 0.0000 0.0000
4.8111 1.7759 -5.1225 0.0000 0.0000 0.0000
4.8486 1.6741 -5.0265 0.0000 0.0000 0.0000
4.4135 2.1434 -4.0185 0.0000 0.0000 0.0000
4.8180 1.9744 -4.2895 0.0000 0.0000 0.0000
4.4226 1.9300 -4.2483 0.0000 0.0000 0.0000
4.5148 1.6853 -3.6120 0.0000 0.0000 0.0000
4.6510 1.6675 -3.8714 0.0000 0.0000 0.0000
4.6081 1.9720 -4.1585 0.0000 0.0000 0.0000
4.7418 2.2182 -3.8464 0.0000 0.0000 0.0000
4.1776 2.0548 -3.9503 0.0000 0.0000 0.0000
4.1214 2.1995 -3.2127 0.0000 0.0000 0.0000
4.3380 1.8807 -2.9191 0.0000 0.0000 0.0000
4.2074 2.0798 -2.8332 0.0000 0.0000 0.0000
4.3824 2.0950 -3.3018 0.0000 0.0000 0.0000
4.3852 1.9180 -2.8194 0.0000 0.0000 0.0000
4.6752 1.7339 -2.9928 0.0000 0.0000 0.0000
4.8756 2.0022 -2.8535 0.0000 0.0000 0.0000
4.1589 1.7945 -2.8767 0.0000 0.0000 0.0000
